genome1	genome2	blastANI
GCA_001443625.1_ASM144362v1_genomic.fna	GCA_001517125.1_ASM151712v1_genomic.fna	81.3961
GCA_001443625.1_ASM144362v1_genomic.fna	GCA_008016805.1_ASM801680v1_genomic.fna	81.5506
GCA_001443625.1_ASM144362v1_genomic.fna	GCA_014649355.1_ASM1464935v1_genomic.fna	81.5141
GCA_001443625.1_ASM144362v1_genomic.fna	GCA_014649615.1_ASM1464961v1_genomic.fna	81.492
GCA_001443625.1_ASM144362v1_genomic.fna	GCA_016893525.2_ASM1689352v2_genomic.fna	81.5315
GCA_001443625.1_ASM144362v1_genomic.fna	GCA_036226585.1_ASM3622658v1_genomic.fna	82.0917
GCA_001443625.1_ASM144362v1_genomic.fna	GCA_040296585.1_ASM4029658v1_genomic.fna	81.9758
GCA_001443625.1_ASM144362v1_genomic.fna	GCA_044755365.1_ASM4475536v1_genomic.fna	81.2015
GCA_001443625.1_ASM144362v1_genomic.fna	GCA_048656505.1_ASM4865650v1_genomic.fna	79.8243
GCA_001443625.1_ASM144362v1_genomic.fna	GCA_049998235.1_ASM4999823v1_genomic.fna	81.9881
GCA_001443625.1_ASM144362v1_genomic.fna	GCA_049998315.1_ASM4999831v1_genomic.fna	81.6542
GCA_001443625.1_ASM144362v1_genomic.fna	GCA_050604645.1_ASM5060464v1_genomic.fna	81.4979
GCA_001443625.1_ASM144362v1_genomic.fna	GCA_050605165.1_ASM5060516v1_genomic.fna	81.61
GCA_001443625.1_ASM144362v1_genomic.fna	GCA_050605505.1_ASM5060550v1_genomic.fna	81.5871
GCA_001443625.1_ASM144362v1_genomic.fna	GCA_050608825.1_ASM5060882v1_genomic.fna	81.5572
GCA_001443625.1_ASM144362v1_genomic.fna	GCA_963761325.1_MFD05502.bin.1.233_genomic.fna	79.8757
GCA_001443625.1_ASM144362v1_genomic.fna	GCA_965650905.1_SRR15517647_binner13_Refined_2_genomic.fna	81.3803
GCA_001443625.1_ASM144362v1_genomic.fna	GCA_965654005.1_SRR29654717_concoct_46_genomic.fna	80.6953
GCA_001443625.1_ASM144362v1_genomic.fna	GCF_000367365.1_ASM36736v1_genomic.fna	81.0724
GCA_001443625.1_ASM144362v1_genomic.fna	GCF_000695235.1_ASM69523v1_genomic.fna	81.2268
GCA_001443625.1_ASM144362v1_genomic.fna	GCF_000716335.1_ASM71633v1_genomic.fna	82.888
GCA_001443625.1_ASM144362v1_genomic.fna	GCF_000717745.1_ASM71774v1_genomic.fna	80.989
GCA_001443625.1_ASM144362v1_genomic.fna	GCF_000719655.1_ASM71965v1_genomic.fna	82.2722
GCA_001443625.1_ASM144362v1_genomic.fna	GCF_000721105.1_ASM72110v1_genomic.fna	81.3211
GCA_001443625.1_ASM144362v1_genomic.fna	GCF_000721435.1_ASM72143v1_genomic.fna	81.6873
GCA_001443625.1_ASM144362v1_genomic.fna	GCF_000725705.1_Doro.v1.0_genomic.fna	82.0396
GCA_001443625.1_ASM144362v1_genomic.fna	GCF_001013905.1_sleC34_genomic.fna	81.6916
GCA_001443625.1_ASM144362v1_genomic.fna	GCF_001187435.1_ASM118743v1_genomic.fna	81.3372
GCA_001443625.1_ASM144362v1_genomic.fna	GCF_001279485.1_ASM127948v1_genomic.fna	82.1125
GCA_001443625.1_ASM144362v1_genomic.fna	GCF_001280885.1_ASM128088v1_genomic.fna	82.1378
GCA_001443625.1_ASM144362v1_genomic.fna	GCF_001418135.1_ASM141813v1_genomic.fna	88.7115
GCA_001443625.1_ASM144362v1_genomic.fna	GCF_001418175.1_ASM141817v1_genomic.fna	81.4809
GCA_001443625.1_ASM144362v1_genomic.fna	GCF_001427565.1_Root63_genomic.fna	82.0607
GCA_001443625.1_ASM144362v1_genomic.fna	GCF_001493375.1_Streptomyces_specialis_genomic.fna	79.3824
GCA_001443625.1_ASM144362v1_genomic.fna	GCF_001751255.1_ASM175125v1_genomic.fna	79.5983
GCA_001443625.1_ASM144362v1_genomic.fna	GCF_001941845.1_ASM194184v1_genomic.fna	82.2184
GCA_001443625.1_ASM144362v1_genomic.fna	GCF_001970135.1_ASM197013v1_genomic.fna	81.4634
GCA_001443625.1_ASM144362v1_genomic.fna	GCF_002300165.1_ASM230016v1_genomic.fna	81.6667
GCA_001443625.1_ASM144362v1_genomic.fna	GCF_002551065.1_ASM255106v1_genomic.fna	82.1542
GCA_001443625.1_ASM144362v1_genomic.fna	GCF_003259355.1_ASM325935v1_genomic.fna	79.4337
GCA_001443625.1_ASM144362v1_genomic.fna	GCF_003977835.1_ASM397783v1_genomic.fna	81.3127
GCA_001443625.1_ASM144362v1_genomic.fna	GCF_004122755.1_ASM412275v1_genomic.fna	81.2422
GCA_001443625.1_ASM144362v1_genomic.fna	GCF_004524875.1_ASM452487v1_genomic.fna	81.6469
GCA_001443625.1_ASM144362v1_genomic.fna	GCF_004684805.1_ASM468480v1_genomic.fna	80.9261
GCA_001443625.1_ASM144362v1_genomic.fna	GCF_005405925.1_ASM540592v1_genomic.fna	80.7781
GCA_001443625.1_ASM144362v1_genomic.fna	GCF_005519465.1_ASM551946v1_genomic.fna	81.9119
GCA_001443625.1_ASM144362v1_genomic.fna	GCF_005869865.1_ASM586986v1_genomic.fna	81.3321
GCA_001443625.1_ASM144362v1_genomic.fna	GCF_005981935.1_ASM598193v1_genomic.fna	82.3368
GCA_001443625.1_ASM144362v1_genomic.fna	GCF_009862245.1_ASM986224v1_genomic.fna	82.1395
GCA_001443625.1_ASM144362v1_genomic.fna	GCF_009862405.1_ASM986240v1_genomic.fna	80.7055
GCA_001443625.1_ASM144362v1_genomic.fna	GCF_009865405.1_ASM986540v1_genomic.fna	81.8044
GCA_001443625.1_ASM144362v1_genomic.fna	GCF_010548705.1_ASM1054870v1_genomic.fna	82.2292
GCA_001443625.1_ASM144362v1_genomic.fna	GCF_014138545.1_ASM1413854v1_genomic.fna	81.6221
GCA_001443625.1_ASM144362v1_genomic.fna	GCF_014207295.1_ASM1420729v1_genomic.fna	81.464
GCA_001443625.1_ASM144362v1_genomic.fna	GCF_014648555.1_ASM1464855v1_genomic.fna	78.9884
GCA_001443625.1_ASM144362v1_genomic.fna	GCF_014648695.1_ASM1464869v1_genomic.fna	81.215
GCA_001443625.1_ASM144362v1_genomic.fna	GCF_014649415.1_ASM1464941v1_genomic.fna	82.1928
GCA_001443625.1_ASM144362v1_genomic.fna	GCF_014649435.1_ASM1464943v1_genomic.fna	81.5298
GCA_001443625.1_ASM144362v1_genomic.fna	GCF_014649515.1_ASM1464951v1_genomic.fna	81.5602
GCA_001517125.1_ASM151712v1_genomic.fna	GCA_008016805.1_ASM801680v1_genomic.fna	83.4854
GCA_001517125.1_ASM151712v1_genomic.fna	GCA_014649355.1_ASM1464935v1_genomic.fna	84.1064
GCA_001517125.1_ASM151712v1_genomic.fna	GCA_014649615.1_ASM1464961v1_genomic.fna	84.0992
GCA_001517125.1_ASM151712v1_genomic.fna	GCA_016893525.2_ASM1689352v2_genomic.fna	84.1882
GCA_001517125.1_ASM151712v1_genomic.fna	GCA_036226585.1_ASM3622658v1_genomic.fna	81.3037
GCA_001517125.1_ASM151712v1_genomic.fna	GCA_040296585.1_ASM4029658v1_genomic.fna	83.5166
GCA_001517125.1_ASM151712v1_genomic.fna	GCA_044755365.1_ASM4475536v1_genomic.fna	83.5262
GCA_001517125.1_ASM151712v1_genomic.fna	GCA_048656505.1_ASM4865650v1_genomic.fna	79.9451
GCA_001517125.1_ASM151712v1_genomic.fna	GCA_049998235.1_ASM4999823v1_genomic.fna	80.9696
GCA_001517125.1_ASM151712v1_genomic.fna	GCA_049998315.1_ASM4999831v1_genomic.fna	88.3469
GCA_001517125.1_ASM151712v1_genomic.fna	GCA_050604645.1_ASM5060464v1_genomic.fna	92.8343
GCA_001517125.1_ASM151712v1_genomic.fna	GCA_050605165.1_ASM5060516v1_genomic.fna	92.9471
GCA_001517125.1_ASM151712v1_genomic.fna	GCA_050605505.1_ASM5060550v1_genomic.fna	92.9369
GCA_001517125.1_ASM151712v1_genomic.fna	GCA_050608825.1_ASM5060882v1_genomic.fna	92.9058
GCA_001517125.1_ASM151712v1_genomic.fna	GCA_963761325.1_MFD05502.bin.1.233_genomic.fna	79.7941
GCA_001517125.1_ASM151712v1_genomic.fna	GCA_965650905.1_SRR15517647_binner13_Refined_2_genomic.fna	82.8014
GCA_001517125.1_ASM151712v1_genomic.fna	GCA_965654005.1_SRR29654717_concoct_46_genomic.fna	83.1114
GCA_001517125.1_ASM151712v1_genomic.fna	GCF_000367365.1_ASM36736v1_genomic.fna	82.9697
GCA_001517125.1_ASM151712v1_genomic.fna	GCF_000695235.1_ASM69523v1_genomic.fna	80.9683
GCA_001517125.1_ASM151712v1_genomic.fna	GCF_000716335.1_ASM71633v1_genomic.fna	81.689
GCA_001517125.1_ASM151712v1_genomic.fna	GCF_000717745.1_ASM71774v1_genomic.fna	80.8533
GCA_001517125.1_ASM151712v1_genomic.fna	GCF_000719655.1_ASM71965v1_genomic.fna	81.3914
GCA_001517125.1_ASM151712v1_genomic.fna	GCF_000721105.1_ASM72110v1_genomic.fna	84.1011
GCA_001517125.1_ASM151712v1_genomic.fna	GCF_000721435.1_ASM72143v1_genomic.fna	84.2186
GCA_001517125.1_ASM151712v1_genomic.fna	GCF_000725705.1_Doro.v1.0_genomic.fna	81.0558
GCA_001517125.1_ASM151712v1_genomic.fna	GCF_001013905.1_sleC34_genomic.fna	85.4719
GCA_001517125.1_ASM151712v1_genomic.fna	GCF_001187435.1_ASM118743v1_genomic.fna	80.7352
GCA_001517125.1_ASM151712v1_genomic.fna	GCF_001279485.1_ASM127948v1_genomic.fna	81.0242
GCA_001517125.1_ASM151712v1_genomic.fna	GCF_001280885.1_ASM128088v1_genomic.fna	81.0207
GCA_001517125.1_ASM151712v1_genomic.fna	GCF_001418135.1_ASM141813v1_genomic.fna	81.6417
GCA_001517125.1_ASM151712v1_genomic.fna	GCF_001418175.1_ASM141817v1_genomic.fna	84.6248
GCA_001517125.1_ASM151712v1_genomic.fna	GCF_001427565.1_Root63_genomic.fna	81.2155
GCA_001517125.1_ASM151712v1_genomic.fna	GCF_001493375.1_Streptomyces_specialis_genomic.fna	79.4234
GCA_001517125.1_ASM151712v1_genomic.fna	GCF_001751255.1_ASM175125v1_genomic.fna	79.5774
GCA_001517125.1_ASM151712v1_genomic.fna	GCF_001941845.1_ASM194184v1_genomic.fna	81.1447
GCA_001517125.1_ASM151712v1_genomic.fna	GCF_001970135.1_ASM197013v1_genomic.fna	98.5567
GCA_001517125.1_ASM151712v1_genomic.fna	GCF_002300165.1_ASM230016v1_genomic.fna	83.3902
GCA_001517125.1_ASM151712v1_genomic.fna	GCF_002551065.1_ASM255106v1_genomic.fna	81.2016
GCA_001517125.1_ASM151712v1_genomic.fna	GCF_003259355.1_ASM325935v1_genomic.fna	79.5542
GCA_001517125.1_ASM151712v1_genomic.fna	GCF_003977835.1_ASM397783v1_genomic.fna	84.4369
GCA_001517125.1_ASM151712v1_genomic.fna	GCF_004122755.1_ASM412275v1_genomic.fna	80.8572
GCA_001517125.1_ASM151712v1_genomic.fna	GCF_004524875.1_ASM452487v1_genomic.fna	80.8507
GCA_001517125.1_ASM151712v1_genomic.fna	GCF_004684805.1_ASM468480v1_genomic.fna	80.6973
GCA_001517125.1_ASM151712v1_genomic.fna	GCF_005405925.1_ASM540592v1_genomic.fna	80.486
GCA_001517125.1_ASM151712v1_genomic.fna	GCF_005519465.1_ASM551946v1_genomic.fna	81.099
GCA_001517125.1_ASM151712v1_genomic.fna	GCF_005869865.1_ASM586986v1_genomic.fna	84.4503
GCA_001517125.1_ASM151712v1_genomic.fna	GCF_005981935.1_ASM598193v1_genomic.fna	81.2715
GCA_001517125.1_ASM151712v1_genomic.fna	GCF_009862245.1_ASM986224v1_genomic.fna	81.2259
GCA_001517125.1_ASM151712v1_genomic.fna	GCF_009862405.1_ASM986240v1_genomic.fna	80.4227
GCA_001517125.1_ASM151712v1_genomic.fna	GCF_009865405.1_ASM986540v1_genomic.fna	80.9937
GCA_001517125.1_ASM151712v1_genomic.fna	GCF_010548705.1_ASM1054870v1_genomic.fna	81.2149
GCA_001517125.1_ASM151712v1_genomic.fna	GCF_014138545.1_ASM1413854v1_genomic.fna	84.8988
GCA_001517125.1_ASM151712v1_genomic.fna	GCF_014207295.1_ASM1420729v1_genomic.fna	84.6343
GCA_001517125.1_ASM151712v1_genomic.fna	GCF_014648555.1_ASM1464855v1_genomic.fna	78.8736
GCA_001517125.1_ASM151712v1_genomic.fna	GCF_014648695.1_ASM1464869v1_genomic.fna	80.9625
GCA_001517125.1_ASM151712v1_genomic.fna	GCF_014649415.1_ASM1464941v1_genomic.fna	81.1906
GCA_001517125.1_ASM151712v1_genomic.fna	GCF_014649435.1_ASM1464943v1_genomic.fna	84.2965
GCA_001517125.1_ASM151712v1_genomic.fna	GCF_014649515.1_ASM1464951v1_genomic.fna	84.484
GCA_008016805.1_ASM801680v1_genomic.fna	GCA_014649355.1_ASM1464935v1_genomic.fna	83.4267
GCA_008016805.1_ASM801680v1_genomic.fna	GCA_014649615.1_ASM1464961v1_genomic.fna	83.4335
GCA_008016805.1_ASM801680v1_genomic.fna	GCA_016893525.2_ASM1689352v2_genomic.fna	83.3409
GCA_008016805.1_ASM801680v1_genomic.fna	GCA_036226585.1_ASM3622658v1_genomic.fna	81.2282
GCA_008016805.1_ASM801680v1_genomic.fna	GCA_040296585.1_ASM4029658v1_genomic.fna	83.2019
GCA_008016805.1_ASM801680v1_genomic.fna	GCA_044755365.1_ASM4475536v1_genomic.fna	83.4797
GCA_008016805.1_ASM801680v1_genomic.fna	GCA_048656505.1_ASM4865650v1_genomic.fna	79.9929
GCA_008016805.1_ASM801680v1_genomic.fna	GCA_049998235.1_ASM4999823v1_genomic.fna	81.2134
GCA_008016805.1_ASM801680v1_genomic.fna	GCA_049998315.1_ASM4999831v1_genomic.fna	83.7665
GCA_008016805.1_ASM801680v1_genomic.fna	GCA_050604645.1_ASM5060464v1_genomic.fna	83.6249
GCA_008016805.1_ASM801680v1_genomic.fna	GCA_050605165.1_ASM5060516v1_genomic.fna	83.6395
GCA_008016805.1_ASM801680v1_genomic.fna	GCA_050605505.1_ASM5060550v1_genomic.fna	83.6751
GCA_008016805.1_ASM801680v1_genomic.fna	GCA_050608825.1_ASM5060882v1_genomic.fna	83.6423
GCA_008016805.1_ASM801680v1_genomic.fna	GCA_963761325.1_MFD05502.bin.1.233_genomic.fna	79.9508
GCA_008016805.1_ASM801680v1_genomic.fna	GCA_965650905.1_SRR15517647_binner13_Refined_2_genomic.fna	82.4296
GCA_008016805.1_ASM801680v1_genomic.fna	GCA_965654005.1_SRR29654717_concoct_46_genomic.fna	82.7747
GCA_008016805.1_ASM801680v1_genomic.fna	GCF_000367365.1_ASM36736v1_genomic.fna	82.7638
GCA_008016805.1_ASM801680v1_genomic.fna	GCF_000695235.1_ASM69523v1_genomic.fna	80.94
GCA_008016805.1_ASM801680v1_genomic.fna	GCF_000716335.1_ASM71633v1_genomic.fna	81.5506
GCA_008016805.1_ASM801680v1_genomic.fna	GCF_000717745.1_ASM71774v1_genomic.fna	80.8363
GCA_008016805.1_ASM801680v1_genomic.fna	GCF_000719655.1_ASM71965v1_genomic.fna	81.4262
GCA_008016805.1_ASM801680v1_genomic.fna	GCF_000721105.1_ASM72110v1_genomic.fna	83.4979
GCA_008016805.1_ASM801680v1_genomic.fna	GCF_000721435.1_ASM72143v1_genomic.fna	83.6293
GCA_008016805.1_ASM801680v1_genomic.fna	GCF_000725705.1_Doro.v1.0_genomic.fna	81.0112
GCA_008016805.1_ASM801680v1_genomic.fna	GCF_001013905.1_sleC34_genomic.fna	83.8996
GCA_008016805.1_ASM801680v1_genomic.fna	GCF_001187435.1_ASM118743v1_genomic.fna	81.0609
GCA_008016805.1_ASM801680v1_genomic.fna	GCF_001279485.1_ASM127948v1_genomic.fna	81.1404
GCA_008016805.1_ASM801680v1_genomic.fna	GCF_001280885.1_ASM128088v1_genomic.fna	80.9419
GCA_008016805.1_ASM801680v1_genomic.fna	GCF_001418135.1_ASM141813v1_genomic.fna	81.5908
GCA_008016805.1_ASM801680v1_genomic.fna	GCF_001418175.1_ASM141817v1_genomic.fna	83.5443
GCA_008016805.1_ASM801680v1_genomic.fna	GCF_001427565.1_Root63_genomic.fna	81.205
GCA_008016805.1_ASM801680v1_genomic.fna	GCF_001493375.1_Streptomyces_specialis_genomic.fna	79.5467
GCA_008016805.1_ASM801680v1_genomic.fna	GCF_001751255.1_ASM175125v1_genomic.fna	79.647
GCA_008016805.1_ASM801680v1_genomic.fna	GCF_001941845.1_ASM194184v1_genomic.fna	81.1684
GCA_008016805.1_ASM801680v1_genomic.fna	GCF_001970135.1_ASM197013v1_genomic.fna	83.5786
GCA_008016805.1_ASM801680v1_genomic.fna	GCF_002300165.1_ASM230016v1_genomic.fna	83.1262
GCA_008016805.1_ASM801680v1_genomic.fna	GCF_002551065.1_ASM255106v1_genomic.fna	81.2396
GCA_008016805.1_ASM801680v1_genomic.fna	GCF_003259355.1_ASM325935v1_genomic.fna	79.5986
GCA_008016805.1_ASM801680v1_genomic.fna	GCF_003977835.1_ASM397783v1_genomic.fna	83.5119
GCA_008016805.1_ASM801680v1_genomic.fna	GCF_004122755.1_ASM412275v1_genomic.fna	80.8657
GCA_008016805.1_ASM801680v1_genomic.fna	GCF_004524875.1_ASM452487v1_genomic.fna	80.7181
GCA_008016805.1_ASM801680v1_genomic.fna	GCF_004684805.1_ASM468480v1_genomic.fna	81.0747
GCA_008016805.1_ASM801680v1_genomic.fna	GCF_005405925.1_ASM540592v1_genomic.fna	80.3553
GCA_008016805.1_ASM801680v1_genomic.fna	GCF_005519465.1_ASM551946v1_genomic.fna	81.2175
GCA_008016805.1_ASM801680v1_genomic.fna	GCF_005869865.1_ASM586986v1_genomic.fna	83.5535
GCA_008016805.1_ASM801680v1_genomic.fna	GCF_005981935.1_ASM598193v1_genomic.fna	81.2851
GCA_008016805.1_ASM801680v1_genomic.fna	GCF_009862245.1_ASM986224v1_genomic.fna	81.2776
GCA_008016805.1_ASM801680v1_genomic.fna	GCF_009862405.1_ASM986240v1_genomic.fna	80.6167
GCA_008016805.1_ASM801680v1_genomic.fna	GCF_009865405.1_ASM986540v1_genomic.fna	81.0178
GCA_008016805.1_ASM801680v1_genomic.fna	GCF_010548705.1_ASM1054870v1_genomic.fna	81.3141
GCA_008016805.1_ASM801680v1_genomic.fna	GCF_014138545.1_ASM1413854v1_genomic.fna	83.8803
GCA_008016805.1_ASM801680v1_genomic.fna	GCF_014207295.1_ASM1420729v1_genomic.fna	83.577
GCA_008016805.1_ASM801680v1_genomic.fna	GCF_014648555.1_ASM1464855v1_genomic.fna	78.9291
GCA_008016805.1_ASM801680v1_genomic.fna	GCF_014648695.1_ASM1464869v1_genomic.fna	80.7854
GCA_008016805.1_ASM801680v1_genomic.fna	GCF_014649415.1_ASM1464941v1_genomic.fna	81.2402
GCA_008016805.1_ASM801680v1_genomic.fna	GCF_014649435.1_ASM1464943v1_genomic.fna	83.7288
GCA_008016805.1_ASM801680v1_genomic.fna	GCF_014649515.1_ASM1464951v1_genomic.fna	83.4154
GCA_014649355.1_ASM1464935v1_genomic.fna	GCA_014649615.1_ASM1464961v1_genomic.fna	97.9338
GCA_014649355.1_ASM1464935v1_genomic.fna	GCA_016893525.2_ASM1689352v2_genomic.fna	93.5339
GCA_014649355.1_ASM1464935v1_genomic.fna	GCA_036226585.1_ASM3622658v1_genomic.fna	81.1968
GCA_014649355.1_ASM1464935v1_genomic.fna	GCA_040296585.1_ASM4029658v1_genomic.fna	83.0286
GCA_014649355.1_ASM1464935v1_genomic.fna	GCA_044755365.1_ASM4475536v1_genomic.fna	83.263
GCA_014649355.1_ASM1464935v1_genomic.fna	GCA_048656505.1_ASM4865650v1_genomic.fna	79.7705
GCA_014649355.1_ASM1464935v1_genomic.fna	GCA_049998235.1_ASM4999823v1_genomic.fna	80.9875
GCA_014649355.1_ASM1464935v1_genomic.fna	GCA_049998315.1_ASM4999831v1_genomic.fna	84.3542
GCA_014649355.1_ASM1464935v1_genomic.fna	GCA_050604645.1_ASM5060464v1_genomic.fna	84.0871
GCA_014649355.1_ASM1464935v1_genomic.fna	GCA_050605165.1_ASM5060516v1_genomic.fna	84.2568
GCA_014649355.1_ASM1464935v1_genomic.fna	GCA_050605505.1_ASM5060550v1_genomic.fna	84.2149
GCA_014649355.1_ASM1464935v1_genomic.fna	GCA_050608825.1_ASM5060882v1_genomic.fna	84.2251
GCA_014649355.1_ASM1464935v1_genomic.fna	GCA_963761325.1_MFD05502.bin.1.233_genomic.fna	79.9864
GCA_014649355.1_ASM1464935v1_genomic.fna	GCA_965650905.1_SRR15517647_binner13_Refined_2_genomic.fna	82.599
GCA_014649355.1_ASM1464935v1_genomic.fna	GCA_965654005.1_SRR29654717_concoct_46_genomic.fna	82.3566
GCA_014649355.1_ASM1464935v1_genomic.fna	GCF_000367365.1_ASM36736v1_genomic.fna	82.4758
GCA_014649355.1_ASM1464935v1_genomic.fna	GCF_000695235.1_ASM69523v1_genomic.fna	81.0563
GCA_014649355.1_ASM1464935v1_genomic.fna	GCF_000716335.1_ASM71633v1_genomic.fna	81.8712
GCA_014649355.1_ASM1464935v1_genomic.fna	GCF_000717745.1_ASM71774v1_genomic.fna	80.9437
GCA_014649355.1_ASM1464935v1_genomic.fna	GCF_000719655.1_ASM71965v1_genomic.fna	81.3773
GCA_014649355.1_ASM1464935v1_genomic.fna	GCF_000721105.1_ASM72110v1_genomic.fna	83.5092
GCA_014649355.1_ASM1464935v1_genomic.fna	GCF_000721435.1_ASM72143v1_genomic.fna	92.5182
GCA_014649355.1_ASM1464935v1_genomic.fna	GCF_000725705.1_Doro.v1.0_genomic.fna	80.9276
GCA_014649355.1_ASM1464935v1_genomic.fna	GCF_001013905.1_sleC34_genomic.fna	84.5265
GCA_014649355.1_ASM1464935v1_genomic.fna	GCF_001187435.1_ASM118743v1_genomic.fna	80.9413
GCA_014649355.1_ASM1464935v1_genomic.fna	GCF_001279485.1_ASM127948v1_genomic.fna	81.1676
GCA_014649355.1_ASM1464935v1_genomic.fna	GCF_001280885.1_ASM128088v1_genomic.fna	81.1191
GCA_014649355.1_ASM1464935v1_genomic.fna	GCF_001418135.1_ASM141813v1_genomic.fna	81.7065
GCA_014649355.1_ASM1464935v1_genomic.fna	GCF_001418175.1_ASM141817v1_genomic.fna	85.3548
GCA_014649355.1_ASM1464935v1_genomic.fna	GCF_001427565.1_Root63_genomic.fna	80.9801
GCA_014649355.1_ASM1464935v1_genomic.fna	GCF_001493375.1_Streptomyces_specialis_genomic.fna	79.5105
GCA_014649355.1_ASM1464935v1_genomic.fna	GCF_001751255.1_ASM175125v1_genomic.fna	79.7582
GCA_014649355.1_ASM1464935v1_genomic.fna	GCF_001941845.1_ASM194184v1_genomic.fna	81.1709
GCA_014649355.1_ASM1464935v1_genomic.fna	GCF_001970135.1_ASM197013v1_genomic.fna	84.2133
GCA_014649355.1_ASM1464935v1_genomic.fna	GCF_002300165.1_ASM230016v1_genomic.fna	83.1026
GCA_014649355.1_ASM1464935v1_genomic.fna	GCF_002551065.1_ASM255106v1_genomic.fna	81.0935
GCA_014649355.1_ASM1464935v1_genomic.fna	GCF_003259355.1_ASM325935v1_genomic.fna	79.6954
GCA_014649355.1_ASM1464935v1_genomic.fna	GCF_003977835.1_ASM397783v1_genomic.fna	86.7969
GCA_014649355.1_ASM1464935v1_genomic.fna	GCF_004122755.1_ASM412275v1_genomic.fna	81.0732
GCA_014649355.1_ASM1464935v1_genomic.fna	GCF_004524875.1_ASM452487v1_genomic.fna	80.7
GCA_014649355.1_ASM1464935v1_genomic.fna	GCF_004684805.1_ASM468480v1_genomic.fna	81.1014
GCA_014649355.1_ASM1464935v1_genomic.fna	GCF_005405925.1_ASM540592v1_genomic.fna	80.6387
GCA_014649355.1_ASM1464935v1_genomic.fna	GCF_005519465.1_ASM551946v1_genomic.fna	81.2136
GCA_014649355.1_ASM1464935v1_genomic.fna	GCF_005869865.1_ASM586986v1_genomic.fna	84.2211
GCA_014649355.1_ASM1464935v1_genomic.fna	GCF_005981935.1_ASM598193v1_genomic.fna	81.3081
GCA_014649355.1_ASM1464935v1_genomic.fna	GCF_009862245.1_ASM986224v1_genomic.fna	81.1647
GCA_014649355.1_ASM1464935v1_genomic.fna	GCF_009862405.1_ASM986240v1_genomic.fna	80.5779
GCA_014649355.1_ASM1464935v1_genomic.fna	GCF_009865405.1_ASM986540v1_genomic.fna	81.065
GCA_014649355.1_ASM1464935v1_genomic.fna	GCF_010548705.1_ASM1054870v1_genomic.fna	81.163
GCA_014649355.1_ASM1464935v1_genomic.fna	GCF_014138545.1_ASM1413854v1_genomic.fna	86.7188
GCA_014649355.1_ASM1464935v1_genomic.fna	GCF_014207295.1_ASM1420729v1_genomic.fna	84.3251
GCA_014649355.1_ASM1464935v1_genomic.fna	GCF_014648555.1_ASM1464855v1_genomic.fna	79.2917
GCA_014649355.1_ASM1464935v1_genomic.fna	GCF_014648695.1_ASM1464869v1_genomic.fna	80.8693
GCA_014649355.1_ASM1464935v1_genomic.fna	GCF_014649415.1_ASM1464941v1_genomic.fna	80.9827
GCA_014649355.1_ASM1464935v1_genomic.fna	GCF_014649435.1_ASM1464943v1_genomic.fna	83.9598
GCA_014649355.1_ASM1464935v1_genomic.fna	GCF_014649515.1_ASM1464951v1_genomic.fna	86.6503
GCA_014649615.1_ASM1464961v1_genomic.fna	GCA_016893525.2_ASM1689352v2_genomic.fna	93.4931
GCA_014649615.1_ASM1464961v1_genomic.fna	GCA_036226585.1_ASM3622658v1_genomic.fna	81.24
GCA_014649615.1_ASM1464961v1_genomic.fna	GCA_040296585.1_ASM4029658v1_genomic.fna	82.9908
GCA_014649615.1_ASM1464961v1_genomic.fna	GCA_044755365.1_ASM4475536v1_genomic.fna	83.2193
GCA_014649615.1_ASM1464961v1_genomic.fna	GCA_048656505.1_ASM4865650v1_genomic.fna	79.8694
GCA_014649615.1_ASM1464961v1_genomic.fna	GCA_049998235.1_ASM4999823v1_genomic.fna	81.0509
GCA_014649615.1_ASM1464961v1_genomic.fna	GCA_049998315.1_ASM4999831v1_genomic.fna	84.2995
GCA_014649615.1_ASM1464961v1_genomic.fna	GCA_050604645.1_ASM5060464v1_genomic.fna	84.0953
GCA_014649615.1_ASM1464961v1_genomic.fna	GCA_050605165.1_ASM5060516v1_genomic.fna	84.2859
GCA_014649615.1_ASM1464961v1_genomic.fna	GCA_050605505.1_ASM5060550v1_genomic.fna	84.3113
GCA_014649615.1_ASM1464961v1_genomic.fna	GCA_050608825.1_ASM5060882v1_genomic.fna	84.2614
GCA_014649615.1_ASM1464961v1_genomic.fna	GCA_963761325.1_MFD05502.bin.1.233_genomic.fna	80.0586
GCA_014649615.1_ASM1464961v1_genomic.fna	GCA_965650905.1_SRR15517647_binner13_Refined_2_genomic.fna	82.5443
GCA_014649615.1_ASM1464961v1_genomic.fna	GCA_965654005.1_SRR29654717_concoct_46_genomic.fna	82.4418
GCA_014649615.1_ASM1464961v1_genomic.fna	GCF_000367365.1_ASM36736v1_genomic.fna	82.4636
GCA_014649615.1_ASM1464961v1_genomic.fna	GCF_000695235.1_ASM69523v1_genomic.fna	81.1198
GCA_014649615.1_ASM1464961v1_genomic.fna	GCF_000716335.1_ASM71633v1_genomic.fna	81.8659
GCA_014649615.1_ASM1464961v1_genomic.fna	GCF_000717745.1_ASM71774v1_genomic.fna	81.0895
GCA_014649615.1_ASM1464961v1_genomic.fna	GCF_000719655.1_ASM71965v1_genomic.fna	81.4144
GCA_014649615.1_ASM1464961v1_genomic.fna	GCF_000721105.1_ASM72110v1_genomic.fna	83.4913
GCA_014649615.1_ASM1464961v1_genomic.fna	GCF_000721435.1_ASM72143v1_genomic.fna	92.4686
GCA_014649615.1_ASM1464961v1_genomic.fna	GCF_000725705.1_Doro.v1.0_genomic.fna	81.0118
GCA_014649615.1_ASM1464961v1_genomic.fna	GCF_001013905.1_sleC34_genomic.fna	84.466
GCA_014649615.1_ASM1464961v1_genomic.fna	GCF_001187435.1_ASM118743v1_genomic.fna	80.9616
GCA_014649615.1_ASM1464961v1_genomic.fna	GCF_001279485.1_ASM127948v1_genomic.fna	81.1566
GCA_014649615.1_ASM1464961v1_genomic.fna	GCF_001280885.1_ASM128088v1_genomic.fna	81.1395
GCA_014649615.1_ASM1464961v1_genomic.fna	GCF_001418135.1_ASM141813v1_genomic.fna	81.6366
GCA_014649615.1_ASM1464961v1_genomic.fna	GCF_001418175.1_ASM141817v1_genomic.fna	85.3483
GCA_014649615.1_ASM1464961v1_genomic.fna	GCF_001427565.1_Root63_genomic.fna	81.0115
GCA_014649615.1_ASM1464961v1_genomic.fna	GCF_001493375.1_Streptomyces_specialis_genomic.fna	79.5743
GCA_014649615.1_ASM1464961v1_genomic.fna	GCF_001751255.1_ASM175125v1_genomic.fna	79.8683
GCA_014649615.1_ASM1464961v1_genomic.fna	GCF_001941845.1_ASM194184v1_genomic.fna	81.1994
GCA_014649615.1_ASM1464961v1_genomic.fna	GCF_001970135.1_ASM197013v1_genomic.fna	84.18
GCA_014649615.1_ASM1464961v1_genomic.fna	GCF_002300165.1_ASM230016v1_genomic.fna	83.0213
GCA_014649615.1_ASM1464961v1_genomic.fna	GCF_002551065.1_ASM255106v1_genomic.fna	81.2463
GCA_014649615.1_ASM1464961v1_genomic.fna	GCF_003259355.1_ASM325935v1_genomic.fna	79.8689
GCA_014649615.1_ASM1464961v1_genomic.fna	GCF_003977835.1_ASM397783v1_genomic.fna	86.9819
GCA_014649615.1_ASM1464961v1_genomic.fna	GCF_004122755.1_ASM412275v1_genomic.fna	81.0818
GCA_014649615.1_ASM1464961v1_genomic.fna	GCF_004524875.1_ASM452487v1_genomic.fna	80.7275
GCA_014649615.1_ASM1464961v1_genomic.fna	GCF_004684805.1_ASM468480v1_genomic.fna	81.0382
GCA_014649615.1_ASM1464961v1_genomic.fna	GCF_005405925.1_ASM540592v1_genomic.fna	80.559
GCA_014649615.1_ASM1464961v1_genomic.fna	GCF_005519465.1_ASM551946v1_genomic.fna	81.2535
GCA_014649615.1_ASM1464961v1_genomic.fna	GCF_005869865.1_ASM586986v1_genomic.fna	84.1769
GCA_014649615.1_ASM1464961v1_genomic.fna	GCF_005981935.1_ASM598193v1_genomic.fna	81.2984
GCA_014649615.1_ASM1464961v1_genomic.fna	GCF_009862245.1_ASM986224v1_genomic.fna	81.2169
GCA_014649615.1_ASM1464961v1_genomic.fna	GCF_009862405.1_ASM986240v1_genomic.fna	80.6542
GCA_014649615.1_ASM1464961v1_genomic.fna	GCF_009865405.1_ASM986540v1_genomic.fna	81.0921
GCA_014649615.1_ASM1464961v1_genomic.fna	GCF_010548705.1_ASM1054870v1_genomic.fna	81.2775
GCA_014649615.1_ASM1464961v1_genomic.fna	GCF_014138545.1_ASM1413854v1_genomic.fna	86.7011
GCA_014649615.1_ASM1464961v1_genomic.fna	GCF_014207295.1_ASM1420729v1_genomic.fna	84.3538
GCA_014649615.1_ASM1464961v1_genomic.fna	GCF_014648555.1_ASM1464855v1_genomic.fna	79.1396
GCA_014649615.1_ASM1464961v1_genomic.fna	GCF_014648695.1_ASM1464869v1_genomic.fna	80.8594
GCA_014649615.1_ASM1464961v1_genomic.fna	GCF_014649415.1_ASM1464941v1_genomic.fna	81.0553
GCA_014649615.1_ASM1464961v1_genomic.fna	GCF_014649435.1_ASM1464943v1_genomic.fna	83.9315
GCA_014649615.1_ASM1464961v1_genomic.fna	GCF_014649515.1_ASM1464951v1_genomic.fna	86.6862
GCA_016893525.2_ASM1689352v2_genomic.fna	GCA_036226585.1_ASM3622658v1_genomic.fna	81.2609
GCA_016893525.2_ASM1689352v2_genomic.fna	GCA_040296585.1_ASM4029658v1_genomic.fna	83.077
GCA_016893525.2_ASM1689352v2_genomic.fna	GCA_044755365.1_ASM4475536v1_genomic.fna	83.2326
GCA_016893525.2_ASM1689352v2_genomic.fna	GCA_048656505.1_ASM4865650v1_genomic.fna	80.0445
GCA_016893525.2_ASM1689352v2_genomic.fna	GCA_049998235.1_ASM4999823v1_genomic.fna	81.0041
GCA_016893525.2_ASM1689352v2_genomic.fna	GCA_049998315.1_ASM4999831v1_genomic.fna	84.3111
GCA_016893525.2_ASM1689352v2_genomic.fna	GCA_050604645.1_ASM5060464v1_genomic.fna	84.2276
GCA_016893525.2_ASM1689352v2_genomic.fna	GCA_050605165.1_ASM5060516v1_genomic.fna	84.3384
GCA_016893525.2_ASM1689352v2_genomic.fna	GCA_050605505.1_ASM5060550v1_genomic.fna	84.3251
GCA_016893525.2_ASM1689352v2_genomic.fna	GCA_050608825.1_ASM5060882v1_genomic.fna	84.2821
GCA_016893525.2_ASM1689352v2_genomic.fna	GCA_963761325.1_MFD05502.bin.1.233_genomic.fna	80.0241
GCA_016893525.2_ASM1689352v2_genomic.fna	GCA_965650905.1_SRR15517647_binner13_Refined_2_genomic.fna	82.6882
GCA_016893525.2_ASM1689352v2_genomic.fna	GCA_965654005.1_SRR29654717_concoct_46_genomic.fna	82.4201
GCA_016893525.2_ASM1689352v2_genomic.fna	GCF_000367365.1_ASM36736v1_genomic.fna	82.5381
GCA_016893525.2_ASM1689352v2_genomic.fna	GCF_000695235.1_ASM69523v1_genomic.fna	81.2838
GCA_016893525.2_ASM1689352v2_genomic.fna	GCF_000716335.1_ASM71633v1_genomic.fna	81.7589
GCA_016893525.2_ASM1689352v2_genomic.fna	GCF_000717745.1_ASM71774v1_genomic.fna	80.9576
GCA_016893525.2_ASM1689352v2_genomic.fna	GCF_000719655.1_ASM71965v1_genomic.fna	81.4246
GCA_016893525.2_ASM1689352v2_genomic.fna	GCF_000721105.1_ASM72110v1_genomic.fna	83.4839
GCA_016893525.2_ASM1689352v2_genomic.fna	GCF_000721435.1_ASM72143v1_genomic.fna	93.0802
GCA_016893525.2_ASM1689352v2_genomic.fna	GCF_000725705.1_Doro.v1.0_genomic.fna	81.0481
GCA_016893525.2_ASM1689352v2_genomic.fna	GCF_001013905.1_sleC34_genomic.fna	84.5619
GCA_016893525.2_ASM1689352v2_genomic.fna	GCF_001187435.1_ASM118743v1_genomic.fna	81.0698
GCA_016893525.2_ASM1689352v2_genomic.fna	GCF_001279485.1_ASM127948v1_genomic.fna	81.1192
GCA_016893525.2_ASM1689352v2_genomic.fna	GCF_001280885.1_ASM128088v1_genomic.fna	81.0651
GCA_016893525.2_ASM1689352v2_genomic.fna	GCF_001418135.1_ASM141813v1_genomic.fna	81.7141
GCA_016893525.2_ASM1689352v2_genomic.fna	GCF_001418175.1_ASM141817v1_genomic.fna	85.4145
GCA_016893525.2_ASM1689352v2_genomic.fna	GCF_001427565.1_Root63_genomic.fna	81.1219
GCA_016893525.2_ASM1689352v2_genomic.fna	GCF_001493375.1_Streptomyces_specialis_genomic.fna	79.6121
GCA_016893525.2_ASM1689352v2_genomic.fna	GCF_001751255.1_ASM175125v1_genomic.fna	79.6784
GCA_016893525.2_ASM1689352v2_genomic.fna	GCF_001941845.1_ASM194184v1_genomic.fna	81.2598
GCA_016893525.2_ASM1689352v2_genomic.fna	GCF_001970135.1_ASM197013v1_genomic.fna	84.225
GCA_016893525.2_ASM1689352v2_genomic.fna	GCF_002300165.1_ASM230016v1_genomic.fna	83.0311
GCA_016893525.2_ASM1689352v2_genomic.fna	GCF_002551065.1_ASM255106v1_genomic.fna	81.1358
GCA_016893525.2_ASM1689352v2_genomic.fna	GCF_003259355.1_ASM325935v1_genomic.fna	79.7335
GCA_016893525.2_ASM1689352v2_genomic.fna	GCF_003977835.1_ASM397783v1_genomic.fna	86.8142
GCA_016893525.2_ASM1689352v2_genomic.fna	GCF_004122755.1_ASM412275v1_genomic.fna	80.961
GCA_016893525.2_ASM1689352v2_genomic.fna	GCF_004524875.1_ASM452487v1_genomic.fna	80.8238
GCA_016893525.2_ASM1689352v2_genomic.fna	GCF_004684805.1_ASM468480v1_genomic.fna	81.1547
GCA_016893525.2_ASM1689352v2_genomic.fna	GCF_005405925.1_ASM540592v1_genomic.fna	80.6317
GCA_016893525.2_ASM1689352v2_genomic.fna	GCF_005519465.1_ASM551946v1_genomic.fna	81.3062
GCA_016893525.2_ASM1689352v2_genomic.fna	GCF_005869865.1_ASM586986v1_genomic.fna	84.1879
GCA_016893525.2_ASM1689352v2_genomic.fna	GCF_005981935.1_ASM598193v1_genomic.fna	81.1966
GCA_016893525.2_ASM1689352v2_genomic.fna	GCF_009862245.1_ASM986224v1_genomic.fna	81.2895
GCA_016893525.2_ASM1689352v2_genomic.fna	GCF_009862405.1_ASM986240v1_genomic.fna	80.6458
GCA_016893525.2_ASM1689352v2_genomic.fna	GCF_009865405.1_ASM986540v1_genomic.fna	81.025
GCA_016893525.2_ASM1689352v2_genomic.fna	GCF_010548705.1_ASM1054870v1_genomic.fna	81.2447
GCA_016893525.2_ASM1689352v2_genomic.fna	GCF_014138545.1_ASM1413854v1_genomic.fna	87.0181
GCA_016893525.2_ASM1689352v2_genomic.fna	GCF_014207295.1_ASM1420729v1_genomic.fna	84.4177
GCA_016893525.2_ASM1689352v2_genomic.fna	GCF_014648555.1_ASM1464855v1_genomic.fna	79.2406
GCA_016893525.2_ASM1689352v2_genomic.fna	GCF_014648695.1_ASM1464869v1_genomic.fna	80.8911
GCA_016893525.2_ASM1689352v2_genomic.fna	GCF_014649415.1_ASM1464941v1_genomic.fna	81.0508
GCA_016893525.2_ASM1689352v2_genomic.fna	GCF_014649435.1_ASM1464943v1_genomic.fna	83.9822
GCA_016893525.2_ASM1689352v2_genomic.fna	GCF_014649515.1_ASM1464951v1_genomic.fna	86.8837
GCA_036226585.1_ASM3622658v1_genomic.fna	GCA_040296585.1_ASM4029658v1_genomic.fna	81.6869
GCA_036226585.1_ASM3622658v1_genomic.fna	GCA_044755365.1_ASM4475536v1_genomic.fna	81.1919
GCA_036226585.1_ASM3622658v1_genomic.fna	GCA_048656505.1_ASM4865650v1_genomic.fna	79.9278
GCA_036226585.1_ASM3622658v1_genomic.fna	GCA_049998235.1_ASM4999823v1_genomic.fna	82.2644
GCA_036226585.1_ASM3622658v1_genomic.fna	GCA_049998315.1_ASM4999831v1_genomic.fna	81.3867
GCA_036226585.1_ASM3622658v1_genomic.fna	GCA_050604645.1_ASM5060464v1_genomic.fna	81.1674
GCA_036226585.1_ASM3622658v1_genomic.fna	GCA_050605165.1_ASM5060516v1_genomic.fna	81.2768
GCA_036226585.1_ASM3622658v1_genomic.fna	GCA_050605505.1_ASM5060550v1_genomic.fna	81.379
GCA_036226585.1_ASM3622658v1_genomic.fna	GCA_050608825.1_ASM5060882v1_genomic.fna	81.2805
GCA_036226585.1_ASM3622658v1_genomic.fna	GCA_963761325.1_MFD05502.bin.1.233_genomic.fna	80.1741
GCA_036226585.1_ASM3622658v1_genomic.fna	GCA_965650905.1_SRR15517647_binner13_Refined_2_genomic.fna	81.1482
GCA_036226585.1_ASM3622658v1_genomic.fna	GCA_965654005.1_SRR29654717_concoct_46_genomic.fna	80.3559
GCA_036226585.1_ASM3622658v1_genomic.fna	GCF_000367365.1_ASM36736v1_genomic.fna	80.8551
GCA_036226585.1_ASM3622658v1_genomic.fna	GCF_000695235.1_ASM69523v1_genomic.fna	81.4351
GCA_036226585.1_ASM3622658v1_genomic.fna	GCF_000716335.1_ASM71633v1_genomic.fna	82.2961
GCA_036226585.1_ASM3622658v1_genomic.fna	GCF_000717745.1_ASM71774v1_genomic.fna	81.2382
GCA_036226585.1_ASM3622658v1_genomic.fna	GCF_000719655.1_ASM71965v1_genomic.fna	84.4223
GCA_036226585.1_ASM3622658v1_genomic.fna	GCF_000721105.1_ASM72110v1_genomic.fna	81.0765
GCA_036226585.1_ASM3622658v1_genomic.fna	GCF_000721435.1_ASM72143v1_genomic.fna	81.323
GCA_036226585.1_ASM3622658v1_genomic.fna	GCF_000725705.1_Doro.v1.0_genomic.fna	84.1191
GCA_036226585.1_ASM3622658v1_genomic.fna	GCF_001013905.1_sleC34_genomic.fna	81.3366
GCA_036226585.1_ASM3622658v1_genomic.fna	GCF_001187435.1_ASM118743v1_genomic.fna	81.3689
GCA_036226585.1_ASM3622658v1_genomic.fna	GCF_001279485.1_ASM127948v1_genomic.fna	81.6269
GCA_036226585.1_ASM3622658v1_genomic.fna	GCF_001280885.1_ASM128088v1_genomic.fna	81.7857
GCA_036226585.1_ASM3622658v1_genomic.fna	GCF_001418135.1_ASM141813v1_genomic.fna	82.3127
GCA_036226585.1_ASM3622658v1_genomic.fna	GCF_001418175.1_ASM141817v1_genomic.fna	81.4312
GCA_036226585.1_ASM3622658v1_genomic.fna	GCF_001427565.1_Root63_genomic.fna	84.1972
GCA_036226585.1_ASM3622658v1_genomic.fna	GCF_001493375.1_Streptomyces_specialis_genomic.fna	79.6243
GCA_036226585.1_ASM3622658v1_genomic.fna	GCF_001751255.1_ASM175125v1_genomic.fna	79.9965
GCA_036226585.1_ASM3622658v1_genomic.fna	GCF_001941845.1_ASM194184v1_genomic.fna	81.867
GCA_036226585.1_ASM3622658v1_genomic.fna	GCF_001970135.1_ASM197013v1_genomic.fna	81.2293
GCA_036226585.1_ASM3622658v1_genomic.fna	GCF_002300165.1_ASM230016v1_genomic.fna	81.4743
GCA_036226585.1_ASM3622658v1_genomic.fna	GCF_002551065.1_ASM255106v1_genomic.fna	84.257
GCA_036226585.1_ASM3622658v1_genomic.fna	GCF_003259355.1_ASM325935v1_genomic.fna	79.9866
GCA_036226585.1_ASM3622658v1_genomic.fna	GCF_003977835.1_ASM397783v1_genomic.fna	81.1683
GCA_036226585.1_ASM3622658v1_genomic.fna	GCF_004122755.1_ASM412275v1_genomic.fna	81.4121
GCA_036226585.1_ASM3622658v1_genomic.fna	GCF_004524875.1_ASM452487v1_genomic.fna	83.9341
GCA_036226585.1_ASM3622658v1_genomic.fna	GCF_004684805.1_ASM468480v1_genomic.fna	81.2896
GCA_036226585.1_ASM3622658v1_genomic.fna	GCF_005405925.1_ASM540592v1_genomic.fna	80.7163
GCA_036226585.1_ASM3622658v1_genomic.fna	GCF_005519465.1_ASM551946v1_genomic.fna	81.922
GCA_036226585.1_ASM3622658v1_genomic.fna	GCF_005869865.1_ASM586986v1_genomic.fna	81.1126
GCA_036226585.1_ASM3622658v1_genomic.fna	GCF_005981935.1_ASM598193v1_genomic.fna	82.6022
GCA_036226585.1_ASM3622658v1_genomic.fna	GCF_009862245.1_ASM986224v1_genomic.fna	84.2325
GCA_036226585.1_ASM3622658v1_genomic.fna	GCF_009862405.1_ASM986240v1_genomic.fna	80.8484
GCA_036226585.1_ASM3622658v1_genomic.fna	GCF_009865405.1_ASM986540v1_genomic.fna	82.1029
GCA_036226585.1_ASM3622658v1_genomic.fna	GCF_010548705.1_ASM1054870v1_genomic.fna	84.3396
GCA_036226585.1_ASM3622658v1_genomic.fna	GCF_014138545.1_ASM1413854v1_genomic.fna	81.424
GCA_036226585.1_ASM3622658v1_genomic.fna	GCF_014207295.1_ASM1420729v1_genomic.fna	81.164
GCA_036226585.1_ASM3622658v1_genomic.fna	GCF_014648555.1_ASM1464855v1_genomic.fna	79.0057
GCA_036226585.1_ASM3622658v1_genomic.fna	GCF_014648695.1_ASM1464869v1_genomic.fna	81.2297
GCA_036226585.1_ASM3622658v1_genomic.fna	GCF_014649415.1_ASM1464941v1_genomic.fna	84.0936
GCA_036226585.1_ASM3622658v1_genomic.fna	GCF_014649435.1_ASM1464943v1_genomic.fna	81.3151
GCA_036226585.1_ASM3622658v1_genomic.fna	GCF_014649515.1_ASM1464951v1_genomic.fna	81.1128
GCA_040296585.1_ASM4029658v1_genomic.fna	GCA_044755365.1_ASM4475536v1_genomic.fna	83.3906
GCA_040296585.1_ASM4029658v1_genomic.fna	GCA_048656505.1_ASM4865650v1_genomic.fna	79.7204
GCA_040296585.1_ASM4029658v1_genomic.fna	GCA_049998235.1_ASM4999823v1_genomic.fna	81.6256
GCA_040296585.1_ASM4029658v1_genomic.fna	GCA_049998315.1_ASM4999831v1_genomic.fna	83.6252
GCA_040296585.1_ASM4029658v1_genomic.fna	GCA_050604645.1_ASM5060464v1_genomic.fna	83.4794
GCA_040296585.1_ASM4029658v1_genomic.fna	GCA_050605165.1_ASM5060516v1_genomic.fna	83.5284
GCA_040296585.1_ASM4029658v1_genomic.fna	GCA_050605505.1_ASM5060550v1_genomic.fna	83.5654
GCA_040296585.1_ASM4029658v1_genomic.fna	GCA_050608825.1_ASM5060882v1_genomic.fna	83.5624
GCA_040296585.1_ASM4029658v1_genomic.fna	GCA_963761325.1_MFD05502.bin.1.233_genomic.fna	79.9068
GCA_040296585.1_ASM4029658v1_genomic.fna	GCA_965650905.1_SRR15517647_binner13_Refined_2_genomic.fna	84.8444
GCA_040296585.1_ASM4029658v1_genomic.fna	GCA_965654005.1_SRR29654717_concoct_46_genomic.fna	84.3305
GCA_040296585.1_ASM4029658v1_genomic.fna	GCF_000367365.1_ASM36736v1_genomic.fna	84.1142
GCA_040296585.1_ASM4029658v1_genomic.fna	GCF_000695235.1_ASM69523v1_genomic.fna	81.148
GCA_040296585.1_ASM4029658v1_genomic.fna	GCF_000716335.1_ASM71633v1_genomic.fna	82.0414
GCA_040296585.1_ASM4029658v1_genomic.fna	GCF_000717745.1_ASM71774v1_genomic.fna	81.1802
GCA_040296585.1_ASM4029658v1_genomic.fna	GCF_000719655.1_ASM71965v1_genomic.fna	81.8042
GCA_040296585.1_ASM4029658v1_genomic.fna	GCF_000721105.1_ASM72110v1_genomic.fna	84.4012
GCA_040296585.1_ASM4029658v1_genomic.fna	GCF_000721435.1_ASM72143v1_genomic.fna	83.1421
GCA_040296585.1_ASM4029658v1_genomic.fna	GCF_000725705.1_Doro.v1.0_genomic.fna	81.6162
GCA_040296585.1_ASM4029658v1_genomic.fna	GCF_001013905.1_sleC34_genomic.fna	83.6743
GCA_040296585.1_ASM4029658v1_genomic.fna	GCF_001187435.1_ASM118743v1_genomic.fna	81.0886
GCA_040296585.1_ASM4029658v1_genomic.fna	GCF_001279485.1_ASM127948v1_genomic.fna	81.4524
GCA_040296585.1_ASM4029658v1_genomic.fna	GCF_001280885.1_ASM128088v1_genomic.fna	81.4599
GCA_040296585.1_ASM4029658v1_genomic.fna	GCF_001418135.1_ASM141813v1_genomic.fna	82.1267
GCA_040296585.1_ASM4029658v1_genomic.fna	GCF_001418175.1_ASM141817v1_genomic.fna	83.379
GCA_040296585.1_ASM4029658v1_genomic.fna	GCF_001427565.1_Root63_genomic.fna	81.5844
GCA_040296585.1_ASM4029658v1_genomic.fna	GCF_001493375.1_Streptomyces_specialis_genomic.fna	79.5286
GCA_040296585.1_ASM4029658v1_genomic.fna	GCF_001751255.1_ASM175125v1_genomic.fna	79.6392
GCA_040296585.1_ASM4029658v1_genomic.fna	GCF_001941845.1_ASM194184v1_genomic.fna	81.464
GCA_040296585.1_ASM4029658v1_genomic.fna	GCF_001970135.1_ASM197013v1_genomic.fna	83.5515
GCA_040296585.1_ASM4029658v1_genomic.fna	GCF_002300165.1_ASM230016v1_genomic.fna	86.7015
GCA_040296585.1_ASM4029658v1_genomic.fna	GCF_002551065.1_ASM255106v1_genomic.fna	81.7204
GCA_040296585.1_ASM4029658v1_genomic.fna	GCF_003259355.1_ASM325935v1_genomic.fna	79.6131
GCA_040296585.1_ASM4029658v1_genomic.fna	GCF_003977835.1_ASM397783v1_genomic.fna	83.1887
GCA_040296585.1_ASM4029658v1_genomic.fna	GCF_004122755.1_ASM412275v1_genomic.fna	81.1039
GCA_040296585.1_ASM4029658v1_genomic.fna	GCF_004524875.1_ASM452487v1_genomic.fna	81.3679
GCA_040296585.1_ASM4029658v1_genomic.fna	GCF_004684805.1_ASM468480v1_genomic.fna	80.8968
GCA_040296585.1_ASM4029658v1_genomic.fna	GCF_005405925.1_ASM540592v1_genomic.fna	80.6559
GCA_040296585.1_ASM4029658v1_genomic.fna	GCF_005519465.1_ASM551946v1_genomic.fna	81.3689
GCA_040296585.1_ASM4029658v1_genomic.fna	GCF_005869865.1_ASM586986v1_genomic.fna	83.581
GCA_040296585.1_ASM4029658v1_genomic.fna	GCF_005981935.1_ASM598193v1_genomic.fna	81.9994
GCA_040296585.1_ASM4029658v1_genomic.fna	GCF_009862245.1_ASM986224v1_genomic.fna	81.6162
GCA_040296585.1_ASM4029658v1_genomic.fna	GCF_009862405.1_ASM986240v1_genomic.fna	80.8415
GCA_040296585.1_ASM4029658v1_genomic.fna	GCF_009865405.1_ASM986540v1_genomic.fna	81.3824
GCA_040296585.1_ASM4029658v1_genomic.fna	GCF_010548705.1_ASM1054870v1_genomic.fna	81.6974
GCA_040296585.1_ASM4029658v1_genomic.fna	GCF_014138545.1_ASM1413854v1_genomic.fna	83.6446
GCA_040296585.1_ASM4029658v1_genomic.fna	GCF_014207295.1_ASM1420729v1_genomic.fna	83.8928
GCA_040296585.1_ASM4029658v1_genomic.fna	GCF_014648555.1_ASM1464855v1_genomic.fna	78.9159
GCA_040296585.1_ASM4029658v1_genomic.fna	GCF_014648695.1_ASM1464869v1_genomic.fna	81.3546
GCA_040296585.1_ASM4029658v1_genomic.fna	GCF_014649415.1_ASM1464941v1_genomic.fna	81.6462
GCA_040296585.1_ASM4029658v1_genomic.fna	GCF_014649435.1_ASM1464943v1_genomic.fna	83.8837
GCA_040296585.1_ASM4029658v1_genomic.fna	GCF_014649515.1_ASM1464951v1_genomic.fna	83.3227
GCA_044755365.1_ASM4475536v1_genomic.fna	GCA_048656505.1_ASM4865650v1_genomic.fna	79.5574
GCA_044755365.1_ASM4475536v1_genomic.fna	GCA_049998235.1_ASM4999823v1_genomic.fna	80.8108
GCA_044755365.1_ASM4475536v1_genomic.fna	GCA_049998315.1_ASM4999831v1_genomic.fna	83.8318
GCA_044755365.1_ASM4475536v1_genomic.fna	GCA_050604645.1_ASM5060464v1_genomic.fna	83.6022
GCA_044755365.1_ASM4475536v1_genomic.fna	GCA_050605165.1_ASM5060516v1_genomic.fna	83.7512
GCA_044755365.1_ASM4475536v1_genomic.fna	GCA_050605505.1_ASM5060550v1_genomic.fna	83.7281
GCA_044755365.1_ASM4475536v1_genomic.fna	GCA_050608825.1_ASM5060882v1_genomic.fna	83.7153
GCA_044755365.1_ASM4475536v1_genomic.fna	GCA_963761325.1_MFD05502.bin.1.233_genomic.fna	79.6734
GCA_044755365.1_ASM4475536v1_genomic.fna	GCA_965650905.1_SRR15517647_binner13_Refined_2_genomic.fna	82.6049
GCA_044755365.1_ASM4475536v1_genomic.fna	GCA_965654005.1_SRR29654717_concoct_46_genomic.fna	82.7872
GCA_044755365.1_ASM4475536v1_genomic.fna	GCF_000367365.1_ASM36736v1_genomic.fna	83.2896
GCA_044755365.1_ASM4475536v1_genomic.fna	GCF_000695235.1_ASM69523v1_genomic.fna	80.6482
GCA_044755365.1_ASM4475536v1_genomic.fna	GCF_000716335.1_ASM71633v1_genomic.fna	81.3897
GCA_044755365.1_ASM4475536v1_genomic.fna	GCF_000717745.1_ASM71774v1_genomic.fna	80.6063
GCA_044755365.1_ASM4475536v1_genomic.fna	GCF_000719655.1_ASM71965v1_genomic.fna	81.3991
GCA_044755365.1_ASM4475536v1_genomic.fna	GCF_000721105.1_ASM72110v1_genomic.fna	84.0294
GCA_044755365.1_ASM4475536v1_genomic.fna	GCF_000721435.1_ASM72143v1_genomic.fna	83.3953
GCA_044755365.1_ASM4475536v1_genomic.fna	GCF_000725705.1_Doro.v1.0_genomic.fna	81.0499
GCA_044755365.1_ASM4475536v1_genomic.fna	GCF_001013905.1_sleC34_genomic.fna	83.7742
GCA_044755365.1_ASM4475536v1_genomic.fna	GCF_001187435.1_ASM118743v1_genomic.fna	80.8335
GCA_044755365.1_ASM4475536v1_genomic.fna	GCF_001279485.1_ASM127948v1_genomic.fna	81.0021
GCA_044755365.1_ASM4475536v1_genomic.fna	GCF_001280885.1_ASM128088v1_genomic.fna	80.8778
GCA_044755365.1_ASM4475536v1_genomic.fna	GCF_001418135.1_ASM141813v1_genomic.fna	81.5281
GCA_044755365.1_ASM4475536v1_genomic.fna	GCF_001418175.1_ASM141817v1_genomic.fna	83.6448
GCA_044755365.1_ASM4475536v1_genomic.fna	GCF_001427565.1_Root63_genomic.fna	81.131
GCA_044755365.1_ASM4475536v1_genomic.fna	GCF_001493375.1_Streptomyces_specialis_genomic.fna	79.3977
GCA_044755365.1_ASM4475536v1_genomic.fna	GCF_001751255.1_ASM175125v1_genomic.fna	79.2537
GCA_044755365.1_ASM4475536v1_genomic.fna	GCF_001941845.1_ASM194184v1_genomic.fna	81.141
GCA_044755365.1_ASM4475536v1_genomic.fna	GCF_001970135.1_ASM197013v1_genomic.fna	83.5992
GCA_044755365.1_ASM4475536v1_genomic.fna	GCF_002300165.1_ASM230016v1_genomic.fna	83.2031
GCA_044755365.1_ASM4475536v1_genomic.fna	GCF_002551065.1_ASM255106v1_genomic.fna	81.1286
GCA_044755365.1_ASM4475536v1_genomic.fna	GCF_003259355.1_ASM325935v1_genomic.fna	79.266
GCA_044755365.1_ASM4475536v1_genomic.fna	GCF_003977835.1_ASM397783v1_genomic.fna	83.1956
GCA_044755365.1_ASM4475536v1_genomic.fna	GCF_004122755.1_ASM412275v1_genomic.fna	80.6842
GCA_044755365.1_ASM4475536v1_genomic.fna	GCF_004524875.1_ASM452487v1_genomic.fna	80.8071
GCA_044755365.1_ASM4475536v1_genomic.fna	GCF_004684805.1_ASM468480v1_genomic.fna	80.7433
GCA_044755365.1_ASM4475536v1_genomic.fna	GCF_005405925.1_ASM540592v1_genomic.fna	80.3015
GCA_044755365.1_ASM4475536v1_genomic.fna	GCF_005519465.1_ASM551946v1_genomic.fna	80.891
GCA_044755365.1_ASM4475536v1_genomic.fna	GCF_005869865.1_ASM586986v1_genomic.fna	83.4948
GCA_044755365.1_ASM4475536v1_genomic.fna	GCF_005981935.1_ASM598193v1_genomic.fna	81.1277
GCA_044755365.1_ASM4475536v1_genomic.fna	GCF_009862245.1_ASM986224v1_genomic.fna	81.1785
GCA_044755365.1_ASM4475536v1_genomic.fna	GCF_009862405.1_ASM986240v1_genomic.fna	80.6029
GCA_044755365.1_ASM4475536v1_genomic.fna	GCF_009865405.1_ASM986540v1_genomic.fna	81.0154
GCA_044755365.1_ASM4475536v1_genomic.fna	GCF_010548705.1_ASM1054870v1_genomic.fna	81.1987
GCA_044755365.1_ASM4475536v1_genomic.fna	GCF_014138545.1_ASM1413854v1_genomic.fna	83.7351
GCA_044755365.1_ASM4475536v1_genomic.fna	GCF_014207295.1_ASM1420729v1_genomic.fna	83.6756
GCA_044755365.1_ASM4475536v1_genomic.fna	GCF_014648555.1_ASM1464855v1_genomic.fna	78.7683
GCA_044755365.1_ASM4475536v1_genomic.fna	GCF_014648695.1_ASM1464869v1_genomic.fna	80.7582
GCA_044755365.1_ASM4475536v1_genomic.fna	GCF_014649415.1_ASM1464941v1_genomic.fna	81.1817
GCA_044755365.1_ASM4475536v1_genomic.fna	GCF_014649435.1_ASM1464943v1_genomic.fna	83.72
GCA_044755365.1_ASM4475536v1_genomic.fna	GCF_014649515.1_ASM1464951v1_genomic.fna	83.4045
GCA_048656505.1_ASM4865650v1_genomic.fna	GCA_049998235.1_ASM4999823v1_genomic.fna	79.7626
GCA_048656505.1_ASM4865650v1_genomic.fna	GCA_049998315.1_ASM4999831v1_genomic.fna	80.1706
GCA_048656505.1_ASM4865650v1_genomic.fna	GCA_050604645.1_ASM5060464v1_genomic.fna	79.9983
GCA_048656505.1_ASM4865650v1_genomic.fna	GCA_050605165.1_ASM5060516v1_genomic.fna	80.056
GCA_048656505.1_ASM4865650v1_genomic.fna	GCA_050605505.1_ASM5060550v1_genomic.fna	80.0702
GCA_048656505.1_ASM4865650v1_genomic.fna	GCA_050608825.1_ASM5060882v1_genomic.fna	80.0024
GCA_048656505.1_ASM4865650v1_genomic.fna	GCA_963761325.1_MFD05502.bin.1.233_genomic.fna	80.1292
GCA_048656505.1_ASM4865650v1_genomic.fna	GCA_965650905.1_SRR15517647_binner13_Refined_2_genomic.fna	79.5107
GCA_048656505.1_ASM4865650v1_genomic.fna	GCA_965654005.1_SRR29654717_concoct_46_genomic.fna	78.8201
GCA_048656505.1_ASM4865650v1_genomic.fna	GCF_000367365.1_ASM36736v1_genomic.fna	79.1601
GCA_048656505.1_ASM4865650v1_genomic.fna	GCF_000695235.1_ASM69523v1_genomic.fna	80.4279
GCA_048656505.1_ASM4865650v1_genomic.fna	GCF_000716335.1_ASM71633v1_genomic.fna	79.9834
GCA_048656505.1_ASM4865650v1_genomic.fna	GCF_000717745.1_ASM71774v1_genomic.fna	80.1606
GCA_048656505.1_ASM4865650v1_genomic.fna	GCF_000719655.1_ASM71965v1_genomic.fna	79.9603
GCA_048656505.1_ASM4865650v1_genomic.fna	GCF_000721105.1_ASM72110v1_genomic.fna	79.4661
GCA_048656505.1_ASM4865650v1_genomic.fna	GCF_000721435.1_ASM72143v1_genomic.fna	80.0177
GCA_048656505.1_ASM4865650v1_genomic.fna	GCF_000725705.1_Doro.v1.0_genomic.fna	79.5736
GCA_048656505.1_ASM4865650v1_genomic.fna	GCF_001013905.1_sleC34_genomic.fna	80.08
GCA_048656505.1_ASM4865650v1_genomic.fna	GCF_001187435.1_ASM118743v1_genomic.fna	80.5996
GCA_048656505.1_ASM4865650v1_genomic.fna	GCF_001279485.1_ASM127948v1_genomic.fna	79.8271
GCA_048656505.1_ASM4865650v1_genomic.fna	GCF_001280885.1_ASM128088v1_genomic.fna	79.8407
GCA_048656505.1_ASM4865650v1_genomic.fna	GCF_001418135.1_ASM141813v1_genomic.fna	79.8153
GCA_048656505.1_ASM4865650v1_genomic.fna	GCF_001418175.1_ASM141817v1_genomic.fna	79.6935
GCA_048656505.1_ASM4865650v1_genomic.fna	GCF_001427565.1_Root63_genomic.fna	79.5291
GCA_048656505.1_ASM4865650v1_genomic.fna	GCF_001493375.1_Streptomyces_specialis_genomic.fna	80.102
GCA_048656505.1_ASM4865650v1_genomic.fna	GCF_001751255.1_ASM175125v1_genomic.fna	79.9118
GCA_048656505.1_ASM4865650v1_genomic.fna	GCF_001941845.1_ASM194184v1_genomic.fna	80.0343
GCA_048656505.1_ASM4865650v1_genomic.fna	GCF_001970135.1_ASM197013v1_genomic.fna	79.9241
GCA_048656505.1_ASM4865650v1_genomic.fna	GCF_002300165.1_ASM230016v1_genomic.fna	79.6813
GCA_048656505.1_ASM4865650v1_genomic.fna	GCF_002551065.1_ASM255106v1_genomic.fna	79.6881
GCA_048656505.1_ASM4865650v1_genomic.fna	GCF_003259355.1_ASM325935v1_genomic.fna	79.8166
GCA_048656505.1_ASM4865650v1_genomic.fna	GCF_003977835.1_ASM397783v1_genomic.fna	79.8334
GCA_048656505.1_ASM4865650v1_genomic.fna	GCF_004122755.1_ASM412275v1_genomic.fna	80.3452
GCA_048656505.1_ASM4865650v1_genomic.fna	GCF_004524875.1_ASM452487v1_genomic.fna	79.3876
GCA_048656505.1_ASM4865650v1_genomic.fna	GCF_004684805.1_ASM468480v1_genomic.fna	80.6706
GCA_048656505.1_ASM4865650v1_genomic.fna	GCF_005405925.1_ASM540592v1_genomic.fna	80.0607
GCA_048656505.1_ASM4865650v1_genomic.fna	GCF_005519465.1_ASM551946v1_genomic.fna	79.9109
GCA_048656505.1_ASM4865650v1_genomic.fna	GCF_005869865.1_ASM586986v1_genomic.fna	79.4229
GCA_048656505.1_ASM4865650v1_genomic.fna	GCF_005981935.1_ASM598193v1_genomic.fna	79.9943
GCA_048656505.1_ASM4865650v1_genomic.fna	GCF_009862245.1_ASM986224v1_genomic.fna	79.7277
GCA_048656505.1_ASM4865650v1_genomic.fna	GCF_009862405.1_ASM986240v1_genomic.fna	79.6181
GCA_048656505.1_ASM4865650v1_genomic.fna	GCF_009865405.1_ASM986540v1_genomic.fna	79.6901
GCA_048656505.1_ASM4865650v1_genomic.fna	GCF_010548705.1_ASM1054870v1_genomic.fna	79.6272
GCA_048656505.1_ASM4865650v1_genomic.fna	GCF_014138545.1_ASM1413854v1_genomic.fna	80.1218
GCA_048656505.1_ASM4865650v1_genomic.fna	GCF_014207295.1_ASM1420729v1_genomic.fna	79.5808
GCA_048656505.1_ASM4865650v1_genomic.fna	GCF_014648555.1_ASM1464855v1_genomic.fna	78.8853
GCA_048656505.1_ASM4865650v1_genomic.fna	GCF_014648695.1_ASM1464869v1_genomic.fna	80.2687
GCA_048656505.1_ASM4865650v1_genomic.fna	GCF_014649415.1_ASM1464941v1_genomic.fna	79.6352
GCA_048656505.1_ASM4865650v1_genomic.fna	GCF_014649435.1_ASM1464943v1_genomic.fna	79.6619
GCA_048656505.1_ASM4865650v1_genomic.fna	GCF_014649515.1_ASM1464951v1_genomic.fna	79.7883
GCA_049998235.1_ASM4999823v1_genomic.fna	GCA_049998315.1_ASM4999831v1_genomic.fna	81.6187
GCA_049998235.1_ASM4999823v1_genomic.fna	GCA_050604645.1_ASM5060464v1_genomic.fna	81.0562
GCA_049998235.1_ASM4999823v1_genomic.fna	GCA_050605165.1_ASM5060516v1_genomic.fna	81.1127
GCA_049998235.1_ASM4999823v1_genomic.fna	GCA_050605505.1_ASM5060550v1_genomic.fna	81.1363
GCA_049998235.1_ASM4999823v1_genomic.fna	GCA_050608825.1_ASM5060882v1_genomic.fna	81.1663
GCA_049998235.1_ASM4999823v1_genomic.fna	GCA_963761325.1_MFD05502.bin.1.233_genomic.fna	79.815
GCA_049998235.1_ASM4999823v1_genomic.fna	GCA_965650905.1_SRR15517647_binner13_Refined_2_genomic.fna	81.3207
GCA_049998235.1_ASM4999823v1_genomic.fna	GCA_965654005.1_SRR29654717_concoct_46_genomic.fna	80.3706
GCA_049998235.1_ASM4999823v1_genomic.fna	GCF_000367365.1_ASM36736v1_genomic.fna	80.7576
GCA_049998235.1_ASM4999823v1_genomic.fna	GCF_000695235.1_ASM69523v1_genomic.fna	80.8477
GCA_049998235.1_ASM4999823v1_genomic.fna	GCF_000716335.1_ASM71633v1_genomic.fna	82.3943
GCA_049998235.1_ASM4999823v1_genomic.fna	GCF_000717745.1_ASM71774v1_genomic.fna	81.0201
GCA_049998235.1_ASM4999823v1_genomic.fna	GCF_000719655.1_ASM71965v1_genomic.fna	82.552
GCA_049998235.1_ASM4999823v1_genomic.fna	GCF_000721105.1_ASM72110v1_genomic.fna	81.0598
GCA_049998235.1_ASM4999823v1_genomic.fna	GCF_000721435.1_ASM72143v1_genomic.fna	81.0198
GCA_049998235.1_ASM4999823v1_genomic.fna	GCF_000725705.1_Doro.v1.0_genomic.fna	82.3844
GCA_049998235.1_ASM4999823v1_genomic.fna	GCF_001013905.1_sleC34_genomic.fna	81.2949
GCA_049998235.1_ASM4999823v1_genomic.fna	GCF_001187435.1_ASM118743v1_genomic.fna	81.0829
GCA_049998235.1_ASM4999823v1_genomic.fna	GCF_001279485.1_ASM127948v1_genomic.fna	81.8452
GCA_049998235.1_ASM4999823v1_genomic.fna	GCF_001280885.1_ASM128088v1_genomic.fna	81.8831
GCA_049998235.1_ASM4999823v1_genomic.fna	GCF_001418135.1_ASM141813v1_genomic.fna	82.0727
GCA_049998235.1_ASM4999823v1_genomic.fna	GCF_001418175.1_ASM141817v1_genomic.fna	81.2418
GCA_049998235.1_ASM4999823v1_genomic.fna	GCF_001427565.1_Root63_genomic.fna	82.3539
GCA_049998235.1_ASM4999823v1_genomic.fna	GCF_001493375.1_Streptomyces_specialis_genomic.fna	79.4124
GCA_049998235.1_ASM4999823v1_genomic.fna	GCF_001751255.1_ASM175125v1_genomic.fna	79.8711
GCA_049998235.1_ASM4999823v1_genomic.fna	GCF_001941845.1_ASM194184v1_genomic.fna	81.7659
GCA_049998235.1_ASM4999823v1_genomic.fna	GCF_001970135.1_ASM197013v1_genomic.fna	81.0624
GCA_049998235.1_ASM4999823v1_genomic.fna	GCF_002300165.1_ASM230016v1_genomic.fna	81.3904
GCA_049998235.1_ASM4999823v1_genomic.fna	GCF_002551065.1_ASM255106v1_genomic.fna	82.5153
GCA_049998235.1_ASM4999823v1_genomic.fna	GCF_003259355.1_ASM325935v1_genomic.fna	79.7572
GCA_049998235.1_ASM4999823v1_genomic.fna	GCF_003977835.1_ASM397783v1_genomic.fna	80.8664
GCA_049998235.1_ASM4999823v1_genomic.fna	GCF_004122755.1_ASM412275v1_genomic.fna	81.1544
GCA_049998235.1_ASM4999823v1_genomic.fna	GCF_004524875.1_ASM452487v1_genomic.fna	81.9611
GCA_049998235.1_ASM4999823v1_genomic.fna	GCF_004684805.1_ASM468480v1_genomic.fna	80.9044
GCA_049998235.1_ASM4999823v1_genomic.fna	GCF_005405925.1_ASM540592v1_genomic.fna	80.434
GCA_049998235.1_ASM4999823v1_genomic.fna	GCF_005519465.1_ASM551946v1_genomic.fna	81.3726
GCA_049998235.1_ASM4999823v1_genomic.fna	GCF_005869865.1_ASM586986v1_genomic.fna	81.0085
GCA_049998235.1_ASM4999823v1_genomic.fna	GCF_005981935.1_ASM598193v1_genomic.fna	90.4779
GCA_049998235.1_ASM4999823v1_genomic.fna	GCF_009862245.1_ASM986224v1_genomic.fna	82.3583
GCA_049998235.1_ASM4999823v1_genomic.fna	GCF_009862405.1_ASM986240v1_genomic.fna	80.6345
GCA_049998235.1_ASM4999823v1_genomic.fna	GCF_009865405.1_ASM986540v1_genomic.fna	82.3529
GCA_049998235.1_ASM4999823v1_genomic.fna	GCF_010548705.1_ASM1054870v1_genomic.fna	82.402
GCA_049998235.1_ASM4999823v1_genomic.fna	GCF_014138545.1_ASM1413854v1_genomic.fna	81.2212
GCA_049998235.1_ASM4999823v1_genomic.fna	GCF_014207295.1_ASM1420729v1_genomic.fna	80.966
GCA_049998235.1_ASM4999823v1_genomic.fna	GCF_014648555.1_ASM1464855v1_genomic.fna	78.9182
GCA_049998235.1_ASM4999823v1_genomic.fna	GCF_014648695.1_ASM1464869v1_genomic.fna	81.1003
GCA_049998235.1_ASM4999823v1_genomic.fna	GCF_014649415.1_ASM1464941v1_genomic.fna	82.3993
GCA_049998235.1_ASM4999823v1_genomic.fna	GCF_014649435.1_ASM1464943v1_genomic.fna	81.1053
GCA_049998235.1_ASM4999823v1_genomic.fna	GCF_014649515.1_ASM1464951v1_genomic.fna	80.945
GCA_049998315.1_ASM4999831v1_genomic.fna	GCA_050604645.1_ASM5060464v1_genomic.fna	88.3314
GCA_049998315.1_ASM4999831v1_genomic.fna	GCA_050605165.1_ASM5060516v1_genomic.fna	88.4918
GCA_049998315.1_ASM4999831v1_genomic.fna	GCA_050605505.1_ASM5060550v1_genomic.fna	88.4988
GCA_049998315.1_ASM4999831v1_genomic.fna	GCA_050608825.1_ASM5060882v1_genomic.fna	88.4642
GCA_049998315.1_ASM4999831v1_genomic.fna	GCA_963761325.1_MFD05502.bin.1.233_genomic.fna	80.1789
GCA_049998315.1_ASM4999831v1_genomic.fna	GCA_965650905.1_SRR15517647_binner13_Refined_2_genomic.fna	82.9396
GCA_049998315.1_ASM4999831v1_genomic.fna	GCA_965654005.1_SRR29654717_concoct_46_genomic.fna	82.7521
GCA_049998315.1_ASM4999831v1_genomic.fna	GCF_000367365.1_ASM36736v1_genomic.fna	83.2103
GCA_049998315.1_ASM4999831v1_genomic.fna	GCF_000695235.1_ASM69523v1_genomic.fna	81.1455
GCA_049998315.1_ASM4999831v1_genomic.fna	GCF_000716335.1_ASM71633v1_genomic.fna	81.8761
GCA_049998315.1_ASM4999831v1_genomic.fna	GCF_000717745.1_ASM71774v1_genomic.fna	81.2459
GCA_049998315.1_ASM4999831v1_genomic.fna	GCF_000719655.1_ASM71965v1_genomic.fna	81.717
GCA_049998315.1_ASM4999831v1_genomic.fna	GCF_000721105.1_ASM72110v1_genomic.fna	84.1931
GCA_049998315.1_ASM4999831v1_genomic.fna	GCF_000721435.1_ASM72143v1_genomic.fna	84.4472
GCA_049998315.1_ASM4999831v1_genomic.fna	GCF_000725705.1_Doro.v1.0_genomic.fna	81.3309
GCA_049998315.1_ASM4999831v1_genomic.fna	GCF_001013905.1_sleC34_genomic.fna	85.3297
GCA_049998315.1_ASM4999831v1_genomic.fna	GCF_001187435.1_ASM118743v1_genomic.fna	80.9905
GCA_049998315.1_ASM4999831v1_genomic.fna	GCF_001279485.1_ASM127948v1_genomic.fna	81.2898
GCA_049998315.1_ASM4999831v1_genomic.fna	GCF_001280885.1_ASM128088v1_genomic.fna	81.21
GCA_049998315.1_ASM4999831v1_genomic.fna	GCF_001418135.1_ASM141813v1_genomic.fna	81.999
GCA_049998315.1_ASM4999831v1_genomic.fna	GCF_001418175.1_ASM141817v1_genomic.fna	84.7231
GCA_049998315.1_ASM4999831v1_genomic.fna	GCF_001427565.1_Root63_genomic.fna	81.3189
GCA_049998315.1_ASM4999831v1_genomic.fna	GCF_001493375.1_Streptomyces_specialis_genomic.fna	79.768
GCA_049998315.1_ASM4999831v1_genomic.fna	GCF_001751255.1_ASM175125v1_genomic.fna	79.8477
GCA_049998315.1_ASM4999831v1_genomic.fna	GCF_001941845.1_ASM194184v1_genomic.fna	81.2744
GCA_049998315.1_ASM4999831v1_genomic.fna	GCF_001970135.1_ASM197013v1_genomic.fna	88.4105
GCA_049998315.1_ASM4999831v1_genomic.fna	GCF_002300165.1_ASM230016v1_genomic.fna	83.3847
GCA_049998315.1_ASM4999831v1_genomic.fna	GCF_002551065.1_ASM255106v1_genomic.fna	81.4038
GCA_049998315.1_ASM4999831v1_genomic.fna	GCF_003259355.1_ASM325935v1_genomic.fna	79.8262
GCA_049998315.1_ASM4999831v1_genomic.fna	GCF_003977835.1_ASM397783v1_genomic.fna	84.5434
GCA_049998315.1_ASM4999831v1_genomic.fna	GCF_004122755.1_ASM412275v1_genomic.fna	81.0685
GCA_049998315.1_ASM4999831v1_genomic.fna	GCF_004524875.1_ASM452487v1_genomic.fna	81.0016
GCA_049998315.1_ASM4999831v1_genomic.fna	GCF_004684805.1_ASM468480v1_genomic.fna	80.9944
GCA_049998315.1_ASM4999831v1_genomic.fna	GCF_005405925.1_ASM540592v1_genomic.fna	80.5319
GCA_049998315.1_ASM4999831v1_genomic.fna	GCF_005519465.1_ASM551946v1_genomic.fna	81.2701
GCA_049998315.1_ASM4999831v1_genomic.fna	GCF_005869865.1_ASM586986v1_genomic.fna	84.4539
GCA_049998315.1_ASM4999831v1_genomic.fna	GCF_005981935.1_ASM598193v1_genomic.fna	81.4639
GCA_049998315.1_ASM4999831v1_genomic.fna	GCF_009862245.1_ASM986224v1_genomic.fna	81.4766
GCA_049998315.1_ASM4999831v1_genomic.fna	GCF_009862405.1_ASM986240v1_genomic.fna	80.951
GCA_049998315.1_ASM4999831v1_genomic.fna	GCF_009865405.1_ASM986540v1_genomic.fna	81.0743
GCA_049998315.1_ASM4999831v1_genomic.fna	GCF_010548705.1_ASM1054870v1_genomic.fna	81.4671
GCA_049998315.1_ASM4999831v1_genomic.fna	GCF_014138545.1_ASM1413854v1_genomic.fna	84.8853
GCA_049998315.1_ASM4999831v1_genomic.fna	GCF_014207295.1_ASM1420729v1_genomic.fna	84.6114
GCA_049998315.1_ASM4999831v1_genomic.fna	GCF_014648555.1_ASM1464855v1_genomic.fna	79.0973
GCA_049998315.1_ASM4999831v1_genomic.fna	GCF_014648695.1_ASM1464869v1_genomic.fna	81.1812
GCA_049998315.1_ASM4999831v1_genomic.fna	GCF_014649415.1_ASM1464941v1_genomic.fna	81.4253
GCA_049998315.1_ASM4999831v1_genomic.fna	GCF_014649435.1_ASM1464943v1_genomic.fna	84.2255
GCA_049998315.1_ASM4999831v1_genomic.fna	GCF_014649515.1_ASM1464951v1_genomic.fna	84.6363
GCA_050604645.1_ASM5060464v1_genomic.fna	GCA_050605165.1_ASM5060516v1_genomic.fna	99.999
GCA_050604645.1_ASM5060464v1_genomic.fna	GCA_050605505.1_ASM5060550v1_genomic.fna	99.9988
GCA_050604645.1_ASM5060464v1_genomic.fna	GCA_050608825.1_ASM5060882v1_genomic.fna	99.999
GCA_050604645.1_ASM5060464v1_genomic.fna	GCA_963761325.1_MFD05502.bin.1.233_genomic.fna	80.0068
GCA_050604645.1_ASM5060464v1_genomic.fna	GCA_965650905.1_SRR15517647_binner13_Refined_2_genomic.fna	82.8345
GCA_050604645.1_ASM5060464v1_genomic.fna	GCA_965654005.1_SRR29654717_concoct_46_genomic.fna	82.8473
GCA_050604645.1_ASM5060464v1_genomic.fna	GCF_000367365.1_ASM36736v1_genomic.fna	82.9784
GCA_050604645.1_ASM5060464v1_genomic.fna	GCF_000695235.1_ASM69523v1_genomic.fna	81.0982
GCA_050604645.1_ASM5060464v1_genomic.fna	GCF_000716335.1_ASM71633v1_genomic.fna	81.66
GCA_050604645.1_ASM5060464v1_genomic.fna	GCF_000717745.1_ASM71774v1_genomic.fna	80.9455
GCA_050604645.1_ASM5060464v1_genomic.fna	GCF_000719655.1_ASM71965v1_genomic.fna	81.52
GCA_050604645.1_ASM5060464v1_genomic.fna	GCF_000721105.1_ASM72110v1_genomic.fna	84.1273
GCA_050604645.1_ASM5060464v1_genomic.fna	GCF_000721435.1_ASM72143v1_genomic.fna	84.4236
GCA_050604645.1_ASM5060464v1_genomic.fna	GCF_000725705.1_Doro.v1.0_genomic.fna	81.0975
GCA_050604645.1_ASM5060464v1_genomic.fna	GCF_001013905.1_sleC34_genomic.fna	85.5019
GCA_050604645.1_ASM5060464v1_genomic.fna	GCF_001187435.1_ASM118743v1_genomic.fna	81.0416
GCA_050604645.1_ASM5060464v1_genomic.fna	GCF_001279485.1_ASM127948v1_genomic.fna	81.0627
GCA_050604645.1_ASM5060464v1_genomic.fna	GCF_001280885.1_ASM128088v1_genomic.fna	81.0892
GCA_050604645.1_ASM5060464v1_genomic.fna	GCF_001418135.1_ASM141813v1_genomic.fna	81.6788
GCA_050604645.1_ASM5060464v1_genomic.fna	GCF_001418175.1_ASM141817v1_genomic.fna	84.6028
GCA_050604645.1_ASM5060464v1_genomic.fna	GCF_001427565.1_Root63_genomic.fna	81.4874
GCA_050604645.1_ASM5060464v1_genomic.fna	GCF_001493375.1_Streptomyces_specialis_genomic.fna	79.4254
GCA_050604645.1_ASM5060464v1_genomic.fna	GCF_001751255.1_ASM175125v1_genomic.fna	79.7
GCA_050604645.1_ASM5060464v1_genomic.fna	GCF_001941845.1_ASM194184v1_genomic.fna	81.1112
GCA_050604645.1_ASM5060464v1_genomic.fna	GCF_001970135.1_ASM197013v1_genomic.fna	92.9039
GCA_050604645.1_ASM5060464v1_genomic.fna	GCF_002300165.1_ASM230016v1_genomic.fna	83.2838
GCA_050604645.1_ASM5060464v1_genomic.fna	GCF_002551065.1_ASM255106v1_genomic.fna	81.2202
GCA_050604645.1_ASM5060464v1_genomic.fna	GCF_003259355.1_ASM325935v1_genomic.fna	79.6057
GCA_050604645.1_ASM5060464v1_genomic.fna	GCF_003977835.1_ASM397783v1_genomic.fna	84.3042
GCA_050604645.1_ASM5060464v1_genomic.fna	GCF_004122755.1_ASM412275v1_genomic.fna	80.9561
GCA_050604645.1_ASM5060464v1_genomic.fna	GCF_004524875.1_ASM452487v1_genomic.fna	80.8376
GCA_050604645.1_ASM5060464v1_genomic.fna	GCF_004684805.1_ASM468480v1_genomic.fna	80.8428
GCA_050604645.1_ASM5060464v1_genomic.fna	GCF_005405925.1_ASM540592v1_genomic.fna	80.6967
GCA_050604645.1_ASM5060464v1_genomic.fna	GCF_005519465.1_ASM551946v1_genomic.fna	81.0969
GCA_050604645.1_ASM5060464v1_genomic.fna	GCF_005869865.1_ASM586986v1_genomic.fna	84.3534
GCA_050604645.1_ASM5060464v1_genomic.fna	GCF_005981935.1_ASM598193v1_genomic.fna	81.3785
GCA_050604645.1_ASM5060464v1_genomic.fna	GCF_009862245.1_ASM986224v1_genomic.fna	81.174
GCA_050604645.1_ASM5060464v1_genomic.fna	GCF_009862405.1_ASM986240v1_genomic.fna	80.5756
GCA_050604645.1_ASM5060464v1_genomic.fna	GCF_009865405.1_ASM986540v1_genomic.fna	81.0195
GCA_050604645.1_ASM5060464v1_genomic.fna	GCF_010548705.1_ASM1054870v1_genomic.fna	81.2103
GCA_050604645.1_ASM5060464v1_genomic.fna	GCF_014138545.1_ASM1413854v1_genomic.fna	84.8223
GCA_050604645.1_ASM5060464v1_genomic.fna	GCF_014207295.1_ASM1420729v1_genomic.fna	84.6481
GCA_050604645.1_ASM5060464v1_genomic.fna	GCF_014648555.1_ASM1464855v1_genomic.fna	79.0221
GCA_050604645.1_ASM5060464v1_genomic.fna	GCF_014648695.1_ASM1464869v1_genomic.fna	81.041
GCA_050604645.1_ASM5060464v1_genomic.fna	GCF_014649415.1_ASM1464941v1_genomic.fna	81.1631
GCA_050604645.1_ASM5060464v1_genomic.fna	GCF_014649435.1_ASM1464943v1_genomic.fna	84.2756
GCA_050604645.1_ASM5060464v1_genomic.fna	GCF_014649515.1_ASM1464951v1_genomic.fna	84.5618
GCA_050605165.1_ASM5060516v1_genomic.fna	GCA_050605505.1_ASM5060550v1_genomic.fna	99.9995
GCA_050605165.1_ASM5060516v1_genomic.fna	GCA_050608825.1_ASM5060882v1_genomic.fna	99.9997
GCA_050605165.1_ASM5060516v1_genomic.fna	GCA_963761325.1_MFD05502.bin.1.233_genomic.fna	80.0665
GCA_050605165.1_ASM5060516v1_genomic.fna	GCA_965650905.1_SRR15517647_binner13_Refined_2_genomic.fna	82.8766
GCA_050605165.1_ASM5060516v1_genomic.fna	GCA_965654005.1_SRR29654717_concoct_46_genomic.fna	82.9449
GCA_050605165.1_ASM5060516v1_genomic.fna	GCF_000367365.1_ASM36736v1_genomic.fna	83.0043
GCA_050605165.1_ASM5060516v1_genomic.fna	GCF_000695235.1_ASM69523v1_genomic.fna	81.1508
GCA_050605165.1_ASM5060516v1_genomic.fna	GCF_000716335.1_ASM71633v1_genomic.fna	81.7789
GCA_050605165.1_ASM5060516v1_genomic.fna	GCF_000717745.1_ASM71774v1_genomic.fna	81.003
GCA_050605165.1_ASM5060516v1_genomic.fna	GCF_000719655.1_ASM71965v1_genomic.fna	81.5467
GCA_050605165.1_ASM5060516v1_genomic.fna	GCF_000721105.1_ASM72110v1_genomic.fna	84.2178
GCA_050605165.1_ASM5060516v1_genomic.fna	GCF_000721435.1_ASM72143v1_genomic.fna	84.4936
GCA_050605165.1_ASM5060516v1_genomic.fna	GCF_000725705.1_Doro.v1.0_genomic.fna	81.1344
GCA_050605165.1_ASM5060516v1_genomic.fna	GCF_001013905.1_sleC34_genomic.fna	85.5505
GCA_050605165.1_ASM5060516v1_genomic.fna	GCF_001187435.1_ASM118743v1_genomic.fna	81.0152
GCA_050605165.1_ASM5060516v1_genomic.fna	GCF_001279485.1_ASM127948v1_genomic.fna	81.0974
GCA_050605165.1_ASM5060516v1_genomic.fna	GCF_001280885.1_ASM128088v1_genomic.fna	81.1616
GCA_050605165.1_ASM5060516v1_genomic.fna	GCF_001418135.1_ASM141813v1_genomic.fna	81.8104
GCA_050605165.1_ASM5060516v1_genomic.fna	GCF_001418175.1_ASM141817v1_genomic.fna	84.6626
GCA_050605165.1_ASM5060516v1_genomic.fna	GCF_001427565.1_Root63_genomic.fna	81.6283
GCA_050605165.1_ASM5060516v1_genomic.fna	GCF_001493375.1_Streptomyces_specialis_genomic.fna	79.4977
GCA_050605165.1_ASM5060516v1_genomic.fna	GCF_001751255.1_ASM175125v1_genomic.fna	79.7186
GCA_050605165.1_ASM5060516v1_genomic.fna	GCF_001941845.1_ASM194184v1_genomic.fna	81.1596
GCA_050605165.1_ASM5060516v1_genomic.fna	GCF_001970135.1_ASM197013v1_genomic.fna	92.9737
GCA_050605165.1_ASM5060516v1_genomic.fna	GCF_002300165.1_ASM230016v1_genomic.fna	83.3429
GCA_050605165.1_ASM5060516v1_genomic.fna	GCF_002551065.1_ASM255106v1_genomic.fna	81.2253
GCA_050605165.1_ASM5060516v1_genomic.fna	GCF_003259355.1_ASM325935v1_genomic.fna	79.6336
GCA_050605165.1_ASM5060516v1_genomic.fna	GCF_003977835.1_ASM397783v1_genomic.fna	84.4907
GCA_050605165.1_ASM5060516v1_genomic.fna	GCF_004122755.1_ASM412275v1_genomic.fna	81.0027
GCA_050605165.1_ASM5060516v1_genomic.fna	GCF_004524875.1_ASM452487v1_genomic.fna	80.957
GCA_050605165.1_ASM5060516v1_genomic.fna	GCF_004684805.1_ASM468480v1_genomic.fna	80.9641
GCA_050605165.1_ASM5060516v1_genomic.fna	GCF_005405925.1_ASM540592v1_genomic.fna	80.8031
GCA_050605165.1_ASM5060516v1_genomic.fna	GCF_005519465.1_ASM551946v1_genomic.fna	81.207
GCA_050605165.1_ASM5060516v1_genomic.fna	GCF_005869865.1_ASM586986v1_genomic.fna	84.4438
GCA_050605165.1_ASM5060516v1_genomic.fna	GCF_005981935.1_ASM598193v1_genomic.fna	81.382
GCA_050605165.1_ASM5060516v1_genomic.fna	GCF_009862245.1_ASM986224v1_genomic.fna	81.2979
GCA_050605165.1_ASM5060516v1_genomic.fna	GCF_009862405.1_ASM986240v1_genomic.fna	80.7093
GCA_050605165.1_ASM5060516v1_genomic.fna	GCF_009865405.1_ASM986540v1_genomic.fna	80.9893
GCA_050605165.1_ASM5060516v1_genomic.fna	GCF_010548705.1_ASM1054870v1_genomic.fna	81.3802
GCA_050605165.1_ASM5060516v1_genomic.fna	GCF_014138545.1_ASM1413854v1_genomic.fna	85.0205
GCA_050605165.1_ASM5060516v1_genomic.fna	GCF_014207295.1_ASM1420729v1_genomic.fna	84.7044
GCA_050605165.1_ASM5060516v1_genomic.fna	GCF_014648555.1_ASM1464855v1_genomic.fna	79.1028
GCA_050605165.1_ASM5060516v1_genomic.fna	GCF_014648695.1_ASM1464869v1_genomic.fna	81.1369
GCA_050605165.1_ASM5060516v1_genomic.fna	GCF_014649415.1_ASM1464941v1_genomic.fna	81.2385
GCA_050605165.1_ASM5060516v1_genomic.fna	GCF_014649435.1_ASM1464943v1_genomic.fna	84.4028
GCA_050605165.1_ASM5060516v1_genomic.fna	GCF_014649515.1_ASM1464951v1_genomic.fna	84.6501
GCA_050605505.1_ASM5060550v1_genomic.fna	GCA_050608825.1_ASM5060882v1_genomic.fna	99.9997
GCA_050605505.1_ASM5060550v1_genomic.fna	GCA_963761325.1_MFD05502.bin.1.233_genomic.fna	80.0322
GCA_050605505.1_ASM5060550v1_genomic.fna	GCA_965650905.1_SRR15517647_binner13_Refined_2_genomic.fna	82.8824
GCA_050605505.1_ASM5060550v1_genomic.fna	GCA_965654005.1_SRR29654717_concoct_46_genomic.fna	82.9013
GCA_050605505.1_ASM5060550v1_genomic.fna	GCF_000367365.1_ASM36736v1_genomic.fna	83.0587
GCA_050605505.1_ASM5060550v1_genomic.fna	GCF_000695235.1_ASM69523v1_genomic.fna	81.1188
GCA_050605505.1_ASM5060550v1_genomic.fna	GCF_000716335.1_ASM71633v1_genomic.fna	81.7724
GCA_050605505.1_ASM5060550v1_genomic.fna	GCF_000717745.1_ASM71774v1_genomic.fna	81.0217
GCA_050605505.1_ASM5060550v1_genomic.fna	GCF_000719655.1_ASM71965v1_genomic.fna	81.5535
GCA_050605505.1_ASM5060550v1_genomic.fna	GCF_000721105.1_ASM72110v1_genomic.fna	84.2154
GCA_050605505.1_ASM5060550v1_genomic.fna	GCF_000721435.1_ASM72143v1_genomic.fna	84.5382
GCA_050605505.1_ASM5060550v1_genomic.fna	GCF_000725705.1_Doro.v1.0_genomic.fna	81.1276
GCA_050605505.1_ASM5060550v1_genomic.fna	GCF_001013905.1_sleC34_genomic.fna	85.5228
GCA_050605505.1_ASM5060550v1_genomic.fna	GCF_001187435.1_ASM118743v1_genomic.fna	81.0158
GCA_050605505.1_ASM5060550v1_genomic.fna	GCF_001279485.1_ASM127948v1_genomic.fna	81.1629
GCA_050605505.1_ASM5060550v1_genomic.fna	GCF_001280885.1_ASM128088v1_genomic.fna	81.1044
GCA_050605505.1_ASM5060550v1_genomic.fna	GCF_001418135.1_ASM141813v1_genomic.fna	81.8318
GCA_050605505.1_ASM5060550v1_genomic.fna	GCF_001418175.1_ASM141817v1_genomic.fna	84.6632
GCA_050605505.1_ASM5060550v1_genomic.fna	GCF_001427565.1_Root63_genomic.fna	81.6108
GCA_050605505.1_ASM5060550v1_genomic.fna	GCF_001493375.1_Streptomyces_specialis_genomic.fna	79.6063
GCA_050605505.1_ASM5060550v1_genomic.fna	GCF_001751255.1_ASM175125v1_genomic.fna	79.7583
GCA_050605505.1_ASM5060550v1_genomic.fna	GCF_001941845.1_ASM194184v1_genomic.fna	81.1625
GCA_050605505.1_ASM5060550v1_genomic.fna	GCF_001970135.1_ASM197013v1_genomic.fna	92.9942
GCA_050605505.1_ASM5060550v1_genomic.fna	GCF_002300165.1_ASM230016v1_genomic.fna	83.3645
GCA_050605505.1_ASM5060550v1_genomic.fna	GCF_002551065.1_ASM255106v1_genomic.fna	81.2157
GCA_050605505.1_ASM5060550v1_genomic.fna	GCF_003259355.1_ASM325935v1_genomic.fna	79.6539
GCA_050605505.1_ASM5060550v1_genomic.fna	GCF_003977835.1_ASM397783v1_genomic.fna	84.4358
GCA_050605505.1_ASM5060550v1_genomic.fna	GCF_004122755.1_ASM412275v1_genomic.fna	81.0247
GCA_050605505.1_ASM5060550v1_genomic.fna	GCF_004524875.1_ASM452487v1_genomic.fna	80.964
GCA_050605505.1_ASM5060550v1_genomic.fna	GCF_004684805.1_ASM468480v1_genomic.fna	80.9248
GCA_050605505.1_ASM5060550v1_genomic.fna	GCF_005405925.1_ASM540592v1_genomic.fna	80.6571
GCA_050605505.1_ASM5060550v1_genomic.fna	GCF_005519465.1_ASM551946v1_genomic.fna	81.1593
GCA_050605505.1_ASM5060550v1_genomic.fna	GCF_005869865.1_ASM586986v1_genomic.fna	84.4848
GCA_050605505.1_ASM5060550v1_genomic.fna	GCF_005981935.1_ASM598193v1_genomic.fna	81.411
GCA_050605505.1_ASM5060550v1_genomic.fna	GCF_009862245.1_ASM986224v1_genomic.fna	81.3567
GCA_050605505.1_ASM5060550v1_genomic.fna	GCF_009862405.1_ASM986240v1_genomic.fna	80.7022
GCA_050605505.1_ASM5060550v1_genomic.fna	GCF_009865405.1_ASM986540v1_genomic.fna	80.9715
GCA_050605505.1_ASM5060550v1_genomic.fna	GCF_010548705.1_ASM1054870v1_genomic.fna	81.3299
GCA_050605505.1_ASM5060550v1_genomic.fna	GCF_014138545.1_ASM1413854v1_genomic.fna	84.9827
GCA_050605505.1_ASM5060550v1_genomic.fna	GCF_014207295.1_ASM1420729v1_genomic.fna	84.685
GCA_050605505.1_ASM5060550v1_genomic.fna	GCF_014648555.1_ASM1464855v1_genomic.fna	79.1877
GCA_050605505.1_ASM5060550v1_genomic.fna	GCF_014648695.1_ASM1464869v1_genomic.fna	81.1458
GCA_050605505.1_ASM5060550v1_genomic.fna	GCF_014649415.1_ASM1464941v1_genomic.fna	81.2562
GCA_050605505.1_ASM5060550v1_genomic.fna	GCF_014649435.1_ASM1464943v1_genomic.fna	84.4004
GCA_050605505.1_ASM5060550v1_genomic.fna	GCF_014649515.1_ASM1464951v1_genomic.fna	84.6623
GCA_050608825.1_ASM5060882v1_genomic.fna	GCA_963761325.1_MFD05502.bin.1.233_genomic.fna	80.0274
GCA_050608825.1_ASM5060882v1_genomic.fna	GCA_965650905.1_SRR15517647_binner13_Refined_2_genomic.fna	82.864
GCA_050608825.1_ASM5060882v1_genomic.fna	GCA_965654005.1_SRR29654717_concoct_46_genomic.fna	82.789
GCA_050608825.1_ASM5060882v1_genomic.fna	GCF_000367365.1_ASM36736v1_genomic.fna	83.0099
GCA_050608825.1_ASM5060882v1_genomic.fna	GCF_000695235.1_ASM69523v1_genomic.fna	81.1106
GCA_050608825.1_ASM5060882v1_genomic.fna	GCF_000716335.1_ASM71633v1_genomic.fna	81.7963
GCA_050608825.1_ASM5060882v1_genomic.fna	GCF_000717745.1_ASM71774v1_genomic.fna	81.0013
GCA_050608825.1_ASM5060882v1_genomic.fna	GCF_000719655.1_ASM71965v1_genomic.fna	81.5339
GCA_050608825.1_ASM5060882v1_genomic.fna	GCF_000721105.1_ASM72110v1_genomic.fna	84.1835
GCA_050608825.1_ASM5060882v1_genomic.fna	GCF_000721435.1_ASM72143v1_genomic.fna	84.4746
GCA_050608825.1_ASM5060882v1_genomic.fna	GCF_000725705.1_Doro.v1.0_genomic.fna	81.0771
GCA_050608825.1_ASM5060882v1_genomic.fna	GCF_001013905.1_sleC34_genomic.fna	85.4677
GCA_050608825.1_ASM5060882v1_genomic.fna	GCF_001187435.1_ASM118743v1_genomic.fna	81.0617
GCA_050608825.1_ASM5060882v1_genomic.fna	GCF_001279485.1_ASM127948v1_genomic.fna	81.1717
GCA_050608825.1_ASM5060882v1_genomic.fna	GCF_001280885.1_ASM128088v1_genomic.fna	81.132
GCA_050608825.1_ASM5060882v1_genomic.fna	GCF_001418135.1_ASM141813v1_genomic.fna	81.8125
GCA_050608825.1_ASM5060882v1_genomic.fna	GCF_001418175.1_ASM141817v1_genomic.fna	84.6303
GCA_050608825.1_ASM5060882v1_genomic.fna	GCF_001427565.1_Root63_genomic.fna	81.5501
GCA_050608825.1_ASM5060882v1_genomic.fna	GCF_001493375.1_Streptomyces_specialis_genomic.fna	79.5167
GCA_050608825.1_ASM5060882v1_genomic.fna	GCF_001751255.1_ASM175125v1_genomic.fna	79.7042
GCA_050608825.1_ASM5060882v1_genomic.fna	GCF_001941845.1_ASM194184v1_genomic.fna	81.2236
GCA_050608825.1_ASM5060882v1_genomic.fna	GCF_001970135.1_ASM197013v1_genomic.fna	92.9417
GCA_050608825.1_ASM5060882v1_genomic.fna	GCF_002300165.1_ASM230016v1_genomic.fna	83.3294
GCA_050608825.1_ASM5060882v1_genomic.fna	GCF_002551065.1_ASM255106v1_genomic.fna	81.2532
GCA_050608825.1_ASM5060882v1_genomic.fna	GCF_003259355.1_ASM325935v1_genomic.fna	79.671
GCA_050608825.1_ASM5060882v1_genomic.fna	GCF_003977835.1_ASM397783v1_genomic.fna	84.4394
GCA_050608825.1_ASM5060882v1_genomic.fna	GCF_004122755.1_ASM412275v1_genomic.fna	81.0582
GCA_050608825.1_ASM5060882v1_genomic.fna	GCF_004524875.1_ASM452487v1_genomic.fna	80.8912
GCA_050608825.1_ASM5060882v1_genomic.fna	GCF_004684805.1_ASM468480v1_genomic.fna	80.962
GCA_050608825.1_ASM5060882v1_genomic.fna	GCF_005405925.1_ASM540592v1_genomic.fna	80.6419
GCA_050608825.1_ASM5060882v1_genomic.fna	GCF_005519465.1_ASM551946v1_genomic.fna	81.165
GCA_050608825.1_ASM5060882v1_genomic.fna	GCF_005869865.1_ASM586986v1_genomic.fna	84.4365
GCA_050608825.1_ASM5060882v1_genomic.fna	GCF_005981935.1_ASM598193v1_genomic.fna	81.4262
GCA_050608825.1_ASM5060882v1_genomic.fna	GCF_009862245.1_ASM986224v1_genomic.fna	81.3021
GCA_050608825.1_ASM5060882v1_genomic.fna	GCF_009862405.1_ASM986240v1_genomic.fna	80.6169
GCA_050608825.1_ASM5060882v1_genomic.fna	GCF_009865405.1_ASM986540v1_genomic.fna	81.0354
GCA_050608825.1_ASM5060882v1_genomic.fna	GCF_010548705.1_ASM1054870v1_genomic.fna	81.3156
GCA_050608825.1_ASM5060882v1_genomic.fna	GCF_014138545.1_ASM1413854v1_genomic.fna	84.9168
GCA_050608825.1_ASM5060882v1_genomic.fna	GCF_014207295.1_ASM1420729v1_genomic.fna	84.6807
GCA_050608825.1_ASM5060882v1_genomic.fna	GCF_014648555.1_ASM1464855v1_genomic.fna	79.0869
GCA_050608825.1_ASM5060882v1_genomic.fna	GCF_014648695.1_ASM1464869v1_genomic.fna	81.1506
GCA_050608825.1_ASM5060882v1_genomic.fna	GCF_014649415.1_ASM1464941v1_genomic.fna	81.2481
GCA_050608825.1_ASM5060882v1_genomic.fna	GCF_014649435.1_ASM1464943v1_genomic.fna	84.3747
GCA_050608825.1_ASM5060882v1_genomic.fna	GCF_014649515.1_ASM1464951v1_genomic.fna	84.5901
GCA_963761325.1_MFD05502.bin.1.233_genomic.fna	GCA_965650905.1_SRR15517647_binner13_Refined_2_genomic.fna	79.4518
GCA_963761325.1_MFD05502.bin.1.233_genomic.fna	GCA_965654005.1_SRR29654717_concoct_46_genomic.fna	78.7541
GCA_963761325.1_MFD05502.bin.1.233_genomic.fna	GCF_000367365.1_ASM36736v1_genomic.fna	79.2224
GCA_963761325.1_MFD05502.bin.1.233_genomic.fna	GCF_000695235.1_ASM69523v1_genomic.fna	80.8275
GCA_963761325.1_MFD05502.bin.1.233_genomic.fna	GCF_000716335.1_ASM71633v1_genomic.fna	80.2295
GCA_963761325.1_MFD05502.bin.1.233_genomic.fna	GCF_000717745.1_ASM71774v1_genomic.fna	80.4847
GCA_963761325.1_MFD05502.bin.1.233_genomic.fna	GCF_000719655.1_ASM71965v1_genomic.fna	80.4641
GCA_963761325.1_MFD05502.bin.1.233_genomic.fna	GCF_000721105.1_ASM72110v1_genomic.fna	79.6797
GCA_963761325.1_MFD05502.bin.1.233_genomic.fna	GCF_000721435.1_ASM72143v1_genomic.fna	79.9778
GCA_963761325.1_MFD05502.bin.1.233_genomic.fna	GCF_000725705.1_Doro.v1.0_genomic.fna	80.0433
GCA_963761325.1_MFD05502.bin.1.233_genomic.fna	GCF_001013905.1_sleC34_genomic.fna	80.07
GCA_963761325.1_MFD05502.bin.1.233_genomic.fna	GCF_001187435.1_ASM118743v1_genomic.fna	80.7718
GCA_963761325.1_MFD05502.bin.1.233_genomic.fna	GCF_001279485.1_ASM127948v1_genomic.fna	79.9587
GCA_963761325.1_MFD05502.bin.1.233_genomic.fna	GCF_001280885.1_ASM128088v1_genomic.fna	79.9925
GCA_963761325.1_MFD05502.bin.1.233_genomic.fna	GCF_001418135.1_ASM141813v1_genomic.fna	79.8666
GCA_963761325.1_MFD05502.bin.1.233_genomic.fna	GCF_001418175.1_ASM141817v1_genomic.fna	79.9522
GCA_963761325.1_MFD05502.bin.1.233_genomic.fna	GCF_001427565.1_Root63_genomic.fna	80.2422
GCA_963761325.1_MFD05502.bin.1.233_genomic.fna	GCF_001493375.1_Streptomyces_specialis_genomic.fna	80.1586
GCA_963761325.1_MFD05502.bin.1.233_genomic.fna	GCF_001751255.1_ASM175125v1_genomic.fna	79.9298
GCA_963761325.1_MFD05502.bin.1.233_genomic.fna	GCF_001941845.1_ASM194184v1_genomic.fna	80.2433
GCA_963761325.1_MFD05502.bin.1.233_genomic.fna	GCF_001970135.1_ASM197013v1_genomic.fna	79.8666
GCA_963761325.1_MFD05502.bin.1.233_genomic.fna	GCF_002300165.1_ASM230016v1_genomic.fna	79.7957
GCA_963761325.1_MFD05502.bin.1.233_genomic.fna	GCF_002551065.1_ASM255106v1_genomic.fna	80.3126
GCA_963761325.1_MFD05502.bin.1.233_genomic.fna	GCF_003259355.1_ASM325935v1_genomic.fna	79.8485
GCA_963761325.1_MFD05502.bin.1.233_genomic.fna	GCF_003977835.1_ASM397783v1_genomic.fna	79.9112
GCA_963761325.1_MFD05502.bin.1.233_genomic.fna	GCF_004122755.1_ASM412275v1_genomic.fna	80.6408
GCA_963761325.1_MFD05502.bin.1.233_genomic.fna	GCF_004524875.1_ASM452487v1_genomic.fna	79.8172
GCA_963761325.1_MFD05502.bin.1.233_genomic.fna	GCF_004684805.1_ASM468480v1_genomic.fna	81.4385
GCA_963761325.1_MFD05502.bin.1.233_genomic.fna	GCF_005405925.1_ASM540592v1_genomic.fna	80.7068
GCA_963761325.1_MFD05502.bin.1.233_genomic.fna	GCF_005519465.1_ASM551946v1_genomic.fna	80.2528
GCA_963761325.1_MFD05502.bin.1.233_genomic.fna	GCF_005869865.1_ASM586986v1_genomic.fna	79.6286
GCA_963761325.1_MFD05502.bin.1.233_genomic.fna	GCF_005981935.1_ASM598193v1_genomic.fna	80.0806
GCA_963761325.1_MFD05502.bin.1.233_genomic.fna	GCF_009862245.1_ASM986224v1_genomic.fna	80.3981
GCA_963761325.1_MFD05502.bin.1.233_genomic.fna	GCF_009862405.1_ASM986240v1_genomic.fna	79.5583
GCA_963761325.1_MFD05502.bin.1.233_genomic.fna	GCF_009865405.1_ASM986540v1_genomic.fna	80.4109
GCA_963761325.1_MFD05502.bin.1.233_genomic.fna	GCF_010548705.1_ASM1054870v1_genomic.fna	80.2703
GCA_963761325.1_MFD05502.bin.1.233_genomic.fna	GCF_014138545.1_ASM1413854v1_genomic.fna	80.1928
GCA_963761325.1_MFD05502.bin.1.233_genomic.fna	GCF_014207295.1_ASM1420729v1_genomic.fna	79.5956
GCA_963761325.1_MFD05502.bin.1.233_genomic.fna	GCF_014648555.1_ASM1464855v1_genomic.fna	79.4143
GCA_963761325.1_MFD05502.bin.1.233_genomic.fna	GCF_014648695.1_ASM1464869v1_genomic.fna	80.7608
GCA_963761325.1_MFD05502.bin.1.233_genomic.fna	GCF_014649415.1_ASM1464941v1_genomic.fna	80.1867
GCA_963761325.1_MFD05502.bin.1.233_genomic.fna	GCF_014649435.1_ASM1464943v1_genomic.fna	79.8394
GCA_963761325.1_MFD05502.bin.1.233_genomic.fna	GCF_014649515.1_ASM1464951v1_genomic.fna	79.8589
GCA_965650905.1_SRR15517647_binner13_Refined_2_genomic.fna	GCA_965654005.1_SRR29654717_concoct_46_genomic.fna	83.4495
GCA_965650905.1_SRR15517647_binner13_Refined_2_genomic.fna	GCF_000367365.1_ASM36736v1_genomic.fna	83.0809
GCA_965650905.1_SRR15517647_binner13_Refined_2_genomic.fna	GCF_000695235.1_ASM69523v1_genomic.fna	80.6399
GCA_965650905.1_SRR15517647_binner13_Refined_2_genomic.fna	GCF_000716335.1_ASM71633v1_genomic.fna	81.8774
GCA_965650905.1_SRR15517647_binner13_Refined_2_genomic.fna	GCF_000717745.1_ASM71774v1_genomic.fna	80.7668
GCA_965650905.1_SRR15517647_binner13_Refined_2_genomic.fna	GCF_000719655.1_ASM71965v1_genomic.fna	81.1962
GCA_965650905.1_SRR15517647_binner13_Refined_2_genomic.fna	GCF_000721105.1_ASM72110v1_genomic.fna	83.5689
GCA_965650905.1_SRR15517647_binner13_Refined_2_genomic.fna	GCF_000721435.1_ASM72143v1_genomic.fna	82.598
GCA_965650905.1_SRR15517647_binner13_Refined_2_genomic.fna	GCF_000725705.1_Doro.v1.0_genomic.fna	80.9779
GCA_965650905.1_SRR15517647_binner13_Refined_2_genomic.fna	GCF_001013905.1_sleC34_genomic.fna	83.1095
GCA_965650905.1_SRR15517647_binner13_Refined_2_genomic.fna	GCF_001187435.1_ASM118743v1_genomic.fna	80.6022
GCA_965650905.1_SRR15517647_binner13_Refined_2_genomic.fna	GCF_001279485.1_ASM127948v1_genomic.fna	80.9971
GCA_965650905.1_SRR15517647_binner13_Refined_2_genomic.fna	GCF_001280885.1_ASM128088v1_genomic.fna	80.9501
GCA_965650905.1_SRR15517647_binner13_Refined_2_genomic.fna	GCF_001418135.1_ASM141813v1_genomic.fna	81.4962
GCA_965650905.1_SRR15517647_binner13_Refined_2_genomic.fna	GCF_001418175.1_ASM141817v1_genomic.fna	82.7482
GCA_965650905.1_SRR15517647_binner13_Refined_2_genomic.fna	GCF_001427565.1_Root63_genomic.fna	81.0188
GCA_965650905.1_SRR15517647_binner13_Refined_2_genomic.fna	GCF_001493375.1_Streptomyces_specialis_genomic.fna	78.9846
GCA_965650905.1_SRR15517647_binner13_Refined_2_genomic.fna	GCF_001751255.1_ASM175125v1_genomic.fna	79.4329
GCA_965650905.1_SRR15517647_binner13_Refined_2_genomic.fna	GCF_001941845.1_ASM194184v1_genomic.fna	81.1066
GCA_965650905.1_SRR15517647_binner13_Refined_2_genomic.fna	GCF_001970135.1_ASM197013v1_genomic.fna	82.8925
GCA_965650905.1_SRR15517647_binner13_Refined_2_genomic.fna	GCF_002300165.1_ASM230016v1_genomic.fna	84.526
GCA_965650905.1_SRR15517647_binner13_Refined_2_genomic.fna	GCF_002551065.1_ASM255106v1_genomic.fna	81.1967
GCA_965650905.1_SRR15517647_binner13_Refined_2_genomic.fna	GCF_003259355.1_ASM325935v1_genomic.fna	79.3414
GCA_965650905.1_SRR15517647_binner13_Refined_2_genomic.fna	GCF_003977835.1_ASM397783v1_genomic.fna	82.7394
GCA_965650905.1_SRR15517647_binner13_Refined_2_genomic.fna	GCF_004122755.1_ASM412275v1_genomic.fna	80.803
GCA_965650905.1_SRR15517647_binner13_Refined_2_genomic.fna	GCF_004524875.1_ASM452487v1_genomic.fna	80.8171
GCA_965650905.1_SRR15517647_binner13_Refined_2_genomic.fna	GCF_004684805.1_ASM468480v1_genomic.fna	80.4489
GCA_965650905.1_SRR15517647_binner13_Refined_2_genomic.fna	GCF_005405925.1_ASM540592v1_genomic.fna	80.2433
GCA_965650905.1_SRR15517647_binner13_Refined_2_genomic.fna	GCF_005519465.1_ASM551946v1_genomic.fna	80.9376
GCA_965650905.1_SRR15517647_binner13_Refined_2_genomic.fna	GCF_005869865.1_ASM586986v1_genomic.fna	83.1728
GCA_965650905.1_SRR15517647_binner13_Refined_2_genomic.fna	GCF_005981935.1_ASM598193v1_genomic.fna	81.6213
GCA_965650905.1_SRR15517647_binner13_Refined_2_genomic.fna	GCF_009862245.1_ASM986224v1_genomic.fna	81.1538
GCA_965650905.1_SRR15517647_binner13_Refined_2_genomic.fna	GCF_009862405.1_ASM986240v1_genomic.fna	80.3474
GCA_965650905.1_SRR15517647_binner13_Refined_2_genomic.fna	GCF_009865405.1_ASM986540v1_genomic.fna	81.2599
GCA_965650905.1_SRR15517647_binner13_Refined_2_genomic.fna	GCF_010548705.1_ASM1054870v1_genomic.fna	81.1581
GCA_965650905.1_SRR15517647_binner13_Refined_2_genomic.fna	GCF_014138545.1_ASM1413854v1_genomic.fna	83.2194
GCA_965650905.1_SRR15517647_binner13_Refined_2_genomic.fna	GCF_014207295.1_ASM1420729v1_genomic.fna	83.3013
GCA_965650905.1_SRR15517647_binner13_Refined_2_genomic.fna	GCF_014648555.1_ASM1464855v1_genomic.fna	78.4981
GCA_965650905.1_SRR15517647_binner13_Refined_2_genomic.fna	GCF_014648695.1_ASM1464869v1_genomic.fna	80.9446
GCA_965650905.1_SRR15517647_binner13_Refined_2_genomic.fna	GCF_014649415.1_ASM1464941v1_genomic.fna	81.0902
GCA_965650905.1_SRR15517647_binner13_Refined_2_genomic.fna	GCF_014649435.1_ASM1464943v1_genomic.fna	83.5014
GCA_965650905.1_SRR15517647_binner13_Refined_2_genomic.fna	GCF_014649515.1_ASM1464951v1_genomic.fna	82.6986
GCA_965654005.1_SRR29654717_concoct_46_genomic.fna	GCF_000367365.1_ASM36736v1_genomic.fna	83.1051
GCA_965654005.1_SRR29654717_concoct_46_genomic.fna	GCF_000695235.1_ASM69523v1_genomic.fna	79.8168
GCA_965654005.1_SRR29654717_concoct_46_genomic.fna	GCF_000716335.1_ASM71633v1_genomic.fna	80.8717
GCA_965654005.1_SRR29654717_concoct_46_genomic.fna	GCF_000717745.1_ASM71774v1_genomic.fna	80.0305
GCA_965654005.1_SRR29654717_concoct_46_genomic.fna	GCF_000719655.1_ASM71965v1_genomic.fna	80.479
GCA_965654005.1_SRR29654717_concoct_46_genomic.fna	GCF_000721105.1_ASM72110v1_genomic.fna	83.6238
GCA_965654005.1_SRR29654717_concoct_46_genomic.fna	GCF_000721435.1_ASM72143v1_genomic.fna	82.5368
GCA_965654005.1_SRR29654717_concoct_46_genomic.fna	GCF_000725705.1_Doro.v1.0_genomic.fna	80.3352
GCA_965654005.1_SRR29654717_concoct_46_genomic.fna	GCF_001013905.1_sleC34_genomic.fna	83.4093
GCA_965654005.1_SRR29654717_concoct_46_genomic.fna	GCF_001187435.1_ASM118743v1_genomic.fna	79.6788
GCA_965654005.1_SRR29654717_concoct_46_genomic.fna	GCF_001279485.1_ASM127948v1_genomic.fna	80.1495
GCA_965654005.1_SRR29654717_concoct_46_genomic.fna	GCF_001280885.1_ASM128088v1_genomic.fna	80.1396
GCA_965654005.1_SRR29654717_concoct_46_genomic.fna	GCF_001418135.1_ASM141813v1_genomic.fna	80.8569
GCA_965654005.1_SRR29654717_concoct_46_genomic.fna	GCF_001418175.1_ASM141817v1_genomic.fna	82.866
GCA_965654005.1_SRR29654717_concoct_46_genomic.fna	GCF_001427565.1_Root63_genomic.fna	80.4836
GCA_965654005.1_SRR29654717_concoct_46_genomic.fna	GCF_001493375.1_Streptomyces_specialis_genomic.fna	78.1349
GCA_965654005.1_SRR29654717_concoct_46_genomic.fna	GCF_001751255.1_ASM175125v1_genomic.fna	78.5456
GCA_965654005.1_SRR29654717_concoct_46_genomic.fna	GCF_001941845.1_ASM194184v1_genomic.fna	80.1966
GCA_965654005.1_SRR29654717_concoct_46_genomic.fna	GCF_001970135.1_ASM197013v1_genomic.fna	82.9143
GCA_965654005.1_SRR29654717_concoct_46_genomic.fna	GCF_002300165.1_ASM230016v1_genomic.fna	83.9558
GCA_965654005.1_SRR29654717_concoct_46_genomic.fna	GCF_002551065.1_ASM255106v1_genomic.fna	80.4477
GCA_965654005.1_SRR29654717_concoct_46_genomic.fna	GCF_003259355.1_ASM325935v1_genomic.fna	78.4851
GCA_965654005.1_SRR29654717_concoct_46_genomic.fna	GCF_003977835.1_ASM397783v1_genomic.fna	82.9096
GCA_965654005.1_SRR29654717_concoct_46_genomic.fna	GCF_004122755.1_ASM412275v1_genomic.fna	80.1598
GCA_965654005.1_SRR29654717_concoct_46_genomic.fna	GCF_004524875.1_ASM452487v1_genomic.fna	80.206
GCA_965654005.1_SRR29654717_concoct_46_genomic.fna	GCF_004684805.1_ASM468480v1_genomic.fna	79.7307
GCA_965654005.1_SRR29654717_concoct_46_genomic.fna	GCF_005405925.1_ASM540592v1_genomic.fna	79.4028
GCA_965654005.1_SRR29654717_concoct_46_genomic.fna	GCF_005519465.1_ASM551946v1_genomic.fna	79.8296
GCA_965654005.1_SRR29654717_concoct_46_genomic.fna	GCF_005869865.1_ASM586986v1_genomic.fna	83.2654
GCA_965654005.1_SRR29654717_concoct_46_genomic.fna	GCF_005981935.1_ASM598193v1_genomic.fna	80.6049
GCA_965654005.1_SRR29654717_concoct_46_genomic.fna	GCF_009862245.1_ASM986224v1_genomic.fna	80.4979
GCA_965654005.1_SRR29654717_concoct_46_genomic.fna	GCF_009862405.1_ASM986240v1_genomic.fna	79.3626
GCA_965654005.1_SRR29654717_concoct_46_genomic.fna	GCF_009865405.1_ASM986540v1_genomic.fna	80.1928
GCA_965654005.1_SRR29654717_concoct_46_genomic.fna	GCF_010548705.1_ASM1054870v1_genomic.fna	80.4772
GCA_965654005.1_SRR29654717_concoct_46_genomic.fna	GCF_014138545.1_ASM1413854v1_genomic.fna	83.2188
GCA_965654005.1_SRR29654717_concoct_46_genomic.fna	GCF_014207295.1_ASM1420729v1_genomic.fna	83.3409
GCA_965654005.1_SRR29654717_concoct_46_genomic.fna	GCF_014648555.1_ASM1464855v1_genomic.fna	77.7033
GCA_965654005.1_SRR29654717_concoct_46_genomic.fna	GCF_014648695.1_ASM1464869v1_genomic.fna	80.0219
GCA_965654005.1_SRR29654717_concoct_46_genomic.fna	GCF_014649415.1_ASM1464941v1_genomic.fna	80.445
GCA_965654005.1_SRR29654717_concoct_46_genomic.fna	GCF_014649435.1_ASM1464943v1_genomic.fna	83.4677
GCA_965654005.1_SRR29654717_concoct_46_genomic.fna	GCF_014649515.1_ASM1464951v1_genomic.fna	82.6162
GCF_000367365.1_ASM36736v1_genomic.fna	GCF_000695235.1_ASM69523v1_genomic.fna	80.4893
GCF_000367365.1_ASM36736v1_genomic.fna	GCF_000716335.1_ASM71633v1_genomic.fna	81.212
GCF_000367365.1_ASM36736v1_genomic.fna	GCF_000717745.1_ASM71774v1_genomic.fna	80.2856
GCF_000367365.1_ASM36736v1_genomic.fna	GCF_000719655.1_ASM71965v1_genomic.fna	80.6925
GCF_000367365.1_ASM36736v1_genomic.fna	GCF_000721105.1_ASM72110v1_genomic.fna	84.0479
GCF_000367365.1_ASM36736v1_genomic.fna	GCF_000721435.1_ASM72143v1_genomic.fna	82.5824
GCF_000367365.1_ASM36736v1_genomic.fna	GCF_000725705.1_Doro.v1.0_genomic.fna	80.5628
GCF_000367365.1_ASM36736v1_genomic.fna	GCF_001013905.1_sleC34_genomic.fna	83.1573
GCF_000367365.1_ASM36736v1_genomic.fna	GCF_001187435.1_ASM118743v1_genomic.fna	80.3176
GCF_000367365.1_ASM36736v1_genomic.fna	GCF_001279485.1_ASM127948v1_genomic.fna	80.786
GCF_000367365.1_ASM36736v1_genomic.fna	GCF_001280885.1_ASM128088v1_genomic.fna	80.6376
GCF_000367365.1_ASM36736v1_genomic.fna	GCF_001418135.1_ASM141813v1_genomic.fna	81.3736
GCF_000367365.1_ASM36736v1_genomic.fna	GCF_001418175.1_ASM141817v1_genomic.fna	82.9804
GCF_000367365.1_ASM36736v1_genomic.fna	GCF_001427565.1_Root63_genomic.fna	80.766
GCF_000367365.1_ASM36736v1_genomic.fna	GCF_001493375.1_Streptomyces_specialis_genomic.fna	78.9717
GCF_000367365.1_ASM36736v1_genomic.fna	GCF_001751255.1_ASM175125v1_genomic.fna	79.1136
GCF_000367365.1_ASM36736v1_genomic.fna	GCF_001941845.1_ASM194184v1_genomic.fna	80.7473
GCF_000367365.1_ASM36736v1_genomic.fna	GCF_001970135.1_ASM197013v1_genomic.fna	83.094
GCF_000367365.1_ASM36736v1_genomic.fna	GCF_002300165.1_ASM230016v1_genomic.fna	83.3654
GCF_000367365.1_ASM36736v1_genomic.fna	GCF_002551065.1_ASM255106v1_genomic.fna	80.783
GCF_000367365.1_ASM36736v1_genomic.fna	GCF_003259355.1_ASM325935v1_genomic.fna	79.0796
GCF_000367365.1_ASM36736v1_genomic.fna	GCF_003977835.1_ASM397783v1_genomic.fna	82.637
GCF_000367365.1_ASM36736v1_genomic.fna	GCF_004122755.1_ASM412275v1_genomic.fna	80.2634
GCF_000367365.1_ASM36736v1_genomic.fna	GCF_004524875.1_ASM452487v1_genomic.fna	80.4137
GCF_000367365.1_ASM36736v1_genomic.fna	GCF_004684805.1_ASM468480v1_genomic.fna	80.1759
GCF_000367365.1_ASM36736v1_genomic.fna	GCF_005405925.1_ASM540592v1_genomic.fna	79.7661
GCF_000367365.1_ASM36736v1_genomic.fna	GCF_005519465.1_ASM551946v1_genomic.fna	80.4529
GCF_000367365.1_ASM36736v1_genomic.fna	GCF_005869865.1_ASM586986v1_genomic.fna	83.1926
GCF_000367365.1_ASM36736v1_genomic.fna	GCF_005981935.1_ASM598193v1_genomic.fna	81.1293
GCF_000367365.1_ASM36736v1_genomic.fna	GCF_009862245.1_ASM986224v1_genomic.fna	80.677
GCF_000367365.1_ASM36736v1_genomic.fna	GCF_009862405.1_ASM986240v1_genomic.fna	80.04
GCF_000367365.1_ASM36736v1_genomic.fna	GCF_009865405.1_ASM986540v1_genomic.fna	80.5478
GCF_000367365.1_ASM36736v1_genomic.fna	GCF_010548705.1_ASM1054870v1_genomic.fna	80.8632
GCF_000367365.1_ASM36736v1_genomic.fna	GCF_014138545.1_ASM1413854v1_genomic.fna	83.1738
GCF_000367365.1_ASM36736v1_genomic.fna	GCF_014207295.1_ASM1420729v1_genomic.fna	83.3718
GCF_000367365.1_ASM36736v1_genomic.fna	GCF_014648555.1_ASM1464855v1_genomic.fna	78.5025
GCF_000367365.1_ASM36736v1_genomic.fna	GCF_014648695.1_ASM1464869v1_genomic.fna	80.5001
GCF_000367365.1_ASM36736v1_genomic.fna	GCF_014649415.1_ASM1464941v1_genomic.fna	80.7163
GCF_000367365.1_ASM36736v1_genomic.fna	GCF_014649435.1_ASM1464943v1_genomic.fna	83.3147
GCF_000367365.1_ASM36736v1_genomic.fna	GCF_014649515.1_ASM1464951v1_genomic.fna	82.817
GCF_000695235.1_ASM69523v1_genomic.fna	GCF_000716335.1_ASM71633v1_genomic.fna	81.3887
GCF_000695235.1_ASM69523v1_genomic.fna	GCF_000717745.1_ASM71774v1_genomic.fna	82.5952
GCF_000695235.1_ASM69523v1_genomic.fna	GCF_000719655.1_ASM71965v1_genomic.fna	81.2643
GCF_000695235.1_ASM69523v1_genomic.fna	GCF_000721105.1_ASM72110v1_genomic.fna	80.8311
GCF_000695235.1_ASM69523v1_genomic.fna	GCF_000721435.1_ASM72143v1_genomic.fna	81.221
GCF_000695235.1_ASM69523v1_genomic.fna	GCF_000725705.1_Doro.v1.0_genomic.fna	80.9313
GCF_000695235.1_ASM69523v1_genomic.fna	GCF_001013905.1_sleC34_genomic.fna	81.2349
GCF_000695235.1_ASM69523v1_genomic.fna	GCF_001187435.1_ASM118743v1_genomic.fna	81.7962
GCF_000695235.1_ASM69523v1_genomic.fna	GCF_001279485.1_ASM127948v1_genomic.fna	80.9775
GCF_000695235.1_ASM69523v1_genomic.fna	GCF_001280885.1_ASM128088v1_genomic.fna	80.9059
GCF_000695235.1_ASM69523v1_genomic.fna	GCF_001418135.1_ASM141813v1_genomic.fna	81.3126
GCF_000695235.1_ASM69523v1_genomic.fna	GCF_001418175.1_ASM141817v1_genomic.fna	80.9774
GCF_000695235.1_ASM69523v1_genomic.fna	GCF_001427565.1_Root63_genomic.fna	81.0636
GCF_000695235.1_ASM69523v1_genomic.fna	GCF_001493375.1_Streptomyces_specialis_genomic.fna	80.2017
GCF_000695235.1_ASM69523v1_genomic.fna	GCF_001751255.1_ASM175125v1_genomic.fna	80.2242
GCF_000695235.1_ASM69523v1_genomic.fna	GCF_001941845.1_ASM194184v1_genomic.fna	81.2491
GCF_000695235.1_ASM69523v1_genomic.fna	GCF_001970135.1_ASM197013v1_genomic.fna	81.002
GCF_000695235.1_ASM69523v1_genomic.fna	GCF_002300165.1_ASM230016v1_genomic.fna	80.8511
GCF_000695235.1_ASM69523v1_genomic.fna	GCF_002551065.1_ASM255106v1_genomic.fna	81.2204
GCF_000695235.1_ASM69523v1_genomic.fna	GCF_003259355.1_ASM325935v1_genomic.fna	80.0495
GCF_000695235.1_ASM69523v1_genomic.fna	GCF_003977835.1_ASM397783v1_genomic.fna	81.0322
GCF_000695235.1_ASM69523v1_genomic.fna	GCF_004122755.1_ASM412275v1_genomic.fna	84.8027
GCF_000695235.1_ASM69523v1_genomic.fna	GCF_004524875.1_ASM452487v1_genomic.fna	80.9507
GCF_000695235.1_ASM69523v1_genomic.fna	GCF_004684805.1_ASM468480v1_genomic.fna	81.9704
GCF_000695235.1_ASM69523v1_genomic.fna	GCF_005405925.1_ASM540592v1_genomic.fna	81.3504
GCF_000695235.1_ASM69523v1_genomic.fna	GCF_005519465.1_ASM551946v1_genomic.fna	81.2765
GCF_000695235.1_ASM69523v1_genomic.fna	GCF_005869865.1_ASM586986v1_genomic.fna	80.7754
GCF_000695235.1_ASM69523v1_genomic.fna	GCF_005981935.1_ASM598193v1_genomic.fna	81.2506
GCF_000695235.1_ASM69523v1_genomic.fna	GCF_009862245.1_ASM986224v1_genomic.fna	81.3018
GCF_000695235.1_ASM69523v1_genomic.fna	GCF_009862405.1_ASM986240v1_genomic.fna	80.3289
GCF_000695235.1_ASM69523v1_genomic.fna	GCF_009865405.1_ASM986540v1_genomic.fna	80.905
GCF_000695235.1_ASM69523v1_genomic.fna	GCF_010548705.1_ASM1054870v1_genomic.fna	81.2498
GCF_000695235.1_ASM69523v1_genomic.fna	GCF_014138545.1_ASM1413854v1_genomic.fna	81.1847
GCF_000695235.1_ASM69523v1_genomic.fna	GCF_014207295.1_ASM1420729v1_genomic.fna	80.8475
GCF_000695235.1_ASM69523v1_genomic.fna	GCF_014648555.1_ASM1464855v1_genomic.fna	79.2818
GCF_000695235.1_ASM69523v1_genomic.fna	GCF_014648695.1_ASM1464869v1_genomic.fna	86.755
GCF_000695235.1_ASM69523v1_genomic.fna	GCF_014649415.1_ASM1464941v1_genomic.fna	81.1568
GCF_000695235.1_ASM69523v1_genomic.fna	GCF_014649435.1_ASM1464943v1_genomic.fna	80.8398
GCF_000695235.1_ASM69523v1_genomic.fna	GCF_014649515.1_ASM1464951v1_genomic.fna	81.0997
GCF_000716335.1_ASM71633v1_genomic.fna	GCF_000717745.1_ASM71774v1_genomic.fna	81.4536
GCF_000716335.1_ASM71633v1_genomic.fna	GCF_000719655.1_ASM71965v1_genomic.fna	82.4489
GCF_000716335.1_ASM71633v1_genomic.fna	GCF_000721105.1_ASM72110v1_genomic.fna	81.5695
GCF_000716335.1_ASM71633v1_genomic.fna	GCF_000721435.1_ASM72143v1_genomic.fna	81.865
GCF_000716335.1_ASM71633v1_genomic.fna	GCF_000725705.1_Doro.v1.0_genomic.fna	82.1639
GCF_000716335.1_ASM71633v1_genomic.fna	GCF_001013905.1_sleC34_genomic.fna	82.0955
GCF_000716335.1_ASM71633v1_genomic.fna	GCF_001187435.1_ASM118743v1_genomic.fna	81.5638
GCF_000716335.1_ASM71633v1_genomic.fna	GCF_001279485.1_ASM127948v1_genomic.fna	82.018
GCF_000716335.1_ASM71633v1_genomic.fna	GCF_001280885.1_ASM128088v1_genomic.fna	82.0655
GCF_000716335.1_ASM71633v1_genomic.fna	GCF_001418135.1_ASM141813v1_genomic.fna	83.1403
GCF_000716335.1_ASM71633v1_genomic.fna	GCF_001418175.1_ASM141817v1_genomic.fna	81.8488
GCF_000716335.1_ASM71633v1_genomic.fna	GCF_001427565.1_Root63_genomic.fna	82.205
GCF_000716335.1_ASM71633v1_genomic.fna	GCF_001493375.1_Streptomyces_specialis_genomic.fna	79.6541
GCF_000716335.1_ASM71633v1_genomic.fna	GCF_001751255.1_ASM175125v1_genomic.fna	80.0451
GCF_000716335.1_ASM71633v1_genomic.fna	GCF_001941845.1_ASM194184v1_genomic.fna	82.0169
GCF_000716335.1_ASM71633v1_genomic.fna	GCF_001970135.1_ASM197013v1_genomic.fna	81.771
GCF_000716335.1_ASM71633v1_genomic.fna	GCF_002300165.1_ASM230016v1_genomic.fna	81.9793
GCF_000716335.1_ASM71633v1_genomic.fna	GCF_002551065.1_ASM255106v1_genomic.fna	82.3136
GCF_000716335.1_ASM71633v1_genomic.fna	GCF_003259355.1_ASM325935v1_genomic.fna	80.0148
GCF_000716335.1_ASM71633v1_genomic.fna	GCF_003977835.1_ASM397783v1_genomic.fna	81.5948
GCF_000716335.1_ASM71633v1_genomic.fna	GCF_004122755.1_ASM412275v1_genomic.fna	81.4854
GCF_000716335.1_ASM71633v1_genomic.fna	GCF_004524875.1_ASM452487v1_genomic.fna	81.8586
GCF_000716335.1_ASM71633v1_genomic.fna	GCF_004684805.1_ASM468480v1_genomic.fna	81.6738
GCF_000716335.1_ASM71633v1_genomic.fna	GCF_005405925.1_ASM540592v1_genomic.fna	80.9568
GCF_000716335.1_ASM71633v1_genomic.fna	GCF_005519465.1_ASM551946v1_genomic.fna	82.1347
GCF_000716335.1_ASM71633v1_genomic.fna	GCF_005869865.1_ASM586986v1_genomic.fna	81.5451
GCF_000716335.1_ASM71633v1_genomic.fna	GCF_005981935.1_ASM598193v1_genomic.fna	82.8472
GCF_000716335.1_ASM71633v1_genomic.fna	GCF_009862245.1_ASM986224v1_genomic.fna	82.2654
GCF_000716335.1_ASM71633v1_genomic.fna	GCF_009862405.1_ASM986240v1_genomic.fna	80.8288
GCF_000716335.1_ASM71633v1_genomic.fna	GCF_009865405.1_ASM986540v1_genomic.fna	82.3571
GCF_000716335.1_ASM71633v1_genomic.fna	GCF_010548705.1_ASM1054870v1_genomic.fna	82.3032
GCF_000716335.1_ASM71633v1_genomic.fna	GCF_014138545.1_ASM1413854v1_genomic.fna	81.9958
GCF_000716335.1_ASM71633v1_genomic.fna	GCF_014207295.1_ASM1420729v1_genomic.fna	81.6055
GCF_000716335.1_ASM71633v1_genomic.fna	GCF_014648555.1_ASM1464855v1_genomic.fna	79.4146
GCF_000716335.1_ASM71633v1_genomic.fna	GCF_014648695.1_ASM1464869v1_genomic.fna	81.545
GCF_000716335.1_ASM71633v1_genomic.fna	GCF_014649415.1_ASM1464941v1_genomic.fna	82.28
GCF_000716335.1_ASM71633v1_genomic.fna	GCF_014649435.1_ASM1464943v1_genomic.fna	81.9285
GCF_000716335.1_ASM71633v1_genomic.fna	GCF_014649515.1_ASM1464951v1_genomic.fna	81.7664
GCF_000717745.1_ASM71774v1_genomic.fna	GCF_000719655.1_ASM71965v1_genomic.fna	81.4673
GCF_000717745.1_ASM71774v1_genomic.fna	GCF_000721105.1_ASM72110v1_genomic.fna	80.6456
GCF_000717745.1_ASM71774v1_genomic.fna	GCF_000721435.1_ASM72143v1_genomic.fna	81.0078
GCF_000717745.1_ASM71774v1_genomic.fna	GCF_000725705.1_Doro.v1.0_genomic.fna	81.004
GCF_000717745.1_ASM71774v1_genomic.fna	GCF_001013905.1_sleC34_genomic.fna	81.1087
GCF_000717745.1_ASM71774v1_genomic.fna	GCF_001187435.1_ASM118743v1_genomic.fna	81.7446
GCF_000717745.1_ASM71774v1_genomic.fna	GCF_001279485.1_ASM127948v1_genomic.fna	81.2154
GCF_000717745.1_ASM71774v1_genomic.fna	GCF_001280885.1_ASM128088v1_genomic.fna	81.1314
GCF_000717745.1_ASM71774v1_genomic.fna	GCF_001418135.1_ASM141813v1_genomic.fna	81.2764
GCF_000717745.1_ASM71774v1_genomic.fna	GCF_001418175.1_ASM141817v1_genomic.fna	80.9191
GCF_000717745.1_ASM71774v1_genomic.fna	GCF_001427565.1_Root63_genomic.fna	81.1936
GCF_000717745.1_ASM71774v1_genomic.fna	GCF_001493375.1_Streptomyces_specialis_genomic.fna	79.7233
GCF_000717745.1_ASM71774v1_genomic.fna	GCF_001751255.1_ASM175125v1_genomic.fna	80.3458
GCF_000717745.1_ASM71774v1_genomic.fna	GCF_001941845.1_ASM194184v1_genomic.fna	81.2393
GCF_000717745.1_ASM71774v1_genomic.fna	GCF_001970135.1_ASM197013v1_genomic.fna	80.8976
GCF_000717745.1_ASM71774v1_genomic.fna	GCF_002300165.1_ASM230016v1_genomic.fna	81.0791
GCF_000717745.1_ASM71774v1_genomic.fna	GCF_002551065.1_ASM255106v1_genomic.fna	81.1062
GCF_000717745.1_ASM71774v1_genomic.fna	GCF_003259355.1_ASM325935v1_genomic.fna	80.2781
GCF_000717745.1_ASM71774v1_genomic.fna	GCF_003977835.1_ASM397783v1_genomic.fna	80.8296
GCF_000717745.1_ASM71774v1_genomic.fna	GCF_004122755.1_ASM412275v1_genomic.fna	83.2797
GCF_000717745.1_ASM71774v1_genomic.fna	GCF_004524875.1_ASM452487v1_genomic.fna	80.8623
GCF_000717745.1_ASM71774v1_genomic.fna	GCF_004684805.1_ASM468480v1_genomic.fna	81.7887
GCF_000717745.1_ASM71774v1_genomic.fna	GCF_005405925.1_ASM540592v1_genomic.fna	81.1235
GCF_000717745.1_ASM71774v1_genomic.fna	GCF_005519465.1_ASM551946v1_genomic.fna	80.9264
GCF_000717745.1_ASM71774v1_genomic.fna	GCF_005869865.1_ASM586986v1_genomic.fna	80.713
GCF_000717745.1_ASM71774v1_genomic.fna	GCF_005981935.1_ASM598193v1_genomic.fna	81.4366
GCF_000717745.1_ASM71774v1_genomic.fna	GCF_009862245.1_ASM986224v1_genomic.fna	81.267
GCF_000717745.1_ASM71774v1_genomic.fna	GCF_009862405.1_ASM986240v1_genomic.fna	80.4186
GCF_000717745.1_ASM71774v1_genomic.fna	GCF_009865405.1_ASM986540v1_genomic.fna	81.1111
GCF_000717745.1_ASM71774v1_genomic.fna	GCF_010548705.1_ASM1054870v1_genomic.fna	81.2298
GCF_000717745.1_ASM71774v1_genomic.fna	GCF_014138545.1_ASM1413854v1_genomic.fna	81.1466
GCF_000717745.1_ASM71774v1_genomic.fna	GCF_014207295.1_ASM1420729v1_genomic.fna	80.8797
GCF_000717745.1_ASM71774v1_genomic.fna	GCF_014648555.1_ASM1464855v1_genomic.fna	79.2604
GCF_000717745.1_ASM71774v1_genomic.fna	GCF_014648695.1_ASM1464869v1_genomic.fna	83.0905
GCF_000717745.1_ASM71774v1_genomic.fna	GCF_014649415.1_ASM1464941v1_genomic.fna	81.1442
GCF_000717745.1_ASM71774v1_genomic.fna	GCF_014649435.1_ASM1464943v1_genomic.fna	80.908
GCF_000717745.1_ASM71774v1_genomic.fna	GCF_014649515.1_ASM1464951v1_genomic.fna	80.9111
GCF_000719655.1_ASM71965v1_genomic.fna	GCF_000721105.1_ASM72110v1_genomic.fna	81.0932
GCF_000719655.1_ASM71965v1_genomic.fna	GCF_000721435.1_ASM72143v1_genomic.fna	81.5037
GCF_000719655.1_ASM71965v1_genomic.fna	GCF_000725705.1_Doro.v1.0_genomic.fna	87.7951
GCF_000719655.1_ASM71965v1_genomic.fna	GCF_001013905.1_sleC34_genomic.fna	81.3621
GCF_000719655.1_ASM71965v1_genomic.fna	GCF_001187435.1_ASM118743v1_genomic.fna	81.5109
GCF_000719655.1_ASM71965v1_genomic.fna	GCF_001279485.1_ASM127948v1_genomic.fna	81.9129
GCF_000719655.1_ASM71965v1_genomic.fna	GCF_001280885.1_ASM128088v1_genomic.fna	81.9211
GCF_000719655.1_ASM71965v1_genomic.fna	GCF_001418135.1_ASM141813v1_genomic.fna	82.576
GCF_000719655.1_ASM71965v1_genomic.fna	GCF_001418175.1_ASM141817v1_genomic.fna	81.3747
GCF_000719655.1_ASM71965v1_genomic.fna	GCF_001427565.1_Root63_genomic.fna	89.7238
GCF_000719655.1_ASM71965v1_genomic.fna	GCF_001493375.1_Streptomyces_specialis_genomic.fna	79.6996
GCF_000719655.1_ASM71965v1_genomic.fna	GCF_001751255.1_ASM175125v1_genomic.fna	80.0744
GCF_000719655.1_ASM71965v1_genomic.fna	GCF_001941845.1_ASM194184v1_genomic.fna	81.9362
GCF_000719655.1_ASM71965v1_genomic.fna	GCF_001970135.1_ASM197013v1_genomic.fna	81.549
GCF_000719655.1_ASM71965v1_genomic.fna	GCF_002300165.1_ASM230016v1_genomic.fna	81.5752
GCF_000719655.1_ASM71965v1_genomic.fna	GCF_002551065.1_ASM255106v1_genomic.fna	90.3796
GCF_000719655.1_ASM71965v1_genomic.fna	GCF_003259355.1_ASM325935v1_genomic.fna	79.8913
GCF_000719655.1_ASM71965v1_genomic.fna	GCF_003977835.1_ASM397783v1_genomic.fna	81.2607
GCF_000719655.1_ASM71965v1_genomic.fna	GCF_004122755.1_ASM412275v1_genomic.fna	81.4456
GCF_000719655.1_ASM71965v1_genomic.fna	GCF_004524875.1_ASM452487v1_genomic.fna	84.205
GCF_000719655.1_ASM71965v1_genomic.fna	GCF_004684805.1_ASM468480v1_genomic.fna	81.3049
GCF_000719655.1_ASM71965v1_genomic.fna	GCF_005405925.1_ASM540592v1_genomic.fna	80.8011
GCF_000719655.1_ASM71965v1_genomic.fna	GCF_005519465.1_ASM551946v1_genomic.fna	81.7009
GCF_000719655.1_ASM71965v1_genomic.fna	GCF_005869865.1_ASM586986v1_genomic.fna	81.2129
GCF_000719655.1_ASM71965v1_genomic.fna	GCF_005981935.1_ASM598193v1_genomic.fna	82.7826
GCF_000719655.1_ASM71965v1_genomic.fna	GCF_009862245.1_ASM986224v1_genomic.fna	89.5946
GCF_000719655.1_ASM71965v1_genomic.fna	GCF_009862405.1_ASM986240v1_genomic.fna	80.8833
GCF_000719655.1_ASM71965v1_genomic.fna	GCF_009865405.1_ASM986540v1_genomic.fna	82.1316
GCF_000719655.1_ASM71965v1_genomic.fna	GCF_010548705.1_ASM1054870v1_genomic.fna	89.8576
GCF_000719655.1_ASM71965v1_genomic.fna	GCF_014138545.1_ASM1413854v1_genomic.fna	81.537
GCF_000719655.1_ASM71965v1_genomic.fna	GCF_014207295.1_ASM1420729v1_genomic.fna	81.281
GCF_000719655.1_ASM71965v1_genomic.fna	GCF_014648555.1_ASM1464855v1_genomic.fna	79.2757
GCF_000719655.1_ASM71965v1_genomic.fna	GCF_014648695.1_ASM1464869v1_genomic.fna	81.446
GCF_000719655.1_ASM71965v1_genomic.fna	GCF_014649415.1_ASM1464941v1_genomic.fna	89.9385
GCF_000719655.1_ASM71965v1_genomic.fna	GCF_014649435.1_ASM1464943v1_genomic.fna	81.5173
GCF_000719655.1_ASM71965v1_genomic.fna	GCF_014649515.1_ASM1464951v1_genomic.fna	81.3445
GCF_000721105.1_ASM72110v1_genomic.fna	GCF_000721435.1_ASM72143v1_genomic.fna	83.6326
GCF_000721105.1_ASM72110v1_genomic.fna	GCF_000725705.1_Doro.v1.0_genomic.fna	80.9623
GCF_000721105.1_ASM72110v1_genomic.fna	GCF_001013905.1_sleC34_genomic.fna	84.4853
GCF_000721105.1_ASM72110v1_genomic.fna	GCF_001187435.1_ASM118743v1_genomic.fna	80.6839
GCF_000721105.1_ASM72110v1_genomic.fna	GCF_001279485.1_ASM127948v1_genomic.fna	80.9381
GCF_000721105.1_ASM72110v1_genomic.fna	GCF_001280885.1_ASM128088v1_genomic.fna	81.0152
GCF_000721105.1_ASM72110v1_genomic.fna	GCF_001418135.1_ASM141813v1_genomic.fna	81.5008
GCF_000721105.1_ASM72110v1_genomic.fna	GCF_001418175.1_ASM141817v1_genomic.fna	84.0948
GCF_000721105.1_ASM72110v1_genomic.fna	GCF_001427565.1_Root63_genomic.fna	80.9777
GCF_000721105.1_ASM72110v1_genomic.fna	GCF_001493375.1_Streptomyces_specialis_genomic.fna	79.3097
GCF_000721105.1_ASM72110v1_genomic.fna	GCF_001751255.1_ASM175125v1_genomic.fna	79.4915
GCF_000721105.1_ASM72110v1_genomic.fna	GCF_001941845.1_ASM194184v1_genomic.fna	81.0186
GCF_000721105.1_ASM72110v1_genomic.fna	GCF_001970135.1_ASM197013v1_genomic.fna	84.1433
GCF_000721105.1_ASM72110v1_genomic.fna	GCF_002300165.1_ASM230016v1_genomic.fna	83.7523
GCF_000721105.1_ASM72110v1_genomic.fna	GCF_002551065.1_ASM255106v1_genomic.fna	81.1239
GCF_000721105.1_ASM72110v1_genomic.fna	GCF_003259355.1_ASM325935v1_genomic.fna	79.3713
GCF_000721105.1_ASM72110v1_genomic.fna	GCF_003977835.1_ASM397783v1_genomic.fna	83.8022
GCF_000721105.1_ASM72110v1_genomic.fna	GCF_004122755.1_ASM412275v1_genomic.fna	80.9282
GCF_000721105.1_ASM72110v1_genomic.fna	GCF_004524875.1_ASM452487v1_genomic.fna	80.84
GCF_000721105.1_ASM72110v1_genomic.fna	GCF_004684805.1_ASM468480v1_genomic.fna	80.712
GCF_000721105.1_ASM72110v1_genomic.fna	GCF_005405925.1_ASM540592v1_genomic.fna	80.1519
GCF_000721105.1_ASM72110v1_genomic.fna	GCF_005519465.1_ASM551946v1_genomic.fna	80.759
GCF_000721105.1_ASM72110v1_genomic.fna	GCF_005869865.1_ASM586986v1_genomic.fna	84.5635
GCF_000721105.1_ASM72110v1_genomic.fna	GCF_005981935.1_ASM598193v1_genomic.fna	81.1715
GCF_000721105.1_ASM72110v1_genomic.fna	GCF_009862245.1_ASM986224v1_genomic.fna	81.1766
GCF_000721105.1_ASM72110v1_genomic.fna	GCF_009862405.1_ASM986240v1_genomic.fna	80.3695
GCF_000721105.1_ASM72110v1_genomic.fna	GCF_009865405.1_ASM986540v1_genomic.fna	80.9407
GCF_000721105.1_ASM72110v1_genomic.fna	GCF_010548705.1_ASM1054870v1_genomic.fna	81.1029
GCF_000721105.1_ASM72110v1_genomic.fna	GCF_014138545.1_ASM1413854v1_genomic.fna	84.3941
GCF_000721105.1_ASM72110v1_genomic.fna	GCF_014207295.1_ASM1420729v1_genomic.fna	84.7736
GCF_000721105.1_ASM72110v1_genomic.fna	GCF_014648555.1_ASM1464855v1_genomic.fna	78.6855
GCF_000721105.1_ASM72110v1_genomic.fna	GCF_014648695.1_ASM1464869v1_genomic.fna	80.6291
GCF_000721105.1_ASM72110v1_genomic.fna	GCF_014649415.1_ASM1464941v1_genomic.fna	81.0704
GCF_000721105.1_ASM72110v1_genomic.fna	GCF_014649435.1_ASM1464943v1_genomic.fna	84.7084
GCF_000721105.1_ASM72110v1_genomic.fna	GCF_014649515.1_ASM1464951v1_genomic.fna	83.8238
GCF_000721435.1_ASM72143v1_genomic.fna	GCF_000725705.1_Doro.v1.0_genomic.fna	80.9845
GCF_000721435.1_ASM72143v1_genomic.fna	GCF_001013905.1_sleC34_genomic.fna	84.7731
GCF_000721435.1_ASM72143v1_genomic.fna	GCF_001187435.1_ASM118743v1_genomic.fna	81.041
GCF_000721435.1_ASM72143v1_genomic.fna	GCF_001279485.1_ASM127948v1_genomic.fna	81.2355
GCF_000721435.1_ASM72143v1_genomic.fna	GCF_001280885.1_ASM128088v1_genomic.fna	81.128
GCF_000721435.1_ASM72143v1_genomic.fna	GCF_001418135.1_ASM141813v1_genomic.fna	81.8074
GCF_000721435.1_ASM72143v1_genomic.fna	GCF_001418175.1_ASM141817v1_genomic.fna	85.5225
GCF_000721435.1_ASM72143v1_genomic.fna	GCF_001427565.1_Root63_genomic.fna	81.2424
GCF_000721435.1_ASM72143v1_genomic.fna	GCF_001493375.1_Streptomyces_specialis_genomic.fna	79.5807
GCF_000721435.1_ASM72143v1_genomic.fna	GCF_001751255.1_ASM175125v1_genomic.fna	79.6348
GCF_000721435.1_ASM72143v1_genomic.fna	GCF_001941845.1_ASM194184v1_genomic.fna	81.1975
GCF_000721435.1_ASM72143v1_genomic.fna	GCF_001970135.1_ASM197013v1_genomic.fna	84.3346
GCF_000721435.1_ASM72143v1_genomic.fna	GCF_002300165.1_ASM230016v1_genomic.fna	83.1574
GCF_000721435.1_ASM72143v1_genomic.fna	GCF_002551065.1_ASM255106v1_genomic.fna	81.2039
GCF_000721435.1_ASM72143v1_genomic.fna	GCF_003259355.1_ASM325935v1_genomic.fna	79.6665
GCF_000721435.1_ASM72143v1_genomic.fna	GCF_003977835.1_ASM397783v1_genomic.fna	86.8695
GCF_000721435.1_ASM72143v1_genomic.fna	GCF_004122755.1_ASM412275v1_genomic.fna	81.12
GCF_000721435.1_ASM72143v1_genomic.fna	GCF_004524875.1_ASM452487v1_genomic.fna	80.747
GCF_000721435.1_ASM72143v1_genomic.fna	GCF_004684805.1_ASM468480v1_genomic.fna	81.0891
GCF_000721435.1_ASM72143v1_genomic.fna	GCF_005405925.1_ASM540592v1_genomic.fna	80.5805
GCF_000721435.1_ASM72143v1_genomic.fna	GCF_005519465.1_ASM551946v1_genomic.fna	81.2576
GCF_000721435.1_ASM72143v1_genomic.fna	GCF_005869865.1_ASM586986v1_genomic.fna	84.333
GCF_000721435.1_ASM72143v1_genomic.fna	GCF_005981935.1_ASM598193v1_genomic.fna	81.1866
GCF_000721435.1_ASM72143v1_genomic.fna	GCF_009862245.1_ASM986224v1_genomic.fna	81.2695
GCF_000721435.1_ASM72143v1_genomic.fna	GCF_009862405.1_ASM986240v1_genomic.fna	80.7218
GCF_000721435.1_ASM72143v1_genomic.fna	GCF_009865405.1_ASM986540v1_genomic.fna	81.0217
GCF_000721435.1_ASM72143v1_genomic.fna	GCF_010548705.1_ASM1054870v1_genomic.fna	81.3405
GCF_000721435.1_ASM72143v1_genomic.fna	GCF_014138545.1_ASM1413854v1_genomic.fna	87.0205
GCF_000721435.1_ASM72143v1_genomic.fna	GCF_014207295.1_ASM1420729v1_genomic.fna	84.5008
GCF_000721435.1_ASM72143v1_genomic.fna	GCF_014648555.1_ASM1464855v1_genomic.fna	79.044
GCF_000721435.1_ASM72143v1_genomic.fna	GCF_014648695.1_ASM1464869v1_genomic.fna	81.1143
GCF_000721435.1_ASM72143v1_genomic.fna	GCF_014649415.1_ASM1464941v1_genomic.fna	81.1314
GCF_000721435.1_ASM72143v1_genomic.fna	GCF_014649435.1_ASM1464943v1_genomic.fna	84.1022
GCF_000721435.1_ASM72143v1_genomic.fna	GCF_014649515.1_ASM1464951v1_genomic.fna	86.8995
GCF_000725705.1_Doro.v1.0_genomic.fna	GCF_001013905.1_sleC34_genomic.fna	81.2719
GCF_000725705.1_Doro.v1.0_genomic.fna	GCF_001187435.1_ASM118743v1_genomic.fna	81.2209
GCF_000725705.1_Doro.v1.0_genomic.fna	GCF_001279485.1_ASM127948v1_genomic.fna	81.5617
GCF_000725705.1_Doro.v1.0_genomic.fna	GCF_001280885.1_ASM128088v1_genomic.fna	81.6287
GCF_000725705.1_Doro.v1.0_genomic.fna	GCF_001418135.1_ASM141813v1_genomic.fna	82.0994
GCF_000725705.1_Doro.v1.0_genomic.fna	GCF_001418175.1_ASM141817v1_genomic.fna	81.1868
GCF_000725705.1_Doro.v1.0_genomic.fna	GCF_001427565.1_Root63_genomic.fna	88.7376
GCF_000725705.1_Doro.v1.0_genomic.fna	GCF_001493375.1_Streptomyces_specialis_genomic.fna	79.4403
GCF_000725705.1_Doro.v1.0_genomic.fna	GCF_001751255.1_ASM175125v1_genomic.fna	79.6439
GCF_000725705.1_Doro.v1.0_genomic.fna	GCF_001941845.1_ASM194184v1_genomic.fna	81.6133
GCF_000725705.1_Doro.v1.0_genomic.fna	GCF_001970135.1_ASM197013v1_genomic.fna	81.0463
GCF_000725705.1_Doro.v1.0_genomic.fna	GCF_002300165.1_ASM230016v1_genomic.fna	81.3275
GCF_000725705.1_Doro.v1.0_genomic.fna	GCF_002551065.1_ASM255106v1_genomic.fna	88.607
GCF_000725705.1_Doro.v1.0_genomic.fna	GCF_003259355.1_ASM325935v1_genomic.fna	79.691
GCF_000725705.1_Doro.v1.0_genomic.fna	GCF_003977835.1_ASM397783v1_genomic.fna	81.0508
GCF_000725705.1_Doro.v1.0_genomic.fna	GCF_004122755.1_ASM412275v1_genomic.fna	81.2158
GCF_000725705.1_Doro.v1.0_genomic.fna	GCF_004524875.1_ASM452487v1_genomic.fna	84.038
GCF_000725705.1_Doro.v1.0_genomic.fna	GCF_004684805.1_ASM468480v1_genomic.fna	81.1421
GCF_000725705.1_Doro.v1.0_genomic.fna	GCF_005405925.1_ASM540592v1_genomic.fna	80.6271
GCF_000725705.1_Doro.v1.0_genomic.fna	GCF_005519465.1_ASM551946v1_genomic.fna	81.5161
GCF_000725705.1_Doro.v1.0_genomic.fna	GCF_005869865.1_ASM586986v1_genomic.fna	81.0516
GCF_000725705.1_Doro.v1.0_genomic.fna	GCF_005981935.1_ASM598193v1_genomic.fna	82.5809
GCF_000725705.1_Doro.v1.0_genomic.fna	GCF_009862245.1_ASM986224v1_genomic.fna	88.3114
GCF_000725705.1_Doro.v1.0_genomic.fna	GCF_009862405.1_ASM986240v1_genomic.fna	80.4586
GCF_000725705.1_Doro.v1.0_genomic.fna	GCF_009865405.1_ASM986540v1_genomic.fna	81.9451
GCF_000725705.1_Doro.v1.0_genomic.fna	GCF_010548705.1_ASM1054870v1_genomic.fna	88.6946
GCF_000725705.1_Doro.v1.0_genomic.fna	GCF_014138545.1_ASM1413854v1_genomic.fna	81.1806
GCF_000725705.1_Doro.v1.0_genomic.fna	GCF_014207295.1_ASM1420729v1_genomic.fna	81.0646
GCF_000725705.1_Doro.v1.0_genomic.fna	GCF_014648555.1_ASM1464855v1_genomic.fna	78.8808
GCF_000725705.1_Doro.v1.0_genomic.fna	GCF_014648695.1_ASM1464869v1_genomic.fna	81.1147
GCF_000725705.1_Doro.v1.0_genomic.fna	GCF_014649415.1_ASM1464941v1_genomic.fna	88.2575
GCF_000725705.1_Doro.v1.0_genomic.fna	GCF_014649435.1_ASM1464943v1_genomic.fna	81.0975
GCF_000725705.1_Doro.v1.0_genomic.fna	GCF_014649515.1_ASM1464951v1_genomic.fna	81.0074
GCF_001013905.1_sleC34_genomic.fna	GCF_001187435.1_ASM118743v1_genomic.fna	81.302
GCF_001013905.1_sleC34_genomic.fna	GCF_001279485.1_ASM127948v1_genomic.fna	81.2525
GCF_001013905.1_sleC34_genomic.fna	GCF_001280885.1_ASM128088v1_genomic.fna	81.229
GCF_001013905.1_sleC34_genomic.fna	GCF_001418135.1_ASM141813v1_genomic.fna	81.7867
GCF_001013905.1_sleC34_genomic.fna	GCF_001418175.1_ASM141817v1_genomic.fna	84.7706
GCF_001013905.1_sleC34_genomic.fna	GCF_001427565.1_Root63_genomic.fna	81.2005
GCF_001013905.1_sleC34_genomic.fna	GCF_001493375.1_Streptomyces_specialis_genomic.fna	79.8181
GCF_001013905.1_sleC34_genomic.fna	GCF_001751255.1_ASM175125v1_genomic.fna	79.7943
GCF_001013905.1_sleC34_genomic.fna	GCF_001941845.1_ASM194184v1_genomic.fna	81.4381
GCF_001013905.1_sleC34_genomic.fna	GCF_001970135.1_ASM197013v1_genomic.fna	85.5304
GCF_001013905.1_sleC34_genomic.fna	GCF_002300165.1_ASM230016v1_genomic.fna	83.5679
GCF_001013905.1_sleC34_genomic.fna	GCF_002551065.1_ASM255106v1_genomic.fna	81.3519
GCF_001013905.1_sleC34_genomic.fna	GCF_003259355.1_ASM325935v1_genomic.fna	79.7224
GCF_001013905.1_sleC34_genomic.fna	GCF_003977835.1_ASM397783v1_genomic.fna	84.7583
GCF_001013905.1_sleC34_genomic.fna	GCF_004122755.1_ASM412275v1_genomic.fna	80.9972
GCF_001013905.1_sleC34_genomic.fna	GCF_004524875.1_ASM452487v1_genomic.fna	80.9662
GCF_001013905.1_sleC34_genomic.fna	GCF_004684805.1_ASM468480v1_genomic.fna	81.3234
GCF_001013905.1_sleC34_genomic.fna	GCF_005405925.1_ASM540592v1_genomic.fna	80.7229
GCF_001013905.1_sleC34_genomic.fna	GCF_005519465.1_ASM551946v1_genomic.fna	81.4415
GCF_001013905.1_sleC34_genomic.fna	GCF_005869865.1_ASM586986v1_genomic.fna	84.8855
GCF_001013905.1_sleC34_genomic.fna	GCF_005981935.1_ASM598193v1_genomic.fna	81.4316
GCF_001013905.1_sleC34_genomic.fna	GCF_009862245.1_ASM986224v1_genomic.fna	81.3623
GCF_001013905.1_sleC34_genomic.fna	GCF_009862405.1_ASM986240v1_genomic.fna	80.7443
GCF_001013905.1_sleC34_genomic.fna	GCF_009865405.1_ASM986540v1_genomic.fna	81.2216
GCF_001013905.1_sleC34_genomic.fna	GCF_010548705.1_ASM1054870v1_genomic.fna	81.4557
GCF_001013905.1_sleC34_genomic.fna	GCF_014138545.1_ASM1413854v1_genomic.fna	85.3906
GCF_001013905.1_sleC34_genomic.fna	GCF_014207295.1_ASM1420729v1_genomic.fna	85.024
GCF_001013905.1_sleC34_genomic.fna	GCF_014648555.1_ASM1464855v1_genomic.fna	79.1139
GCF_001013905.1_sleC34_genomic.fna	GCF_014648695.1_ASM1464869v1_genomic.fna	81.1316
GCF_001013905.1_sleC34_genomic.fna	GCF_014649415.1_ASM1464941v1_genomic.fna	81.188
GCF_001013905.1_sleC34_genomic.fna	GCF_014649435.1_ASM1464943v1_genomic.fna	85.0042
GCF_001013905.1_sleC34_genomic.fna	GCF_014649515.1_ASM1464951v1_genomic.fna	84.7944
GCF_001187435.1_ASM118743v1_genomic.fna	GCF_001279485.1_ASM127948v1_genomic.fna	81.2829
GCF_001187435.1_ASM118743v1_genomic.fna	GCF_001280885.1_ASM128088v1_genomic.fna	81.0401
GCF_001187435.1_ASM118743v1_genomic.fna	GCF_001418135.1_ASM141813v1_genomic.fna	81.3411
GCF_001187435.1_ASM118743v1_genomic.fna	GCF_001418175.1_ASM141817v1_genomic.fna	81.0474
GCF_001187435.1_ASM118743v1_genomic.fna	GCF_001427565.1_Root63_genomic.fna	81.0504
GCF_001187435.1_ASM118743v1_genomic.fna	GCF_001493375.1_Streptomyces_specialis_genomic.fna	80.3165
GCF_001187435.1_ASM118743v1_genomic.fna	GCF_001751255.1_ASM175125v1_genomic.fna	80.2412
GCF_001187435.1_ASM118743v1_genomic.fna	GCF_001941845.1_ASM194184v1_genomic.fna	81.5148
GCF_001187435.1_ASM118743v1_genomic.fna	GCF_001970135.1_ASM197013v1_genomic.fna	80.8031
GCF_001187435.1_ASM118743v1_genomic.fna	GCF_002300165.1_ASM230016v1_genomic.fna	80.9518
GCF_001187435.1_ASM118743v1_genomic.fna	GCF_002551065.1_ASM255106v1_genomic.fna	81.3085
GCF_001187435.1_ASM118743v1_genomic.fna	GCF_003259355.1_ASM325935v1_genomic.fna	80.2544
GCF_001187435.1_ASM118743v1_genomic.fna	GCF_003977835.1_ASM397783v1_genomic.fna	80.7979
GCF_001187435.1_ASM118743v1_genomic.fna	GCF_004122755.1_ASM412275v1_genomic.fna	81.8099
GCF_001187435.1_ASM118743v1_genomic.fna	GCF_004524875.1_ASM452487v1_genomic.fna	81.0542
GCF_001187435.1_ASM118743v1_genomic.fna	GCF_004684805.1_ASM468480v1_genomic.fna	82.2013
GCF_001187435.1_ASM118743v1_genomic.fna	GCF_005405925.1_ASM540592v1_genomic.fna	81.6853
GCF_001187435.1_ASM118743v1_genomic.fna	GCF_005519465.1_ASM551946v1_genomic.fna	81.3757
GCF_001187435.1_ASM118743v1_genomic.fna	GCF_005869865.1_ASM586986v1_genomic.fna	80.7312
GCF_001187435.1_ASM118743v1_genomic.fna	GCF_005981935.1_ASM598193v1_genomic.fna	81.2671
GCF_001187435.1_ASM118743v1_genomic.fna	GCF_009862245.1_ASM986224v1_genomic.fna	81.3006
GCF_001187435.1_ASM118743v1_genomic.fna	GCF_009862405.1_ASM986240v1_genomic.fna	80.5902
GCF_001187435.1_ASM118743v1_genomic.fna	GCF_009865405.1_ASM986540v1_genomic.fna	81.0721
GCF_001187435.1_ASM118743v1_genomic.fna	GCF_010548705.1_ASM1054870v1_genomic.fna	81.3521
GCF_001187435.1_ASM118743v1_genomic.fna	GCF_014138545.1_ASM1413854v1_genomic.fna	81.1779
GCF_001187435.1_ASM118743v1_genomic.fna	GCF_014207295.1_ASM1420729v1_genomic.fna	80.7567
GCF_001187435.1_ASM118743v1_genomic.fna	GCF_014648555.1_ASM1464855v1_genomic.fna	79.2609
GCF_001187435.1_ASM118743v1_genomic.fna	GCF_014648695.1_ASM1464869v1_genomic.fna	81.8282
GCF_001187435.1_ASM118743v1_genomic.fna	GCF_014649415.1_ASM1464941v1_genomic.fna	81.2472
GCF_001187435.1_ASM118743v1_genomic.fna	GCF_014649435.1_ASM1464943v1_genomic.fna	80.991
GCF_001187435.1_ASM118743v1_genomic.fna	GCF_014649515.1_ASM1464951v1_genomic.fna	80.8439
GCF_001279485.1_ASM127948v1_genomic.fna	GCF_001280885.1_ASM128088v1_genomic.fna	86.6555
GCF_001279485.1_ASM127948v1_genomic.fna	GCF_001418135.1_ASM141813v1_genomic.fna	82.2849
GCF_001279485.1_ASM127948v1_genomic.fna	GCF_001418175.1_ASM141817v1_genomic.fna	81.2069
GCF_001279485.1_ASM127948v1_genomic.fna	GCF_001427565.1_Root63_genomic.fna	81.645
GCF_001279485.1_ASM127948v1_genomic.fna	GCF_001493375.1_Streptomyces_specialis_genomic.fna	79.5411
GCF_001279485.1_ASM127948v1_genomic.fna	GCF_001751255.1_ASM175125v1_genomic.fna	79.6669
GCF_001279485.1_ASM127948v1_genomic.fna	GCF_001941845.1_ASM194184v1_genomic.fna	93.3386
GCF_001279485.1_ASM127948v1_genomic.fna	GCF_001970135.1_ASM197013v1_genomic.fna	81.1791
GCF_001279485.1_ASM127948v1_genomic.fna	GCF_002300165.1_ASM230016v1_genomic.fna	81.3664
GCF_001279485.1_ASM127948v1_genomic.fna	GCF_002551065.1_ASM255106v1_genomic.fna	81.7499
GCF_001279485.1_ASM127948v1_genomic.fna	GCF_003259355.1_ASM325935v1_genomic.fna	79.4551
GCF_001279485.1_ASM127948v1_genomic.fna	GCF_003977835.1_ASM397783v1_genomic.fna	80.9005
GCF_001279485.1_ASM127948v1_genomic.fna	GCF_004122755.1_ASM412275v1_genomic.fna	81.0737
GCF_001279485.1_ASM127948v1_genomic.fna	GCF_004524875.1_ASM452487v1_genomic.fna	81.5622
GCF_001279485.1_ASM127948v1_genomic.fna	GCF_004684805.1_ASM468480v1_genomic.fna	80.9165
GCF_001279485.1_ASM127948v1_genomic.fna	GCF_005405925.1_ASM540592v1_genomic.fna	80.5304
GCF_001279485.1_ASM127948v1_genomic.fna	GCF_005519465.1_ASM551946v1_genomic.fna	81.4013
GCF_001279485.1_ASM127948v1_genomic.fna	GCF_005869865.1_ASM586986v1_genomic.fna	81.1272
GCF_001279485.1_ASM127948v1_genomic.fna	GCF_005981935.1_ASM598193v1_genomic.fna	82.0464
GCF_001279485.1_ASM127948v1_genomic.fna	GCF_009862245.1_ASM986224v1_genomic.fna	81.7626
GCF_001279485.1_ASM127948v1_genomic.fna	GCF_009862405.1_ASM986240v1_genomic.fna	80.5859
GCF_001279485.1_ASM127948v1_genomic.fna	GCF_009865405.1_ASM986540v1_genomic.fna	81.5302
GCF_001279485.1_ASM127948v1_genomic.fna	GCF_010548705.1_ASM1054870v1_genomic.fna	81.8226
GCF_001279485.1_ASM127948v1_genomic.fna	GCF_014138545.1_ASM1413854v1_genomic.fna	81.2763
GCF_001279485.1_ASM127948v1_genomic.fna	GCF_014207295.1_ASM1420729v1_genomic.fna	81.1073
GCF_001279485.1_ASM127948v1_genomic.fna	GCF_014648555.1_ASM1464855v1_genomic.fna	79.1543
GCF_001279485.1_ASM127948v1_genomic.fna	GCF_014648695.1_ASM1464869v1_genomic.fna	81.0107
GCF_001279485.1_ASM127948v1_genomic.fna	GCF_014649415.1_ASM1464941v1_genomic.fna	81.7587
GCF_001279485.1_ASM127948v1_genomic.fna	GCF_014649435.1_ASM1464943v1_genomic.fna	81.1046
GCF_001279485.1_ASM127948v1_genomic.fna	GCF_014649515.1_ASM1464951v1_genomic.fna	81.216
GCF_001280885.1_ASM128088v1_genomic.fna	GCF_001418135.1_ASM141813v1_genomic.fna	82.3772
GCF_001280885.1_ASM128088v1_genomic.fna	GCF_001418175.1_ASM141817v1_genomic.fna	81.1109
GCF_001280885.1_ASM128088v1_genomic.fna	GCF_001427565.1_Root63_genomic.fna	81.7433
GCF_001280885.1_ASM128088v1_genomic.fna	GCF_001493375.1_Streptomyces_specialis_genomic.fna	79.4568
GCF_001280885.1_ASM128088v1_genomic.fna	GCF_001751255.1_ASM175125v1_genomic.fna	79.6278
GCF_001280885.1_ASM128088v1_genomic.fna	GCF_001941845.1_ASM194184v1_genomic.fna	86.3708
GCF_001280885.1_ASM128088v1_genomic.fna	GCF_001970135.1_ASM197013v1_genomic.fna	81.0845
GCF_001280885.1_ASM128088v1_genomic.fna	GCF_002300165.1_ASM230016v1_genomic.fna	81.201
GCF_001280885.1_ASM128088v1_genomic.fna	GCF_002551065.1_ASM255106v1_genomic.fna	81.8006
GCF_001280885.1_ASM128088v1_genomic.fna	GCF_003259355.1_ASM325935v1_genomic.fna	79.4909
GCF_001280885.1_ASM128088v1_genomic.fna	GCF_003977835.1_ASM397783v1_genomic.fna	80.8922
GCF_001280885.1_ASM128088v1_genomic.fna	GCF_004122755.1_ASM412275v1_genomic.fna	81.0706
GCF_001280885.1_ASM128088v1_genomic.fna	GCF_004524875.1_ASM452487v1_genomic.fna	81.5985
GCF_001280885.1_ASM128088v1_genomic.fna	GCF_004684805.1_ASM468480v1_genomic.fna	80.9847
GCF_001280885.1_ASM128088v1_genomic.fna	GCF_005405925.1_ASM540592v1_genomic.fna	80.3666
GCF_001280885.1_ASM128088v1_genomic.fna	GCF_005519465.1_ASM551946v1_genomic.fna	81.4866
GCF_001280885.1_ASM128088v1_genomic.fna	GCF_005869865.1_ASM586986v1_genomic.fna	81.0799
GCF_001280885.1_ASM128088v1_genomic.fna	GCF_005981935.1_ASM598193v1_genomic.fna	82.1367
GCF_001280885.1_ASM128088v1_genomic.fna	GCF_009862245.1_ASM986224v1_genomic.fna	81.8564
GCF_001280885.1_ASM128088v1_genomic.fna	GCF_009862405.1_ASM986240v1_genomic.fna	80.6105
GCF_001280885.1_ASM128088v1_genomic.fna	GCF_009865405.1_ASM986540v1_genomic.fna	81.4952
GCF_001280885.1_ASM128088v1_genomic.fna	GCF_010548705.1_ASM1054870v1_genomic.fna	81.7997
GCF_001280885.1_ASM128088v1_genomic.fna	GCF_014138545.1_ASM1413854v1_genomic.fna	81.2091
GCF_001280885.1_ASM128088v1_genomic.fna	GCF_014207295.1_ASM1420729v1_genomic.fna	81.1469
GCF_001280885.1_ASM128088v1_genomic.fna	GCF_014648555.1_ASM1464855v1_genomic.fna	79.1416
GCF_001280885.1_ASM128088v1_genomic.fna	GCF_014648695.1_ASM1464869v1_genomic.fna	80.9068
GCF_001280885.1_ASM128088v1_genomic.fna	GCF_014649415.1_ASM1464941v1_genomic.fna	81.7517
GCF_001280885.1_ASM128088v1_genomic.fna	GCF_014649435.1_ASM1464943v1_genomic.fna	81.0787
GCF_001280885.1_ASM128088v1_genomic.fna	GCF_014649515.1_ASM1464951v1_genomic.fna	81.0269
GCF_001418135.1_ASM141813v1_genomic.fna	GCF_001418175.1_ASM141817v1_genomic.fna	81.7568
GCF_001418135.1_ASM141813v1_genomic.fna	GCF_001427565.1_Root63_genomic.fna	82.2924
GCF_001418135.1_ASM141813v1_genomic.fna	GCF_001493375.1_Streptomyces_specialis_genomic.fna	79.4914
GCF_001418135.1_ASM141813v1_genomic.fna	GCF_001751255.1_ASM175125v1_genomic.fna	79.686
GCF_001418135.1_ASM141813v1_genomic.fna	GCF_001941845.1_ASM194184v1_genomic.fna	82.3477
GCF_001418135.1_ASM141813v1_genomic.fna	GCF_001970135.1_ASM197013v1_genomic.fna	81.7032
GCF_001418135.1_ASM141813v1_genomic.fna	GCF_002300165.1_ASM230016v1_genomic.fna	81.8993
GCF_001418135.1_ASM141813v1_genomic.fna	GCF_002551065.1_ASM255106v1_genomic.fna	82.4347
GCF_001418135.1_ASM141813v1_genomic.fna	GCF_003259355.1_ASM325935v1_genomic.fna	79.587
GCF_001418135.1_ASM141813v1_genomic.fna	GCF_003977835.1_ASM397783v1_genomic.fna	81.5794
GCF_001418135.1_ASM141813v1_genomic.fna	GCF_004122755.1_ASM412275v1_genomic.fna	81.359
GCF_001418135.1_ASM141813v1_genomic.fna	GCF_004524875.1_ASM452487v1_genomic.fna	81.9518
GCF_001418135.1_ASM141813v1_genomic.fna	GCF_004684805.1_ASM468480v1_genomic.fna	81.191
GCF_001418135.1_ASM141813v1_genomic.fna	GCF_005405925.1_ASM540592v1_genomic.fna	80.7621
GCF_001418135.1_ASM141813v1_genomic.fna	GCF_005519465.1_ASM551946v1_genomic.fna	82.0659
GCF_001418135.1_ASM141813v1_genomic.fna	GCF_005869865.1_ASM586986v1_genomic.fna	81.3524
GCF_001418135.1_ASM141813v1_genomic.fna	GCF_005981935.1_ASM598193v1_genomic.fna	82.4662
GCF_001418135.1_ASM141813v1_genomic.fna	GCF_009862245.1_ASM986224v1_genomic.fna	82.3342
GCF_001418135.1_ASM141813v1_genomic.fna	GCF_009862405.1_ASM986240v1_genomic.fna	80.786
GCF_001418135.1_ASM141813v1_genomic.fna	GCF_009865405.1_ASM986540v1_genomic.fna	81.8778
GCF_001418135.1_ASM141813v1_genomic.fna	GCF_010548705.1_ASM1054870v1_genomic.fna	82.3397
GCF_001418135.1_ASM141813v1_genomic.fna	GCF_014138545.1_ASM1413854v1_genomic.fna	81.7548
GCF_001418135.1_ASM141813v1_genomic.fna	GCF_014207295.1_ASM1420729v1_genomic.fna	81.4925
GCF_001418135.1_ASM141813v1_genomic.fna	GCF_014648555.1_ASM1464855v1_genomic.fna	79.2144
GCF_001418135.1_ASM141813v1_genomic.fna	GCF_014648695.1_ASM1464869v1_genomic.fna	81.3298
GCF_001418135.1_ASM141813v1_genomic.fna	GCF_014649415.1_ASM1464941v1_genomic.fna	82.2766
GCF_001418135.1_ASM141813v1_genomic.fna	GCF_014649435.1_ASM1464943v1_genomic.fna	81.7103
GCF_001418135.1_ASM141813v1_genomic.fna	GCF_014649515.1_ASM1464951v1_genomic.fna	81.5867
GCF_001418175.1_ASM141817v1_genomic.fna	GCF_001427565.1_Root63_genomic.fna	81.3102
GCF_001418175.1_ASM141817v1_genomic.fna	GCF_001493375.1_Streptomyces_specialis_genomic.fna	79.5427
GCF_001418175.1_ASM141817v1_genomic.fna	GCF_001751255.1_ASM175125v1_genomic.fna	79.6401
GCF_001418175.1_ASM141817v1_genomic.fna	GCF_001941845.1_ASM194184v1_genomic.fna	81.2888
GCF_001418175.1_ASM141817v1_genomic.fna	GCF_001970135.1_ASM197013v1_genomic.fna	84.7749
GCF_001418175.1_ASM141817v1_genomic.fna	GCF_002300165.1_ASM230016v1_genomic.fna	83.343
GCF_001418175.1_ASM141817v1_genomic.fna	GCF_002551065.1_ASM255106v1_genomic.fna	81.2514
GCF_001418175.1_ASM141817v1_genomic.fna	GCF_003259355.1_ASM325935v1_genomic.fna	79.5211
GCF_001418175.1_ASM141817v1_genomic.fna	GCF_003977835.1_ASM397783v1_genomic.fna	86.2262
GCF_001418175.1_ASM141817v1_genomic.fna	GCF_004122755.1_ASM412275v1_genomic.fna	81.1565
GCF_001418175.1_ASM141817v1_genomic.fna	GCF_004524875.1_ASM452487v1_genomic.fna	80.8659
GCF_001418175.1_ASM141817v1_genomic.fna	GCF_004684805.1_ASM468480v1_genomic.fna	81.0865
GCF_001418175.1_ASM141817v1_genomic.fna	GCF_005405925.1_ASM540592v1_genomic.fna	80.4366
GCF_001418175.1_ASM141817v1_genomic.fna	GCF_005519465.1_ASM551946v1_genomic.fna	81.2614
GCF_001418175.1_ASM141817v1_genomic.fna	GCF_005869865.1_ASM586986v1_genomic.fna	84.8239
GCF_001418175.1_ASM141817v1_genomic.fna	GCF_005981935.1_ASM598193v1_genomic.fna	81.5227
GCF_001418175.1_ASM141817v1_genomic.fna	GCF_009862245.1_ASM986224v1_genomic.fna	81.224
GCF_001418175.1_ASM141817v1_genomic.fna	GCF_009862405.1_ASM986240v1_genomic.fna	80.6552
GCF_001418175.1_ASM141817v1_genomic.fna	GCF_009865405.1_ASM986540v1_genomic.fna	81.1367
GCF_001418175.1_ASM141817v1_genomic.fna	GCF_010548705.1_ASM1054870v1_genomic.fna	81.359
GCF_001418175.1_ASM141817v1_genomic.fna	GCF_014138545.1_ASM1413854v1_genomic.fna	86.8605
GCF_001418175.1_ASM141817v1_genomic.fna	GCF_014207295.1_ASM1420729v1_genomic.fna	84.9414
GCF_001418175.1_ASM141817v1_genomic.fna	GCF_014648555.1_ASM1464855v1_genomic.fna	79.2503
GCF_001418175.1_ASM141817v1_genomic.fna	GCF_014648695.1_ASM1464869v1_genomic.fna	80.9976
GCF_001418175.1_ASM141817v1_genomic.fna	GCF_014649415.1_ASM1464941v1_genomic.fna	81.1191
GCF_001418175.1_ASM141817v1_genomic.fna	GCF_014649435.1_ASM1464943v1_genomic.fna	84.4078
GCF_001418175.1_ASM141817v1_genomic.fna	GCF_014649515.1_ASM1464951v1_genomic.fna	86.3931
GCF_001427565.1_Root63_genomic.fna	GCF_001493375.1_Streptomyces_specialis_genomic.fna	79.3478
GCF_001427565.1_Root63_genomic.fna	GCF_001751255.1_ASM175125v1_genomic.fna	79.805
GCF_001427565.1_Root63_genomic.fna	GCF_001941845.1_ASM194184v1_genomic.fna	81.687
GCF_001427565.1_Root63_genomic.fna	GCF_001970135.1_ASM197013v1_genomic.fna	81.1912
GCF_001427565.1_Root63_genomic.fna	GCF_002300165.1_ASM230016v1_genomic.fna	81.4965
GCF_001427565.1_Root63_genomic.fna	GCF_002551065.1_ASM255106v1_genomic.fna	91.528
GCF_001427565.1_Root63_genomic.fna	GCF_003259355.1_ASM325935v1_genomic.fna	79.7836
GCF_001427565.1_Root63_genomic.fna	GCF_003977835.1_ASM397783v1_genomic.fna	81.0359
GCF_001427565.1_Root63_genomic.fna	GCF_004122755.1_ASM412275v1_genomic.fna	81.3574
GCF_001427565.1_Root63_genomic.fna	GCF_004524875.1_ASM452487v1_genomic.fna	84.1537
GCF_001427565.1_Root63_genomic.fna	GCF_004684805.1_ASM468480v1_genomic.fna	81.1976
GCF_001427565.1_Root63_genomic.fna	GCF_005405925.1_ASM540592v1_genomic.fna	80.593
GCF_001427565.1_Root63_genomic.fna	GCF_005519465.1_ASM551946v1_genomic.fna	81.7626
GCF_001427565.1_Root63_genomic.fna	GCF_005869865.1_ASM586986v1_genomic.fna	81.0328
GCF_001427565.1_Root63_genomic.fna	GCF_005981935.1_ASM598193v1_genomic.fna	82.6289
GCF_001427565.1_Root63_genomic.fna	GCF_009862245.1_ASM986224v1_genomic.fna	92.9071
GCF_001427565.1_Root63_genomic.fna	GCF_009862405.1_ASM986240v1_genomic.fna	80.699
GCF_001427565.1_Root63_genomic.fna	GCF_009865405.1_ASM986540v1_genomic.fna	82.0702
GCF_001427565.1_Root63_genomic.fna	GCF_010548705.1_ASM1054870v1_genomic.fna	96.3466
GCF_001427565.1_Root63_genomic.fna	GCF_014138545.1_ASM1413854v1_genomic.fna	81.2499
GCF_001427565.1_Root63_genomic.fna	GCF_014207295.1_ASM1420729v1_genomic.fna	81.3171
GCF_001427565.1_Root63_genomic.fna	GCF_014648555.1_ASM1464855v1_genomic.fna	78.9885
GCF_001427565.1_Root63_genomic.fna	GCF_014648695.1_ASM1464869v1_genomic.fna	81.1508
GCF_001427565.1_Root63_genomic.fna	GCF_014649415.1_ASM1464941v1_genomic.fna	91.0084
GCF_001427565.1_Root63_genomic.fna	GCF_014649435.1_ASM1464943v1_genomic.fna	81.1137
GCF_001427565.1_Root63_genomic.fna	GCF_014649515.1_ASM1464951v1_genomic.fna	81.141
GCF_001493375.1_Streptomyces_specialis_genomic.fna	GCF_001751255.1_ASM175125v1_genomic.fna	80.2231
GCF_001493375.1_Streptomyces_specialis_genomic.fna	GCF_001941845.1_ASM194184v1_genomic.fna	79.6304
GCF_001493375.1_Streptomyces_specialis_genomic.fna	GCF_001970135.1_ASM197013v1_genomic.fna	79.4655
GCF_001493375.1_Streptomyces_specialis_genomic.fna	GCF_002300165.1_ASM230016v1_genomic.fna	79.5852
GCF_001493375.1_Streptomyces_specialis_genomic.fna	GCF_002551065.1_ASM255106v1_genomic.fna	79.4315
GCF_001493375.1_Streptomyces_specialis_genomic.fna	GCF_003259355.1_ASM325935v1_genomic.fna	80.0858
GCF_001493375.1_Streptomyces_specialis_genomic.fna	GCF_003977835.1_ASM397783v1_genomic.fna	79.4735
GCF_001493375.1_Streptomyces_specialis_genomic.fna	GCF_004122755.1_ASM412275v1_genomic.fna	80.2023
GCF_001493375.1_Streptomyces_specialis_genomic.fna	GCF_004524875.1_ASM452487v1_genomic.fna	79.4668
GCF_001493375.1_Streptomyces_specialis_genomic.fna	GCF_004684805.1_ASM468480v1_genomic.fna	80.4427
GCF_001493375.1_Streptomyces_specialis_genomic.fna	GCF_005405925.1_ASM540592v1_genomic.fna	80.2313
GCF_001493375.1_Streptomyces_specialis_genomic.fna	GCF_005519465.1_ASM551946v1_genomic.fna	79.8777
GCF_001493375.1_Streptomyces_specialis_genomic.fna	GCF_005869865.1_ASM586986v1_genomic.fna	79.3142
GCF_001493375.1_Streptomyces_specialis_genomic.fna	GCF_005981935.1_ASM598193v1_genomic.fna	79.6024
GCF_001493375.1_Streptomyces_specialis_genomic.fna	GCF_009862245.1_ASM986224v1_genomic.fna	79.6024
GCF_001493375.1_Streptomyces_specialis_genomic.fna	GCF_009862405.1_ASM986240v1_genomic.fna	79.3133
GCF_001493375.1_Streptomyces_specialis_genomic.fna	GCF_009865405.1_ASM986540v1_genomic.fna	79.673
GCF_001493375.1_Streptomyces_specialis_genomic.fna	GCF_010548705.1_ASM1054870v1_genomic.fna	79.522
GCF_001493375.1_Streptomyces_specialis_genomic.fna	GCF_014138545.1_ASM1413854v1_genomic.fna	79.7868
GCF_001493375.1_Streptomyces_specialis_genomic.fna	GCF_014207295.1_ASM1420729v1_genomic.fna	79.3112
GCF_001493375.1_Streptomyces_specialis_genomic.fna	GCF_014648555.1_ASM1464855v1_genomic.fna	78.8982
GCF_001493375.1_Streptomyces_specialis_genomic.fna	GCF_014648695.1_ASM1464869v1_genomic.fna	80.1766
GCF_001493375.1_Streptomyces_specialis_genomic.fna	GCF_014649415.1_ASM1464941v1_genomic.fna	79.4295
GCF_001493375.1_Streptomyces_specialis_genomic.fna	GCF_014649435.1_ASM1464943v1_genomic.fna	79.5342
GCF_001493375.1_Streptomyces_specialis_genomic.fna	GCF_014649515.1_ASM1464951v1_genomic.fna	79.5498
GCF_001751255.1_ASM175125v1_genomic.fna	GCF_001941845.1_ASM194184v1_genomic.fna	79.5919
GCF_001751255.1_ASM175125v1_genomic.fna	GCF_001970135.1_ASM197013v1_genomic.fna	79.6452
GCF_001751255.1_ASM175125v1_genomic.fna	GCF_002300165.1_ASM230016v1_genomic.fna	79.6929
GCF_001751255.1_ASM175125v1_genomic.fna	GCF_002551065.1_ASM255106v1_genomic.fna	79.7118
GCF_001751255.1_ASM175125v1_genomic.fna	GCF_003259355.1_ASM325935v1_genomic.fna	97.4558
GCF_001751255.1_ASM175125v1_genomic.fna	GCF_003977835.1_ASM397783v1_genomic.fna	79.4513
GCF_001751255.1_ASM175125v1_genomic.fna	GCF_004122755.1_ASM412275v1_genomic.fna	80.3696
GCF_001751255.1_ASM175125v1_genomic.fna	GCF_004524875.1_ASM452487v1_genomic.fna	79.5615
GCF_001751255.1_ASM175125v1_genomic.fna	GCF_004684805.1_ASM468480v1_genomic.fna	80.5144
GCF_001751255.1_ASM175125v1_genomic.fna	GCF_005405925.1_ASM540592v1_genomic.fna	80.0066
GCF_001751255.1_ASM175125v1_genomic.fna	GCF_005519465.1_ASM551946v1_genomic.fna	79.5984
GCF_001751255.1_ASM175125v1_genomic.fna	GCF_005869865.1_ASM586986v1_genomic.fna	79.6112
GCF_001751255.1_ASM175125v1_genomic.fna	GCF_005981935.1_ASM598193v1_genomic.fna	80.1044
GCF_001751255.1_ASM175125v1_genomic.fna	GCF_009862245.1_ASM986224v1_genomic.fna	79.838
GCF_001751255.1_ASM175125v1_genomic.fna	GCF_009862405.1_ASM986240v1_genomic.fna	79.539
GCF_001751255.1_ASM175125v1_genomic.fna	GCF_009865405.1_ASM986540v1_genomic.fna	79.8185
GCF_001751255.1_ASM175125v1_genomic.fna	GCF_010548705.1_ASM1054870v1_genomic.fna	79.8088
GCF_001751255.1_ASM175125v1_genomic.fna	GCF_014138545.1_ASM1413854v1_genomic.fna	79.8245
GCF_001751255.1_ASM175125v1_genomic.fna	GCF_014207295.1_ASM1420729v1_genomic.fna	79.6294
GCF_001751255.1_ASM175125v1_genomic.fna	GCF_014648555.1_ASM1464855v1_genomic.fna	78.593
GCF_001751255.1_ASM175125v1_genomic.fna	GCF_014648695.1_ASM1464869v1_genomic.fna	80.3321
GCF_001751255.1_ASM175125v1_genomic.fna	GCF_014649415.1_ASM1464941v1_genomic.fna	79.8171
GCF_001751255.1_ASM175125v1_genomic.fna	GCF_014649435.1_ASM1464943v1_genomic.fna	79.7763
GCF_001751255.1_ASM175125v1_genomic.fna	GCF_014649515.1_ASM1464951v1_genomic.fna	79.5489
GCF_001941845.1_ASM194184v1_genomic.fna	GCF_001970135.1_ASM197013v1_genomic.fna	81.2789
GCF_001941845.1_ASM194184v1_genomic.fna	GCF_002300165.1_ASM230016v1_genomic.fna	81.4754
GCF_001941845.1_ASM194184v1_genomic.fna	GCF_002551065.1_ASM255106v1_genomic.fna	81.8785
GCF_001941845.1_ASM194184v1_genomic.fna	GCF_003259355.1_ASM325935v1_genomic.fna	79.5645
GCF_001941845.1_ASM194184v1_genomic.fna	GCF_003977835.1_ASM397783v1_genomic.fna	81.1317
GCF_001941845.1_ASM194184v1_genomic.fna	GCF_004122755.1_ASM412275v1_genomic.fna	81.1271
GCF_001941845.1_ASM194184v1_genomic.fna	GCF_004524875.1_ASM452487v1_genomic.fna	81.7137
GCF_001941845.1_ASM194184v1_genomic.fna	GCF_004684805.1_ASM468480v1_genomic.fna	81.0814
GCF_001941845.1_ASM194184v1_genomic.fna	GCF_005405925.1_ASM540592v1_genomic.fna	80.6852
GCF_001941845.1_ASM194184v1_genomic.fna	GCF_005519465.1_ASM551946v1_genomic.fna	81.6965
GCF_001941845.1_ASM194184v1_genomic.fna	GCF_005869865.1_ASM586986v1_genomic.fna	81.1472
GCF_001941845.1_ASM194184v1_genomic.fna	GCF_005981935.1_ASM598193v1_genomic.fna	82.1292
GCF_001941845.1_ASM194184v1_genomic.fna	GCF_009862245.1_ASM986224v1_genomic.fna	81.9641
GCF_001941845.1_ASM194184v1_genomic.fna	GCF_009862405.1_ASM986240v1_genomic.fna	80.5723
GCF_001941845.1_ASM194184v1_genomic.fna	GCF_009865405.1_ASM986540v1_genomic.fna	81.6034
GCF_001941845.1_ASM194184v1_genomic.fna	GCF_010548705.1_ASM1054870v1_genomic.fna	81.9335
GCF_001941845.1_ASM194184v1_genomic.fna	GCF_014138545.1_ASM1413854v1_genomic.fna	81.3724
GCF_001941845.1_ASM194184v1_genomic.fna	GCF_014207295.1_ASM1420729v1_genomic.fna	81.1042
GCF_001941845.1_ASM194184v1_genomic.fna	GCF_014648555.1_ASM1464855v1_genomic.fna	79.2994
GCF_001941845.1_ASM194184v1_genomic.fna	GCF_014648695.1_ASM1464869v1_genomic.fna	81.0385
GCF_001941845.1_ASM194184v1_genomic.fna	GCF_014649415.1_ASM1464941v1_genomic.fna	81.8626
GCF_001941845.1_ASM194184v1_genomic.fna	GCF_014649435.1_ASM1464943v1_genomic.fna	81.071
GCF_001941845.1_ASM194184v1_genomic.fna	GCF_014649515.1_ASM1464951v1_genomic.fna	81.0742
GCF_001970135.1_ASM197013v1_genomic.fna	GCF_002300165.1_ASM230016v1_genomic.fna	83.3532
GCF_001970135.1_ASM197013v1_genomic.fna	GCF_002551065.1_ASM255106v1_genomic.fna	81.2748
GCF_001970135.1_ASM197013v1_genomic.fna	GCF_003259355.1_ASM325935v1_genomic.fna	79.546
GCF_001970135.1_ASM197013v1_genomic.fna	GCF_003977835.1_ASM397783v1_genomic.fna	84.5366
GCF_001970135.1_ASM197013v1_genomic.fna	GCF_004122755.1_ASM412275v1_genomic.fna	80.9084
GCF_001970135.1_ASM197013v1_genomic.fna	GCF_004524875.1_ASM452487v1_genomic.fna	80.9225
GCF_001970135.1_ASM197013v1_genomic.fna	GCF_004684805.1_ASM468480v1_genomic.fna	80.8785
GCF_001970135.1_ASM197013v1_genomic.fna	GCF_005405925.1_ASM540592v1_genomic.fna	80.5428
GCF_001970135.1_ASM197013v1_genomic.fna	GCF_005519465.1_ASM551946v1_genomic.fna	81.1563
GCF_001970135.1_ASM197013v1_genomic.fna	GCF_005869865.1_ASM586986v1_genomic.fna	84.4728
GCF_001970135.1_ASM197013v1_genomic.fna	GCF_005981935.1_ASM598193v1_genomic.fna	81.2867
GCF_001970135.1_ASM197013v1_genomic.fna	GCF_009862245.1_ASM986224v1_genomic.fna	81.2725
GCF_001970135.1_ASM197013v1_genomic.fna	GCF_009862405.1_ASM986240v1_genomic.fna	80.4827
GCF_001970135.1_ASM197013v1_genomic.fna	GCF_009865405.1_ASM986540v1_genomic.fna	81.0004
GCF_001970135.1_ASM197013v1_genomic.fna	GCF_010548705.1_ASM1054870v1_genomic.fna	81.3403
GCF_001970135.1_ASM197013v1_genomic.fna	GCF_014138545.1_ASM1413854v1_genomic.fna	84.9638
GCF_001970135.1_ASM197013v1_genomic.fna	GCF_014207295.1_ASM1420729v1_genomic.fna	84.6936
GCF_001970135.1_ASM197013v1_genomic.fna	GCF_014648555.1_ASM1464855v1_genomic.fna	78.9778
GCF_001970135.1_ASM197013v1_genomic.fna	GCF_014648695.1_ASM1464869v1_genomic.fna	81.0443
GCF_001970135.1_ASM197013v1_genomic.fna	GCF_014649415.1_ASM1464941v1_genomic.fna	81.2962
GCF_001970135.1_ASM197013v1_genomic.fna	GCF_014649435.1_ASM1464943v1_genomic.fna	84.3242
GCF_001970135.1_ASM197013v1_genomic.fna	GCF_014649515.1_ASM1464951v1_genomic.fna	84.5338
GCF_002300165.1_ASM230016v1_genomic.fna	GCF_002551065.1_ASM255106v1_genomic.fna	81.6508
GCF_002300165.1_ASM230016v1_genomic.fna	GCF_003259355.1_ASM325935v1_genomic.fna	79.7156
GCF_002300165.1_ASM230016v1_genomic.fna	GCF_003977835.1_ASM397783v1_genomic.fna	83.1163
GCF_002300165.1_ASM230016v1_genomic.fna	GCF_004122755.1_ASM412275v1_genomic.fna	81.093
GCF_002300165.1_ASM230016v1_genomic.fna	GCF_004524875.1_ASM452487v1_genomic.fna	81.1821
GCF_002300165.1_ASM230016v1_genomic.fna	GCF_004684805.1_ASM468480v1_genomic.fna	80.9507
GCF_002300165.1_ASM230016v1_genomic.fna	GCF_005405925.1_ASM540592v1_genomic.fna	80.3927
GCF_002300165.1_ASM230016v1_genomic.fna	GCF_005519465.1_ASM551946v1_genomic.fna	81.1968
GCF_002300165.1_ASM230016v1_genomic.fna	GCF_005869865.1_ASM586986v1_genomic.fna	83.3533
GCF_002300165.1_ASM230016v1_genomic.fna	GCF_005981935.1_ASM598193v1_genomic.fna	81.8156
GCF_002300165.1_ASM230016v1_genomic.fna	GCF_009862245.1_ASM986224v1_genomic.fna	81.5473
GCF_002300165.1_ASM230016v1_genomic.fna	GCF_009862405.1_ASM986240v1_genomic.fna	80.7416
GCF_002300165.1_ASM230016v1_genomic.fna	GCF_009865405.1_ASM986540v1_genomic.fna	81.1472
GCF_002300165.1_ASM230016v1_genomic.fna	GCF_010548705.1_ASM1054870v1_genomic.fna	81.5109
GCF_002300165.1_ASM230016v1_genomic.fna	GCF_014138545.1_ASM1413854v1_genomic.fna	83.6721
GCF_002300165.1_ASM230016v1_genomic.fna	GCF_014207295.1_ASM1420729v1_genomic.fna	83.5715
GCF_002300165.1_ASM230016v1_genomic.fna	GCF_014648555.1_ASM1464855v1_genomic.fna	78.9739
GCF_002300165.1_ASM230016v1_genomic.fna	GCF_014648695.1_ASM1464869v1_genomic.fna	80.8412
GCF_002300165.1_ASM230016v1_genomic.fna	GCF_014649415.1_ASM1464941v1_genomic.fna	81.4849
GCF_002300165.1_ASM230016v1_genomic.fna	GCF_014649435.1_ASM1464943v1_genomic.fna	83.6861
GCF_002300165.1_ASM230016v1_genomic.fna	GCF_014649515.1_ASM1464951v1_genomic.fna	83.2089
GCF_002551065.1_ASM255106v1_genomic.fna	GCF_003259355.1_ASM325935v1_genomic.fna	79.7933
GCF_002551065.1_ASM255106v1_genomic.fna	GCF_003977835.1_ASM397783v1_genomic.fna	81.1161
GCF_002551065.1_ASM255106v1_genomic.fna	GCF_004122755.1_ASM412275v1_genomic.fna	81.422
GCF_002551065.1_ASM255106v1_genomic.fna	GCF_004524875.1_ASM452487v1_genomic.fna	84.1752
GCF_002551065.1_ASM255106v1_genomic.fna	GCF_004684805.1_ASM468480v1_genomic.fna	81.3349
GCF_002551065.1_ASM255106v1_genomic.fna	GCF_005405925.1_ASM540592v1_genomic.fna	80.6815
GCF_002551065.1_ASM255106v1_genomic.fna	GCF_005519465.1_ASM551946v1_genomic.fna	81.6826
GCF_002551065.1_ASM255106v1_genomic.fna	GCF_005869865.1_ASM586986v1_genomic.fna	81.0768
GCF_002551065.1_ASM255106v1_genomic.fna	GCF_005981935.1_ASM598193v1_genomic.fna	82.6995
GCF_002551065.1_ASM255106v1_genomic.fna	GCF_009862245.1_ASM986224v1_genomic.fna	91.2179
GCF_002551065.1_ASM255106v1_genomic.fna	GCF_009862405.1_ASM986240v1_genomic.fna	80.6454
GCF_002551065.1_ASM255106v1_genomic.fna	GCF_009865405.1_ASM986540v1_genomic.fna	82.1066
GCF_002551065.1_ASM255106v1_genomic.fna	GCF_010548705.1_ASM1054870v1_genomic.fna	91.5911
GCF_002551065.1_ASM255106v1_genomic.fna	GCF_014138545.1_ASM1413854v1_genomic.fna	81.3715
GCF_002551065.1_ASM255106v1_genomic.fna	GCF_014207295.1_ASM1420729v1_genomic.fna	81.2321
GCF_002551065.1_ASM255106v1_genomic.fna	GCF_014648555.1_ASM1464855v1_genomic.fna	79.0835
GCF_002551065.1_ASM255106v1_genomic.fna	GCF_014648695.1_ASM1464869v1_genomic.fna	81.2622
GCF_002551065.1_ASM255106v1_genomic.fna	GCF_014649415.1_ASM1464941v1_genomic.fna	94.0579
GCF_002551065.1_ASM255106v1_genomic.fna	GCF_014649435.1_ASM1464943v1_genomic.fna	81.1498
GCF_002551065.1_ASM255106v1_genomic.fna	GCF_014649515.1_ASM1464951v1_genomic.fna	81.1786
GCF_003259355.1_ASM325935v1_genomic.fna	GCF_003977835.1_ASM397783v1_genomic.fna	79.4827
GCF_003259355.1_ASM325935v1_genomic.fna	GCF_004122755.1_ASM412275v1_genomic.fna	80.3641
GCF_003259355.1_ASM325935v1_genomic.fna	GCF_004524875.1_ASM452487v1_genomic.fna	79.4305
GCF_003259355.1_ASM325935v1_genomic.fna	GCF_004684805.1_ASM468480v1_genomic.fna	80.2897
GCF_003259355.1_ASM325935v1_genomic.fna	GCF_005405925.1_ASM540592v1_genomic.fna	79.9584
GCF_003259355.1_ASM325935v1_genomic.fna	GCF_005519465.1_ASM551946v1_genomic.fna	79.5758
GCF_003259355.1_ASM325935v1_genomic.fna	GCF_005869865.1_ASM586986v1_genomic.fna	79.547
GCF_003259355.1_ASM325935v1_genomic.fna	GCF_005981935.1_ASM598193v1_genomic.fna	80.0973
GCF_003259355.1_ASM325935v1_genomic.fna	GCF_009862245.1_ASM986224v1_genomic.fna	79.7461
GCF_003259355.1_ASM325935v1_genomic.fna	GCF_009862405.1_ASM986240v1_genomic.fna	79.4968
GCF_003259355.1_ASM325935v1_genomic.fna	GCF_009865405.1_ASM986540v1_genomic.fna	79.7511
GCF_003259355.1_ASM325935v1_genomic.fna	GCF_010548705.1_ASM1054870v1_genomic.fna	79.805
GCF_003259355.1_ASM325935v1_genomic.fna	GCF_014138545.1_ASM1413854v1_genomic.fna	79.71
GCF_003259355.1_ASM325935v1_genomic.fna	GCF_014207295.1_ASM1420729v1_genomic.fna	79.5601
GCF_003259355.1_ASM325935v1_genomic.fna	GCF_014648555.1_ASM1464855v1_genomic.fna	78.4208
GCF_003259355.1_ASM325935v1_genomic.fna	GCF_014648695.1_ASM1464869v1_genomic.fna	80.3229
GCF_003259355.1_ASM325935v1_genomic.fna	GCF_014649415.1_ASM1464941v1_genomic.fna	79.7969
GCF_003259355.1_ASM325935v1_genomic.fna	GCF_014649435.1_ASM1464943v1_genomic.fna	79.7434
GCF_003259355.1_ASM325935v1_genomic.fna	GCF_014649515.1_ASM1464951v1_genomic.fna	79.5137
GCF_003977835.1_ASM397783v1_genomic.fna	GCF_004122755.1_ASM412275v1_genomic.fna	80.8781
GCF_003977835.1_ASM397783v1_genomic.fna	GCF_004524875.1_ASM452487v1_genomic.fna	80.5835
GCF_003977835.1_ASM397783v1_genomic.fna	GCF_004684805.1_ASM468480v1_genomic.fna	80.8921
GCF_003977835.1_ASM397783v1_genomic.fna	GCF_005405925.1_ASM540592v1_genomic.fna	80.4965
GCF_003977835.1_ASM397783v1_genomic.fna	GCF_005519465.1_ASM551946v1_genomic.fna	81.128
GCF_003977835.1_ASM397783v1_genomic.fna	GCF_005869865.1_ASM586986v1_genomic.fna	84.5701
GCF_003977835.1_ASM397783v1_genomic.fna	GCF_005981935.1_ASM598193v1_genomic.fna	81.1658
GCF_003977835.1_ASM397783v1_genomic.fna	GCF_009862245.1_ASM986224v1_genomic.fna	81.0554
GCF_003977835.1_ASM397783v1_genomic.fna	GCF_009862405.1_ASM986240v1_genomic.fna	80.3992
GCF_003977835.1_ASM397783v1_genomic.fna	GCF_009865405.1_ASM986540v1_genomic.fna	80.9371
GCF_003977835.1_ASM397783v1_genomic.fna	GCF_010548705.1_ASM1054870v1_genomic.fna	81.11
GCF_003977835.1_ASM397783v1_genomic.fna	GCF_014138545.1_ASM1413854v1_genomic.fna	87.94
GCF_003977835.1_ASM397783v1_genomic.fna	GCF_014207295.1_ASM1420729v1_genomic.fna	84.6033
GCF_003977835.1_ASM397783v1_genomic.fna	GCF_014648555.1_ASM1464855v1_genomic.fna	78.9733
GCF_003977835.1_ASM397783v1_genomic.fna	GCF_014648695.1_ASM1464869v1_genomic.fna	80.9382
GCF_003977835.1_ASM397783v1_genomic.fna	GCF_014649415.1_ASM1464941v1_genomic.fna	81.0256
GCF_003977835.1_ASM397783v1_genomic.fna	GCF_014649435.1_ASM1464943v1_genomic.fna	84.1491
GCF_003977835.1_ASM397783v1_genomic.fna	GCF_014649515.1_ASM1464951v1_genomic.fna	88.4681
GCF_004122755.1_ASM412275v1_genomic.fna	GCF_004524875.1_ASM452487v1_genomic.fna	81.0698
GCF_004122755.1_ASM412275v1_genomic.fna	GCF_004684805.1_ASM468480v1_genomic.fna	81.9909
GCF_004122755.1_ASM412275v1_genomic.fna	GCF_005405925.1_ASM540592v1_genomic.fna	81.4705
GCF_004122755.1_ASM412275v1_genomic.fna	GCF_005519465.1_ASM551946v1_genomic.fna	81.1557
GCF_004122755.1_ASM412275v1_genomic.fna	GCF_005869865.1_ASM586986v1_genomic.fna	80.8675
GCF_004122755.1_ASM412275v1_genomic.fna	GCF_005981935.1_ASM598193v1_genomic.fna	81.4365
GCF_004122755.1_ASM412275v1_genomic.fna	GCF_009862245.1_ASM986224v1_genomic.fna	81.486
GCF_004122755.1_ASM412275v1_genomic.fna	GCF_009862405.1_ASM986240v1_genomic.fna	80.6442
GCF_004122755.1_ASM412275v1_genomic.fna	GCF_009865405.1_ASM986540v1_genomic.fna	81.1429
GCF_004122755.1_ASM412275v1_genomic.fna	GCF_010548705.1_ASM1054870v1_genomic.fna	81.5276
GCF_004122755.1_ASM412275v1_genomic.fna	GCF_014138545.1_ASM1413854v1_genomic.fna	81.3774
GCF_004122755.1_ASM412275v1_genomic.fna	GCF_014207295.1_ASM1420729v1_genomic.fna	80.8586
GCF_004122755.1_ASM412275v1_genomic.fna	GCF_014648555.1_ASM1464855v1_genomic.fna	79.4768
GCF_004122755.1_ASM412275v1_genomic.fna	GCF_014648695.1_ASM1464869v1_genomic.fna	86.1258
GCF_004122755.1_ASM412275v1_genomic.fna	GCF_014649415.1_ASM1464941v1_genomic.fna	81.3792
GCF_004122755.1_ASM412275v1_genomic.fna	GCF_014649435.1_ASM1464943v1_genomic.fna	80.8745
GCF_004122755.1_ASM412275v1_genomic.fna	GCF_014649515.1_ASM1464951v1_genomic.fna	81.116
GCF_004524875.1_ASM452487v1_genomic.fna	GCF_004684805.1_ASM468480v1_genomic.fna	80.8494
GCF_004524875.1_ASM452487v1_genomic.fna	GCF_005405925.1_ASM540592v1_genomic.fna	80.498
GCF_004524875.1_ASM452487v1_genomic.fna	GCF_005519465.1_ASM551946v1_genomic.fna	81.5697
GCF_004524875.1_ASM452487v1_genomic.fna	GCF_005869865.1_ASM586986v1_genomic.fna	80.7195
GCF_004524875.1_ASM452487v1_genomic.fna	GCF_005981935.1_ASM598193v1_genomic.fna	82.22
GCF_004524875.1_ASM452487v1_genomic.fna	GCF_009862245.1_ASM986224v1_genomic.fna	84.1607
GCF_004524875.1_ASM452487v1_genomic.fna	GCF_009862405.1_ASM986240v1_genomic.fna	80.3181
GCF_004524875.1_ASM452487v1_genomic.fna	GCF_009865405.1_ASM986540v1_genomic.fna	81.7421
GCF_004524875.1_ASM452487v1_genomic.fna	GCF_010548705.1_ASM1054870v1_genomic.fna	84.4004
GCF_004524875.1_ASM452487v1_genomic.fna	GCF_014138545.1_ASM1413854v1_genomic.fna	80.9772
GCF_004524875.1_ASM452487v1_genomic.fna	GCF_014207295.1_ASM1420729v1_genomic.fna	80.7636
GCF_004524875.1_ASM452487v1_genomic.fna	GCF_014648555.1_ASM1464855v1_genomic.fna	78.8053
GCF_004524875.1_ASM452487v1_genomic.fna	GCF_014648695.1_ASM1464869v1_genomic.fna	81.0214
GCF_004524875.1_ASM452487v1_genomic.fna	GCF_014649415.1_ASM1464941v1_genomic.fna	83.9235
GCF_004524875.1_ASM452487v1_genomic.fna	GCF_014649435.1_ASM1464943v1_genomic.fna	80.8335
GCF_004524875.1_ASM452487v1_genomic.fna	GCF_014649515.1_ASM1464951v1_genomic.fna	80.6448
GCF_004684805.1_ASM468480v1_genomic.fna	GCF_005405925.1_ASM540592v1_genomic.fna	82.5147
GCF_004684805.1_ASM468480v1_genomic.fna	GCF_005519465.1_ASM551946v1_genomic.fna	81.3045
GCF_004684805.1_ASM468480v1_genomic.fna	GCF_005869865.1_ASM586986v1_genomic.fna	80.8082
GCF_004684805.1_ASM468480v1_genomic.fna	GCF_005981935.1_ASM598193v1_genomic.fna	81.082
GCF_004684805.1_ASM468480v1_genomic.fna	GCF_009862245.1_ASM986224v1_genomic.fna	81.1991
GCF_004684805.1_ASM468480v1_genomic.fna	GCF_009862405.1_ASM986240v1_genomic.fna	80.2962
GCF_004684805.1_ASM468480v1_genomic.fna	GCF_009865405.1_ASM986540v1_genomic.fna	80.9824
GCF_004684805.1_ASM468480v1_genomic.fna	GCF_010548705.1_ASM1054870v1_genomic.fna	81.231
GCF_004684805.1_ASM468480v1_genomic.fna	GCF_014138545.1_ASM1413854v1_genomic.fna	81.2246
GCF_004684805.1_ASM468480v1_genomic.fna	GCF_014207295.1_ASM1420729v1_genomic.fna	80.7794
GCF_004684805.1_ASM468480v1_genomic.fna	GCF_014648555.1_ASM1464855v1_genomic.fna	79.7512
GCF_004684805.1_ASM468480v1_genomic.fna	GCF_014648695.1_ASM1464869v1_genomic.fna	81.9128
GCF_004684805.1_ASM468480v1_genomic.fna	GCF_014649415.1_ASM1464941v1_genomic.fna	81.1954
GCF_004684805.1_ASM468480v1_genomic.fna	GCF_014649435.1_ASM1464943v1_genomic.fna	80.947
GCF_004684805.1_ASM468480v1_genomic.fna	GCF_014649515.1_ASM1464951v1_genomic.fna	80.8888
GCF_005405925.1_ASM540592v1_genomic.fna	GCF_005519465.1_ASM551946v1_genomic.fna	80.9251
GCF_005405925.1_ASM540592v1_genomic.fna	GCF_005869865.1_ASM586986v1_genomic.fna	80.2388
GCF_005405925.1_ASM540592v1_genomic.fna	GCF_005981935.1_ASM598193v1_genomic.fna	80.6763
GCF_005405925.1_ASM540592v1_genomic.fna	GCF_009862245.1_ASM986224v1_genomic.fna	80.8428
GCF_005405925.1_ASM540592v1_genomic.fna	GCF_009862405.1_ASM986240v1_genomic.fna	79.8734
GCF_005405925.1_ASM540592v1_genomic.fna	GCF_009865405.1_ASM986540v1_genomic.fna	80.4834
GCF_005405925.1_ASM540592v1_genomic.fna	GCF_010548705.1_ASM1054870v1_genomic.fna	80.73
GCF_005405925.1_ASM540592v1_genomic.fna	GCF_014138545.1_ASM1413854v1_genomic.fna	80.6341
GCF_005405925.1_ASM540592v1_genomic.fna	GCF_014207295.1_ASM1420729v1_genomic.fna	80.3161
GCF_005405925.1_ASM540592v1_genomic.fna	GCF_014648555.1_ASM1464855v1_genomic.fna	79.0723
GCF_005405925.1_ASM540592v1_genomic.fna	GCF_014648695.1_ASM1464869v1_genomic.fna	81.741
GCF_005405925.1_ASM540592v1_genomic.fna	GCF_014649415.1_ASM1464941v1_genomic.fna	80.6706
GCF_005405925.1_ASM540592v1_genomic.fna	GCF_014649435.1_ASM1464943v1_genomic.fna	80.6036
GCF_005405925.1_ASM540592v1_genomic.fna	GCF_014649515.1_ASM1464951v1_genomic.fna	80.6541
GCF_005519465.1_ASM551946v1_genomic.fna	GCF_005869865.1_ASM586986v1_genomic.fna	80.7758
GCF_005519465.1_ASM551946v1_genomic.fna	GCF_005981935.1_ASM598193v1_genomic.fna	81.5336
GCF_005519465.1_ASM551946v1_genomic.fna	GCF_009862245.1_ASM986224v1_genomic.fna	81.8627
GCF_005519465.1_ASM551946v1_genomic.fna	GCF_009862405.1_ASM986240v1_genomic.fna	80.4935
GCF_005519465.1_ASM551946v1_genomic.fna	GCF_009865405.1_ASM986540v1_genomic.fna	81.6184
GCF_005519465.1_ASM551946v1_genomic.fna	GCF_010548705.1_ASM1054870v1_genomic.fna	81.7905
GCF_005519465.1_ASM551946v1_genomic.fna	GCF_014138545.1_ASM1413854v1_genomic.fna	81.2365
GCF_005519465.1_ASM551946v1_genomic.fna	GCF_014207295.1_ASM1420729v1_genomic.fna	80.9367
GCF_005519465.1_ASM551946v1_genomic.fna	GCF_014648555.1_ASM1464855v1_genomic.fna	78.9358
GCF_005519465.1_ASM551946v1_genomic.fna	GCF_014648695.1_ASM1464869v1_genomic.fna	81.1285
GCF_005519465.1_ASM551946v1_genomic.fna	GCF_014649415.1_ASM1464941v1_genomic.fna	81.6704
GCF_005519465.1_ASM551946v1_genomic.fna	GCF_014649435.1_ASM1464943v1_genomic.fna	81.0774
GCF_005519465.1_ASM551946v1_genomic.fna	GCF_014649515.1_ASM1464951v1_genomic.fna	81.2134
GCF_005869865.1_ASM586986v1_genomic.fna	GCF_005981935.1_ASM598193v1_genomic.fna	81.2222
GCF_005869865.1_ASM586986v1_genomic.fna	GCF_009862245.1_ASM986224v1_genomic.fna	80.9922
GCF_005869865.1_ASM586986v1_genomic.fna	GCF_009862405.1_ASM986240v1_genomic.fna	80.371
GCF_005869865.1_ASM586986v1_genomic.fna	GCF_009865405.1_ASM986540v1_genomic.fna	80.7891
GCF_005869865.1_ASM586986v1_genomic.fna	GCF_010548705.1_ASM1054870v1_genomic.fna	81.1272
GCF_005869865.1_ASM586986v1_genomic.fna	GCF_014138545.1_ASM1413854v1_genomic.fna	85.1061
GCF_005869865.1_ASM586986v1_genomic.fna	GCF_014207295.1_ASM1420729v1_genomic.fna	92.4912
GCF_005869865.1_ASM586986v1_genomic.fna	GCF_014648555.1_ASM1464855v1_genomic.fna	78.8214
GCF_005869865.1_ASM586986v1_genomic.fna	GCF_014648695.1_ASM1464869v1_genomic.fna	80.69
GCF_005869865.1_ASM586986v1_genomic.fna	GCF_014649415.1_ASM1464941v1_genomic.fna	81.0543
GCF_005869865.1_ASM586986v1_genomic.fna	GCF_014649435.1_ASM1464943v1_genomic.fna	84.5494
GCF_005869865.1_ASM586986v1_genomic.fna	GCF_014649515.1_ASM1464951v1_genomic.fna	84.6157
GCF_005981935.1_ASM598193v1_genomic.fna	GCF_009862245.1_ASM986224v1_genomic.fna	82.6885
GCF_005981935.1_ASM598193v1_genomic.fna	GCF_009862405.1_ASM986240v1_genomic.fna	81.103
GCF_005981935.1_ASM598193v1_genomic.fna	GCF_009865405.1_ASM986540v1_genomic.fna	82.5592
GCF_005981935.1_ASM598193v1_genomic.fna	GCF_010548705.1_ASM1054870v1_genomic.fna	82.6748
GCF_005981935.1_ASM598193v1_genomic.fna	GCF_014138545.1_ASM1413854v1_genomic.fna	81.4178
GCF_005981935.1_ASM598193v1_genomic.fna	GCF_014207295.1_ASM1420729v1_genomic.fna	81.3069
GCF_005981935.1_ASM598193v1_genomic.fna	GCF_014648555.1_ASM1464855v1_genomic.fna	79.2381
GCF_005981935.1_ASM598193v1_genomic.fna	GCF_014648695.1_ASM1464869v1_genomic.fna	81.3442
GCF_005981935.1_ASM598193v1_genomic.fna	GCF_014649415.1_ASM1464941v1_genomic.fna	82.5444
GCF_005981935.1_ASM598193v1_genomic.fna	GCF_014649435.1_ASM1464943v1_genomic.fna	81.2533
GCF_005981935.1_ASM598193v1_genomic.fna	GCF_014649515.1_ASM1464951v1_genomic.fna	81.3511
GCF_009862245.1_ASM986224v1_genomic.fna	GCF_009862405.1_ASM986240v1_genomic.fna	80.7904
GCF_009862245.1_ASM986224v1_genomic.fna	GCF_009865405.1_ASM986540v1_genomic.fna	82.1565
GCF_009862245.1_ASM986224v1_genomic.fna	GCF_010548705.1_ASM1054870v1_genomic.fna	92.9893
GCF_009862245.1_ASM986224v1_genomic.fna	GCF_014138545.1_ASM1413854v1_genomic.fna	81.3244
GCF_009862245.1_ASM986224v1_genomic.fna	GCF_014207295.1_ASM1420729v1_genomic.fna	81.0939
GCF_009862245.1_ASM986224v1_genomic.fna	GCF_014648555.1_ASM1464855v1_genomic.fna	78.9555
GCF_009862245.1_ASM986224v1_genomic.fna	GCF_014648695.1_ASM1464869v1_genomic.fna	81.2165
GCF_009862245.1_ASM986224v1_genomic.fna	GCF_014649415.1_ASM1464941v1_genomic.fna	90.6888
GCF_009862245.1_ASM986224v1_genomic.fna	GCF_014649435.1_ASM1464943v1_genomic.fna	81.2225
GCF_009862245.1_ASM986224v1_genomic.fna	GCF_014649515.1_ASM1464951v1_genomic.fna	81.2278
GCF_009862405.1_ASM986240v1_genomic.fna	GCF_009865405.1_ASM986540v1_genomic.fna	80.3352
GCF_009862405.1_ASM986240v1_genomic.fna	GCF_010548705.1_ASM1054870v1_genomic.fna	80.7655
GCF_009862405.1_ASM986240v1_genomic.fna	GCF_014138545.1_ASM1413854v1_genomic.fna	80.7415
GCF_009862405.1_ASM986240v1_genomic.fna	GCF_014207295.1_ASM1420729v1_genomic.fna	80.7143
GCF_009862405.1_ASM986240v1_genomic.fna	GCF_014648555.1_ASM1464855v1_genomic.fna	78.6592
GCF_009862405.1_ASM986240v1_genomic.fna	GCF_014648695.1_ASM1464869v1_genomic.fna	80.3656
GCF_009862405.1_ASM986240v1_genomic.fna	GCF_014649415.1_ASM1464941v1_genomic.fna	80.665
GCF_009862405.1_ASM986240v1_genomic.fna	GCF_014649435.1_ASM1464943v1_genomic.fna	80.7097
GCF_009862405.1_ASM986240v1_genomic.fna	GCF_014649515.1_ASM1464951v1_genomic.fna	80.682
GCF_009865405.1_ASM986540v1_genomic.fna	GCF_010548705.1_ASM1054870v1_genomic.fna	82.0403
GCF_009865405.1_ASM986540v1_genomic.fna	GCF_014138545.1_ASM1413854v1_genomic.fna	81.0728
GCF_009865405.1_ASM986540v1_genomic.fna	GCF_014207295.1_ASM1420729v1_genomic.fna	80.9411
GCF_009865405.1_ASM986540v1_genomic.fna	GCF_014648555.1_ASM1464855v1_genomic.fna	78.8332
GCF_009865405.1_ASM986540v1_genomic.fna	GCF_014648695.1_ASM1464869v1_genomic.fna	81.0613
GCF_009865405.1_ASM986540v1_genomic.fna	GCF_014649415.1_ASM1464941v1_genomic.fna	81.9925
GCF_009865405.1_ASM986540v1_genomic.fna	GCF_014649435.1_ASM1464943v1_genomic.fna	81.0572
GCF_009865405.1_ASM986540v1_genomic.fna	GCF_014649515.1_ASM1464951v1_genomic.fna	81.0775
GCF_010548705.1_ASM1054870v1_genomic.fna	GCF_014138545.1_ASM1413854v1_genomic.fna	81.374
GCF_010548705.1_ASM1054870v1_genomic.fna	GCF_014207295.1_ASM1420729v1_genomic.fna	81.2696
GCF_010548705.1_ASM1054870v1_genomic.fna	GCF_014648555.1_ASM1464855v1_genomic.fna	78.9723
GCF_010548705.1_ASM1054870v1_genomic.fna	GCF_014648695.1_ASM1464869v1_genomic.fna	81.2697
GCF_010548705.1_ASM1054870v1_genomic.fna	GCF_014649415.1_ASM1464941v1_genomic.fna	91.1833
GCF_010548705.1_ASM1054870v1_genomic.fna	GCF_014649435.1_ASM1464943v1_genomic.fna	81.304
GCF_010548705.1_ASM1054870v1_genomic.fna	GCF_014649515.1_ASM1464951v1_genomic.fna	81.1926
GCF_014138545.1_ASM1413854v1_genomic.fna	GCF_014207295.1_ASM1420729v1_genomic.fna	85.2652
GCF_014138545.1_ASM1413854v1_genomic.fna	GCF_014648555.1_ASM1464855v1_genomic.fna	79.1367
GCF_014138545.1_ASM1413854v1_genomic.fna	GCF_014648695.1_ASM1464869v1_genomic.fna	81.0398
GCF_014138545.1_ASM1413854v1_genomic.fna	GCF_014649415.1_ASM1464941v1_genomic.fna	81.1709
GCF_014138545.1_ASM1413854v1_genomic.fna	GCF_014649435.1_ASM1464943v1_genomic.fna	84.808
GCF_014138545.1_ASM1413854v1_genomic.fna	GCF_014649515.1_ASM1464951v1_genomic.fna	88.0133
GCF_014207295.1_ASM1420729v1_genomic.fna	GCF_014648555.1_ASM1464855v1_genomic.fna	78.919
GCF_014207295.1_ASM1420729v1_genomic.fna	GCF_014648695.1_ASM1464869v1_genomic.fna	80.821
GCF_014207295.1_ASM1420729v1_genomic.fna	GCF_014649415.1_ASM1464941v1_genomic.fna	81.1183
GCF_014207295.1_ASM1420729v1_genomic.fna	GCF_014649435.1_ASM1464943v1_genomic.fna	84.7512
GCF_014207295.1_ASM1420729v1_genomic.fna	GCF_014649515.1_ASM1464951v1_genomic.fna	84.6726
GCF_014648555.1_ASM1464855v1_genomic.fna	GCF_014648695.1_ASM1464869v1_genomic.fna	79.3452
GCF_014648555.1_ASM1464855v1_genomic.fna	GCF_014649415.1_ASM1464941v1_genomic.fna	79.0848
GCF_014648555.1_ASM1464855v1_genomic.fna	GCF_014649435.1_ASM1464943v1_genomic.fna	78.9069
GCF_014648555.1_ASM1464855v1_genomic.fna	GCF_014649515.1_ASM1464951v1_genomic.fna	79.1387
GCF_014648695.1_ASM1464869v1_genomic.fna	GCF_014649415.1_ASM1464941v1_genomic.fna	81.3239
GCF_014648695.1_ASM1464869v1_genomic.fna	GCF_014649435.1_ASM1464943v1_genomic.fna	80.9132
GCF_014648695.1_ASM1464869v1_genomic.fna	GCF_014649515.1_ASM1464951v1_genomic.fna	81.0861
GCF_014649415.1_ASM1464941v1_genomic.fna	GCF_014649435.1_ASM1464943v1_genomic.fna	81.2409
GCF_014649415.1_ASM1464941v1_genomic.fna	GCF_014649515.1_ASM1464951v1_genomic.fna	81.0532
GCF_014649435.1_ASM1464943v1_genomic.fna	GCF_014649515.1_ASM1464951v1_genomic.fna	84.1564
