genome1	genome2	orthoANIu
GCA_001443625.1_ASM144362v1_genomic.fna	GCA_001517125.1_ASM151712v1_genomic.fna	78.7867
GCA_001443625.1_ASM144362v1_genomic.fna	GCA_008016805.1_ASM801680v1_genomic.fna	78.4785
GCA_001443625.1_ASM144362v1_genomic.fna	GCA_014649355.1_ASM1464935v1_genomic.fna	78.8023
GCA_001443625.1_ASM144362v1_genomic.fna	GCA_014649615.1_ASM1464961v1_genomic.fna	78.6489
GCA_001443625.1_ASM144362v1_genomic.fna	GCA_016893525.2_ASM1689352v2_genomic.fna	78.7756
GCA_001443625.1_ASM144362v1_genomic.fna	GCA_036226585.1_ASM3622658v1_genomic.fna	79.4899
GCA_001443625.1_ASM144362v1_genomic.fna	GCA_040296585.1_ASM4029658v1_genomic.fna	79.0498
GCA_001443625.1_ASM144362v1_genomic.fna	GCA_044755365.1_ASM4475536v1_genomic.fna	78.4825
GCA_001443625.1_ASM144362v1_genomic.fna	GCA_048656505.1_ASM4865650v1_genomic.fna	76.6812
GCA_001443625.1_ASM144362v1_genomic.fna	GCA_049998235.1_ASM4999823v1_genomic.fna	79.4972
GCA_001443625.1_ASM144362v1_genomic.fna	GCA_049998315.1_ASM4999831v1_genomic.fna	78.9623
GCA_001443625.1_ASM144362v1_genomic.fna	GCA_050604645.1_ASM5060464v1_genomic.fna	78.7602
GCA_001443625.1_ASM144362v1_genomic.fna	GCA_050605165.1_ASM5060516v1_genomic.fna	78.8756
GCA_001443625.1_ASM144362v1_genomic.fna	GCA_050605505.1_ASM5060550v1_genomic.fna	78.8794
GCA_001443625.1_ASM144362v1_genomic.fna	GCA_050608825.1_ASM5060882v1_genomic.fna	78.7569
GCA_001443625.1_ASM144362v1_genomic.fna	GCA_963761325.1_MFD05502.bin.1.233_genomic.fna	76.7087
GCA_001443625.1_ASM144362v1_genomic.fna	GCA_965650905.1_SRR15517647_binner13_Refined_2_genomic.fna	78.6227
GCA_001443625.1_ASM144362v1_genomic.fna	GCA_965654005.1_SRR29654717_concoct_46_genomic.fna	77.9681
GCA_001443625.1_ASM144362v1_genomic.fna	GCF_000367365.1_ASM36736v1_genomic.fna	78.1467
GCA_001443625.1_ASM144362v1_genomic.fna	GCF_000695235.1_ASM69523v1_genomic.fna	77.9853
GCA_001443625.1_ASM144362v1_genomic.fna	GCF_000716335.1_ASM71633v1_genomic.fna	80.8149
GCA_001443625.1_ASM144362v1_genomic.fna	GCF_000717745.1_ASM71774v1_genomic.fna	78.0297
GCA_001443625.1_ASM144362v1_genomic.fna	GCF_000719655.1_ASM71965v1_genomic.fna	79.6683
GCA_001443625.1_ASM144362v1_genomic.fna	GCF_000721105.1_ASM72110v1_genomic.fna	78.3085
GCA_001443625.1_ASM144362v1_genomic.fna	GCF_000721435.1_ASM72143v1_genomic.fna	78.8389
GCA_001443625.1_ASM144362v1_genomic.fna	GCF_000725705.1_Doro.v1.0_genomic.fna	79.5375
GCA_001443625.1_ASM144362v1_genomic.fna	GCF_001013905.1_sleC34_genomic.fna	78.8358
GCA_001443625.1_ASM144362v1_genomic.fna	GCF_001187435.1_ASM118743v1_genomic.fna	77.9605
GCA_001443625.1_ASM144362v1_genomic.fna	GCF_001279485.1_ASM127948v1_genomic.fna	79.298
GCA_001443625.1_ASM144362v1_genomic.fna	GCF_001280885.1_ASM128088v1_genomic.fna	79.3431
GCA_001443625.1_ASM144362v1_genomic.fna	GCF_001418135.1_ASM141813v1_genomic.fna	87.5442
GCA_001443625.1_ASM144362v1_genomic.fna	GCF_001418175.1_ASM141817v1_genomic.fna	78.2108
GCA_001443625.1_ASM144362v1_genomic.fna	GCF_001427565.1_Root63_genomic.fna	79.3152
GCA_001443625.1_ASM144362v1_genomic.fna	GCF_001493375.1_Streptomyces_specialis_genomic.fna	76.2856
GCA_001443625.1_ASM144362v1_genomic.fna	GCF_001751255.1_ASM175125v1_genomic.fna	76.4369
GCA_001443625.1_ASM144362v1_genomic.fna	GCF_001941845.1_ASM194184v1_genomic.fna	79.4811
GCA_001443625.1_ASM144362v1_genomic.fna	GCF_001970135.1_ASM197013v1_genomic.fna	78.7239
GCA_001443625.1_ASM144362v1_genomic.fna	GCF_002300165.1_ASM230016v1_genomic.fna	78.8209
GCA_001443625.1_ASM144362v1_genomic.fna	GCF_002551065.1_ASM255106v1_genomic.fna	79.7478
GCA_001443625.1_ASM144362v1_genomic.fna	GCF_003259355.1_ASM325935v1_genomic.fna	76.0872
GCA_001443625.1_ASM144362v1_genomic.fna	GCF_003977835.1_ASM397783v1_genomic.fna	78.5495
GCA_001443625.1_ASM144362v1_genomic.fna	GCF_004122755.1_ASM412275v1_genomic.fna	78.1127
GCA_001443625.1_ASM144362v1_genomic.fna	GCF_004524875.1_ASM452487v1_genomic.fna	79.1021
GCA_001443625.1_ASM144362v1_genomic.fna	GCF_004684805.1_ASM468480v1_genomic.fna	77.8257
GCA_001443625.1_ASM144362v1_genomic.fna	GCF_005405925.1_ASM540592v1_genomic.fna	77.4676
GCA_001443625.1_ASM144362v1_genomic.fna	GCF_005519465.1_ASM551946v1_genomic.fna	79.2114
GCA_001443625.1_ASM144362v1_genomic.fna	GCF_005869865.1_ASM586986v1_genomic.fna	78.3623
GCA_001443625.1_ASM144362v1_genomic.fna	GCF_005981935.1_ASM598193v1_genomic.fna	80.079
GCA_001443625.1_ASM144362v1_genomic.fna	GCF_009862245.1_ASM986224v1_genomic.fna	79.5561
GCA_001443625.1_ASM144362v1_genomic.fna	GCF_009862405.1_ASM986240v1_genomic.fna	77.7781
GCA_001443625.1_ASM144362v1_genomic.fna	GCF_009865405.1_ASM986540v1_genomic.fna	79.3004
GCA_001443625.1_ASM144362v1_genomic.fna	GCF_010548705.1_ASM1054870v1_genomic.fna	79.5776
GCA_001443625.1_ASM144362v1_genomic.fna	GCF_014138545.1_ASM1413854v1_genomic.fna	78.8828
GCA_001443625.1_ASM144362v1_genomic.fna	GCF_014207295.1_ASM1420729v1_genomic.fna	78.7029
GCA_001443625.1_ASM144362v1_genomic.fna	GCF_014648555.1_ASM1464855v1_genomic.fna	75.1123
GCA_001443625.1_ASM144362v1_genomic.fna	GCF_014648695.1_ASM1464869v1_genomic.fna	77.8976
GCA_001443625.1_ASM144362v1_genomic.fna	GCF_014649415.1_ASM1464941v1_genomic.fna	79.2868
GCA_001443625.1_ASM144362v1_genomic.fna	GCF_014649435.1_ASM1464943v1_genomic.fna	78.5987
GCA_001443625.1_ASM144362v1_genomic.fna	GCF_014649515.1_ASM1464951v1_genomic.fna	78.8521
GCA_001517125.1_ASM151712v1_genomic.fna	GCA_008016805.1_ASM801680v1_genomic.fna	81.7831
GCA_001517125.1_ASM151712v1_genomic.fna	GCA_014649355.1_ASM1464935v1_genomic.fna	82.864
GCA_001517125.1_ASM151712v1_genomic.fna	GCA_014649615.1_ASM1464961v1_genomic.fna	82.8413
GCA_001517125.1_ASM151712v1_genomic.fna	GCA_016893525.2_ASM1689352v2_genomic.fna	82.9436
GCA_001517125.1_ASM151712v1_genomic.fna	GCA_036226585.1_ASM3622658v1_genomic.fna	78.6506
GCA_001517125.1_ASM151712v1_genomic.fna	GCA_040296585.1_ASM4029658v1_genomic.fna	81.7569
GCA_001517125.1_ASM151712v1_genomic.fna	GCA_044755365.1_ASM4475536v1_genomic.fna	82.1152
GCA_001517125.1_ASM151712v1_genomic.fna	GCA_048656505.1_ASM4865650v1_genomic.fna	77.117
GCA_001517125.1_ASM151712v1_genomic.fna	GCA_049998235.1_ASM4999823v1_genomic.fna	78.5235
GCA_001517125.1_ASM151712v1_genomic.fna	GCA_049998315.1_ASM4999831v1_genomic.fna	87.378
GCA_001517125.1_ASM151712v1_genomic.fna	GCA_050604645.1_ASM5060464v1_genomic.fna	92.4581
GCA_001517125.1_ASM151712v1_genomic.fna	GCA_050605165.1_ASM5060516v1_genomic.fna	92.6207
GCA_001517125.1_ASM151712v1_genomic.fna	GCA_050605505.1_ASM5060550v1_genomic.fna	92.6327
GCA_001517125.1_ASM151712v1_genomic.fna	GCA_050608825.1_ASM5060882v1_genomic.fna	92.5951
GCA_001517125.1_ASM151712v1_genomic.fna	GCA_963761325.1_MFD05502.bin.1.233_genomic.fna	76.6976
GCA_001517125.1_ASM151712v1_genomic.fna	GCA_965650905.1_SRR15517647_binner13_Refined_2_genomic.fna	80.823
GCA_001517125.1_ASM151712v1_genomic.fna	GCA_965654005.1_SRR29654717_concoct_46_genomic.fna	81.1107
GCA_001517125.1_ASM151712v1_genomic.fna	GCF_000367365.1_ASM36736v1_genomic.fna	81.4886
GCA_001517125.1_ASM151712v1_genomic.fna	GCF_000695235.1_ASM69523v1_genomic.fna	77.9662
GCA_001517125.1_ASM151712v1_genomic.fna	GCF_000716335.1_ASM71633v1_genomic.fna	79.007
GCA_001517125.1_ASM151712v1_genomic.fna	GCF_000717745.1_ASM71774v1_genomic.fna	78.0707
GCA_001517125.1_ASM151712v1_genomic.fna	GCF_000719655.1_ASM71965v1_genomic.fna	78.5617
GCA_001517125.1_ASM151712v1_genomic.fna	GCF_000721105.1_ASM72110v1_genomic.fna	82.7352
GCA_001517125.1_ASM151712v1_genomic.fna	GCF_000721435.1_ASM72143v1_genomic.fna	82.9957
GCA_001517125.1_ASM151712v1_genomic.fna	GCF_000725705.1_Doro.v1.0_genomic.fna	78.364
GCA_001517125.1_ASM151712v1_genomic.fna	GCF_001013905.1_sleC34_genomic.fna	84.323
GCA_001517125.1_ASM151712v1_genomic.fna	GCF_001187435.1_ASM118743v1_genomic.fna	77.9784
GCA_001517125.1_ASM151712v1_genomic.fna	GCF_001279485.1_ASM127948v1_genomic.fna	78.2696
GCA_001517125.1_ASM151712v1_genomic.fna	GCF_001280885.1_ASM128088v1_genomic.fna	78.0459
GCA_001517125.1_ASM151712v1_genomic.fna	GCF_001418135.1_ASM141813v1_genomic.fna	78.8809
GCA_001517125.1_ASM151712v1_genomic.fna	GCF_001418175.1_ASM141817v1_genomic.fna	82.9502
GCA_001517125.1_ASM151712v1_genomic.fna	GCF_001427565.1_Root63_genomic.fna	78.5618
GCA_001517125.1_ASM151712v1_genomic.fna	GCF_001493375.1_Streptomyces_specialis_genomic.fna	76.3086
GCA_001517125.1_ASM151712v1_genomic.fna	GCF_001751255.1_ASM175125v1_genomic.fna	76.1772
GCA_001517125.1_ASM151712v1_genomic.fna	GCF_001941845.1_ASM194184v1_genomic.fna	78.2605
GCA_001517125.1_ASM151712v1_genomic.fna	GCF_001970135.1_ASM197013v1_genomic.fna	98.5023
GCA_001517125.1_ASM151712v1_genomic.fna	GCF_002300165.1_ASM230016v1_genomic.fna	81.7427
GCA_001517125.1_ASM151712v1_genomic.fna	GCF_002551065.1_ASM255106v1_genomic.fna	78.5628
GCA_001517125.1_ASM151712v1_genomic.fna	GCF_003259355.1_ASM325935v1_genomic.fna	76.111
GCA_001517125.1_ASM151712v1_genomic.fna	GCF_003977835.1_ASM397783v1_genomic.fna	83.21
GCA_001517125.1_ASM151712v1_genomic.fna	GCF_004122755.1_ASM412275v1_genomic.fna	77.907
GCA_001517125.1_ASM151712v1_genomic.fna	GCF_004524875.1_ASM452487v1_genomic.fna	78.0163
GCA_001517125.1_ASM151712v1_genomic.fna	GCF_004684805.1_ASM468480v1_genomic.fna	77.9487
GCA_001517125.1_ASM151712v1_genomic.fna	GCF_005405925.1_ASM540592v1_genomic.fna	77.6959
GCA_001517125.1_ASM151712v1_genomic.fna	GCF_005519465.1_ASM551946v1_genomic.fna	78.1895
GCA_001517125.1_ASM151712v1_genomic.fna	GCF_005869865.1_ASM586986v1_genomic.fna	83.0471
GCA_001517125.1_ASM151712v1_genomic.fna	GCF_005981935.1_ASM598193v1_genomic.fna	79.1007
GCA_001517125.1_ASM151712v1_genomic.fna	GCF_009862245.1_ASM986224v1_genomic.fna	78.6381
GCA_001517125.1_ASM151712v1_genomic.fna	GCF_009862405.1_ASM986240v1_genomic.fna	77.6718
GCA_001517125.1_ASM151712v1_genomic.fna	GCF_009865405.1_ASM986540v1_genomic.fna	78.0051
GCA_001517125.1_ASM151712v1_genomic.fna	GCF_010548705.1_ASM1054870v1_genomic.fna	78.7569
GCA_001517125.1_ASM151712v1_genomic.fna	GCF_014138545.1_ASM1413854v1_genomic.fna	83.7256
GCA_001517125.1_ASM151712v1_genomic.fna	GCF_014207295.1_ASM1420729v1_genomic.fna	83.4182
GCA_001517125.1_ASM151712v1_genomic.fna	GCF_014648555.1_ASM1464855v1_genomic.fna	75.5695
GCA_001517125.1_ASM151712v1_genomic.fna	GCF_014648695.1_ASM1464869v1_genomic.fna	77.9654
GCA_001517125.1_ASM151712v1_genomic.fna	GCF_014649415.1_ASM1464941v1_genomic.fna	78.3518
GCA_001517125.1_ASM151712v1_genomic.fna	GCF_014649435.1_ASM1464943v1_genomic.fna	82.8153
GCA_001517125.1_ASM151712v1_genomic.fna	GCF_014649515.1_ASM1464951v1_genomic.fna	83.296
GCA_008016805.1_ASM801680v1_genomic.fna	GCA_014649355.1_ASM1464935v1_genomic.fna	81.6815
GCA_008016805.1_ASM801680v1_genomic.fna	GCA_014649615.1_ASM1464961v1_genomic.fna	81.4952
GCA_008016805.1_ASM801680v1_genomic.fna	GCA_016893525.2_ASM1689352v2_genomic.fna	81.6944
GCA_008016805.1_ASM801680v1_genomic.fna	GCA_036226585.1_ASM3622658v1_genomic.fna	78.5594
GCA_008016805.1_ASM801680v1_genomic.fna	GCA_040296585.1_ASM4029658v1_genomic.fna	81.1486
GCA_008016805.1_ASM801680v1_genomic.fna	GCA_044755365.1_ASM4475536v1_genomic.fna	81.8018
GCA_008016805.1_ASM801680v1_genomic.fna	GCA_048656505.1_ASM4865650v1_genomic.fna	76.5613
GCA_008016805.1_ASM801680v1_genomic.fna	GCA_049998235.1_ASM4999823v1_genomic.fna	78.6921
GCA_008016805.1_ASM801680v1_genomic.fna	GCA_049998315.1_ASM4999831v1_genomic.fna	81.7367
GCA_008016805.1_ASM801680v1_genomic.fna	GCA_050604645.1_ASM5060464v1_genomic.fna	81.8329
GCA_008016805.1_ASM801680v1_genomic.fna	GCA_050605165.1_ASM5060516v1_genomic.fna	81.9048
GCA_008016805.1_ASM801680v1_genomic.fna	GCA_050605505.1_ASM5060550v1_genomic.fna	81.834
GCA_008016805.1_ASM801680v1_genomic.fna	GCA_050608825.1_ASM5060882v1_genomic.fna	81.813
GCA_008016805.1_ASM801680v1_genomic.fna	GCA_963761325.1_MFD05502.bin.1.233_genomic.fna	76.8946
GCA_008016805.1_ASM801680v1_genomic.fna	GCA_965650905.1_SRR15517647_binner13_Refined_2_genomic.fna	80.4248
GCA_008016805.1_ASM801680v1_genomic.fna	GCA_965654005.1_SRR29654717_concoct_46_genomic.fna	80.7052
GCA_008016805.1_ASM801680v1_genomic.fna	GCF_000367365.1_ASM36736v1_genomic.fna	81.2349
GCA_008016805.1_ASM801680v1_genomic.fna	GCF_000695235.1_ASM69523v1_genomic.fna	77.9319
GCA_008016805.1_ASM801680v1_genomic.fna	GCF_000716335.1_ASM71633v1_genomic.fna	78.9724
GCA_008016805.1_ASM801680v1_genomic.fna	GCF_000717745.1_ASM71774v1_genomic.fna	77.9625
GCA_008016805.1_ASM801680v1_genomic.fna	GCF_000719655.1_ASM71965v1_genomic.fna	78.3249
GCA_008016805.1_ASM801680v1_genomic.fna	GCF_000721105.1_ASM72110v1_genomic.fna	81.9437
GCA_008016805.1_ASM801680v1_genomic.fna	GCF_000721435.1_ASM72143v1_genomic.fna	81.6759
GCA_008016805.1_ASM801680v1_genomic.fna	GCF_000725705.1_Doro.v1.0_genomic.fna	78.1785
GCA_008016805.1_ASM801680v1_genomic.fna	GCF_001013905.1_sleC34_genomic.fna	82.1137
GCA_008016805.1_ASM801680v1_genomic.fna	GCF_001187435.1_ASM118743v1_genomic.fna	77.827
GCA_008016805.1_ASM801680v1_genomic.fna	GCF_001279485.1_ASM127948v1_genomic.fna	77.9514
GCA_008016805.1_ASM801680v1_genomic.fna	GCF_001280885.1_ASM128088v1_genomic.fna	78.0968
GCA_008016805.1_ASM801680v1_genomic.fna	GCF_001418135.1_ASM141813v1_genomic.fna	78.6234
GCA_008016805.1_ASM801680v1_genomic.fna	GCF_001418175.1_ASM141817v1_genomic.fna	81.1395
GCA_008016805.1_ASM801680v1_genomic.fna	GCF_001427565.1_Root63_genomic.fna	78.3479
GCA_008016805.1_ASM801680v1_genomic.fna	GCF_001493375.1_Streptomyces_specialis_genomic.fna	76.3955
GCA_008016805.1_ASM801680v1_genomic.fna	GCF_001751255.1_ASM175125v1_genomic.fna	76.4359
GCA_008016805.1_ASM801680v1_genomic.fna	GCF_001941845.1_ASM194184v1_genomic.fna	78.1142
GCA_008016805.1_ASM801680v1_genomic.fna	GCF_001970135.1_ASM197013v1_genomic.fna	81.7821
GCA_008016805.1_ASM801680v1_genomic.fna	GCF_002300165.1_ASM230016v1_genomic.fna	81.2549
GCA_008016805.1_ASM801680v1_genomic.fna	GCF_002551065.1_ASM255106v1_genomic.fna	78.545
GCA_008016805.1_ASM801680v1_genomic.fna	GCF_003259355.1_ASM325935v1_genomic.fna	76.076
GCA_008016805.1_ASM801680v1_genomic.fna	GCF_003977835.1_ASM397783v1_genomic.fna	81.6269
GCA_008016805.1_ASM801680v1_genomic.fna	GCF_004122755.1_ASM412275v1_genomic.fna	77.7266
GCA_008016805.1_ASM801680v1_genomic.fna	GCF_004524875.1_ASM452487v1_genomic.fna	77.8183
GCA_008016805.1_ASM801680v1_genomic.fna	GCF_004684805.1_ASM468480v1_genomic.fna	78.0603
GCA_008016805.1_ASM801680v1_genomic.fna	GCF_005405925.1_ASM540592v1_genomic.fna	77.3626
GCA_008016805.1_ASM801680v1_genomic.fna	GCF_005519465.1_ASM551946v1_genomic.fna	78.1946
GCA_008016805.1_ASM801680v1_genomic.fna	GCF_005869865.1_ASM586986v1_genomic.fna	81.9203
GCA_008016805.1_ASM801680v1_genomic.fna	GCF_005981935.1_ASM598193v1_genomic.fna	78.7569
GCA_008016805.1_ASM801680v1_genomic.fna	GCF_009862245.1_ASM986224v1_genomic.fna	78.1707
GCA_008016805.1_ASM801680v1_genomic.fna	GCF_009862405.1_ASM986240v1_genomic.fna	77.5831
GCA_008016805.1_ASM801680v1_genomic.fna	GCF_009865405.1_ASM986540v1_genomic.fna	78.1571
GCA_008016805.1_ASM801680v1_genomic.fna	GCF_010548705.1_ASM1054870v1_genomic.fna	78.4048
GCA_008016805.1_ASM801680v1_genomic.fna	GCF_014138545.1_ASM1413854v1_genomic.fna	82.2218
GCA_008016805.1_ASM801680v1_genomic.fna	GCF_014207295.1_ASM1420729v1_genomic.fna	81.9621
GCA_008016805.1_ASM801680v1_genomic.fna	GCF_014648555.1_ASM1464855v1_genomic.fna	75.4267
GCA_008016805.1_ASM801680v1_genomic.fna	GCF_014648695.1_ASM1464869v1_genomic.fna	77.8765
GCA_008016805.1_ASM801680v1_genomic.fna	GCF_014649415.1_ASM1464941v1_genomic.fna	78.335
GCA_008016805.1_ASM801680v1_genomic.fna	GCF_014649435.1_ASM1464943v1_genomic.fna	81.9713
GCA_008016805.1_ASM801680v1_genomic.fna	GCF_014649515.1_ASM1464951v1_genomic.fna	81.6257
GCA_014649355.1_ASM1464935v1_genomic.fna	GCA_014649615.1_ASM1464961v1_genomic.fna	97.7039
GCA_014649355.1_ASM1464935v1_genomic.fna	GCA_016893525.2_ASM1689352v2_genomic.fna	93.3274
GCA_014649355.1_ASM1464935v1_genomic.fna	GCA_036226585.1_ASM3622658v1_genomic.fna	78.5009
GCA_014649355.1_ASM1464935v1_genomic.fna	GCA_040296585.1_ASM4029658v1_genomic.fna	81.2928
GCA_014649355.1_ASM1464935v1_genomic.fna	GCA_044755365.1_ASM4475536v1_genomic.fna	81.7748
GCA_014649355.1_ASM1464935v1_genomic.fna	GCA_048656505.1_ASM4865650v1_genomic.fna	76.9749
GCA_014649355.1_ASM1464935v1_genomic.fna	GCA_049998235.1_ASM4999823v1_genomic.fna	78.6036
GCA_014649355.1_ASM1464935v1_genomic.fna	GCA_049998315.1_ASM4999831v1_genomic.fna	82.9582
GCA_014649355.1_ASM1464935v1_genomic.fna	GCA_050604645.1_ASM5060464v1_genomic.fna	82.734
GCA_014649355.1_ASM1464935v1_genomic.fna	GCA_050605165.1_ASM5060516v1_genomic.fna	82.8638
GCA_014649355.1_ASM1464935v1_genomic.fna	GCA_050605505.1_ASM5060550v1_genomic.fna	82.8598
GCA_014649355.1_ASM1464935v1_genomic.fna	GCA_050608825.1_ASM5060882v1_genomic.fna	82.8541
GCA_014649355.1_ASM1464935v1_genomic.fna	GCA_963761325.1_MFD05502.bin.1.233_genomic.fna	76.8542
GCA_014649355.1_ASM1464935v1_genomic.fna	GCA_965650905.1_SRR15517647_binner13_Refined_2_genomic.fna	80.5286
GCA_014649355.1_ASM1464935v1_genomic.fna	GCA_965654005.1_SRR29654717_concoct_46_genomic.fna	80.9488
GCA_014649355.1_ASM1464935v1_genomic.fna	GCF_000367365.1_ASM36736v1_genomic.fna	80.7773
GCA_014649355.1_ASM1464935v1_genomic.fna	GCF_000695235.1_ASM69523v1_genomic.fna	78.0352
GCA_014649355.1_ASM1464935v1_genomic.fna	GCF_000716335.1_ASM71633v1_genomic.fna	79.2389
GCA_014649355.1_ASM1464935v1_genomic.fna	GCF_000717745.1_ASM71774v1_genomic.fna	77.9959
GCA_014649355.1_ASM1464935v1_genomic.fna	GCF_000719655.1_ASM71965v1_genomic.fna	78.6215
GCA_014649355.1_ASM1464935v1_genomic.fna	GCF_000721105.1_ASM72110v1_genomic.fna	82.048
GCA_014649355.1_ASM1464935v1_genomic.fna	GCF_000721435.1_ASM72143v1_genomic.fna	92.1936
GCA_014649355.1_ASM1464935v1_genomic.fna	GCF_000725705.1_Doro.v1.0_genomic.fna	78.3325
GCA_014649355.1_ASM1464935v1_genomic.fna	GCF_001013905.1_sleC34_genomic.fna	83.0293
GCA_014649355.1_ASM1464935v1_genomic.fna	GCF_001187435.1_ASM118743v1_genomic.fna	78.0399
GCA_014649355.1_ASM1464935v1_genomic.fna	GCF_001279485.1_ASM127948v1_genomic.fna	78.3501
GCA_014649355.1_ASM1464935v1_genomic.fna	GCF_001280885.1_ASM128088v1_genomic.fna	77.9996
GCA_014649355.1_ASM1464935v1_genomic.fna	GCF_001418135.1_ASM141813v1_genomic.fna	78.7944
GCA_014649355.1_ASM1464935v1_genomic.fna	GCF_001418175.1_ASM141817v1_genomic.fna	83.8961
GCA_014649355.1_ASM1464935v1_genomic.fna	GCF_001427565.1_Root63_genomic.fna	78.1645
GCA_014649355.1_ASM1464935v1_genomic.fna	GCF_001493375.1_Streptomyces_specialis_genomic.fna	76.8973
GCA_014649355.1_ASM1464935v1_genomic.fna	GCF_001751255.1_ASM175125v1_genomic.fna	76.6478
GCA_014649355.1_ASM1464935v1_genomic.fna	GCF_001941845.1_ASM194184v1_genomic.fna	78.3819
GCA_014649355.1_ASM1464935v1_genomic.fna	GCF_001970135.1_ASM197013v1_genomic.fna	82.767
GCA_014649355.1_ASM1464935v1_genomic.fna	GCF_002300165.1_ASM230016v1_genomic.fna	81.3591
GCA_014649355.1_ASM1464935v1_genomic.fna	GCF_002551065.1_ASM255106v1_genomic.fna	78.3796
GCA_014649355.1_ASM1464935v1_genomic.fna	GCF_003259355.1_ASM325935v1_genomic.fna	76.3822
GCA_014649355.1_ASM1464935v1_genomic.fna	GCF_003977835.1_ASM397783v1_genomic.fna	86.2087
GCA_014649355.1_ASM1464935v1_genomic.fna	GCF_004122755.1_ASM412275v1_genomic.fna	77.757
GCA_014649355.1_ASM1464935v1_genomic.fna	GCF_004524875.1_ASM452487v1_genomic.fna	78.0696
GCA_014649355.1_ASM1464935v1_genomic.fna	GCF_004684805.1_ASM468480v1_genomic.fna	78.1408
GCA_014649355.1_ASM1464935v1_genomic.fna	GCF_005405925.1_ASM540592v1_genomic.fna	77.5672
GCA_014649355.1_ASM1464935v1_genomic.fna	GCF_005519465.1_ASM551946v1_genomic.fna	78.202
GCA_014649355.1_ASM1464935v1_genomic.fna	GCF_005869865.1_ASM586986v1_genomic.fna	83.0361
GCA_014649355.1_ASM1464935v1_genomic.fna	GCF_005981935.1_ASM598193v1_genomic.fna	78.9996
GCA_014649355.1_ASM1464935v1_genomic.fna	GCF_009862245.1_ASM986224v1_genomic.fna	78.5416
GCA_014649355.1_ASM1464935v1_genomic.fna	GCF_009862405.1_ASM986240v1_genomic.fna	77.6682
GCA_014649355.1_ASM1464935v1_genomic.fna	GCF_009865405.1_ASM986540v1_genomic.fna	78.2454
GCA_014649355.1_ASM1464935v1_genomic.fna	GCF_010548705.1_ASM1054870v1_genomic.fna	78.5689
GCA_014649355.1_ASM1464935v1_genomic.fna	GCF_014138545.1_ASM1413854v1_genomic.fna	86.0909
GCA_014649355.1_ASM1464935v1_genomic.fna	GCF_014207295.1_ASM1420729v1_genomic.fna	83.1262
GCA_014649355.1_ASM1464935v1_genomic.fna	GCF_014648555.1_ASM1464855v1_genomic.fna	75.5016
GCA_014649355.1_ASM1464935v1_genomic.fna	GCF_014648695.1_ASM1464869v1_genomic.fna	77.8092
GCA_014649355.1_ASM1464935v1_genomic.fna	GCF_014649415.1_ASM1464941v1_genomic.fna	78.457
GCA_014649355.1_ASM1464935v1_genomic.fna	GCF_014649435.1_ASM1464943v1_genomic.fna	82.5029
GCA_014649355.1_ASM1464935v1_genomic.fna	GCF_014649515.1_ASM1464951v1_genomic.fna	86.0776
GCA_014649615.1_ASM1464961v1_genomic.fna	GCA_016893525.2_ASM1689352v2_genomic.fna	93.3046
GCA_014649615.1_ASM1464961v1_genomic.fna	GCA_036226585.1_ASM3622658v1_genomic.fna	78.6207
GCA_014649615.1_ASM1464961v1_genomic.fna	GCA_040296585.1_ASM4029658v1_genomic.fna	81.3152
GCA_014649615.1_ASM1464961v1_genomic.fna	GCA_044755365.1_ASM4475536v1_genomic.fna	81.7355
GCA_014649615.1_ASM1464961v1_genomic.fna	GCA_048656505.1_ASM4865650v1_genomic.fna	76.9791
GCA_014649615.1_ASM1464961v1_genomic.fna	GCA_049998235.1_ASM4999823v1_genomic.fna	78.5608
GCA_014649615.1_ASM1464961v1_genomic.fna	GCA_049998315.1_ASM4999831v1_genomic.fna	82.7703
GCA_014649615.1_ASM1464961v1_genomic.fna	GCA_050604645.1_ASM5060464v1_genomic.fna	82.6429
GCA_014649615.1_ASM1464961v1_genomic.fna	GCA_050605165.1_ASM5060516v1_genomic.fna	82.9013
GCA_014649615.1_ASM1464961v1_genomic.fna	GCA_050605505.1_ASM5060550v1_genomic.fna	82.8197
GCA_014649615.1_ASM1464961v1_genomic.fna	GCA_050608825.1_ASM5060882v1_genomic.fna	82.8177
GCA_014649615.1_ASM1464961v1_genomic.fna	GCA_963761325.1_MFD05502.bin.1.233_genomic.fna	76.9508
GCA_014649615.1_ASM1464961v1_genomic.fna	GCA_965650905.1_SRR15517647_binner13_Refined_2_genomic.fna	80.6441
GCA_014649615.1_ASM1464961v1_genomic.fna	GCA_965654005.1_SRR29654717_concoct_46_genomic.fna	80.8899
GCA_014649615.1_ASM1464961v1_genomic.fna	GCF_000367365.1_ASM36736v1_genomic.fna	80.8303
GCA_014649615.1_ASM1464961v1_genomic.fna	GCF_000695235.1_ASM69523v1_genomic.fna	77.8435
GCA_014649615.1_ASM1464961v1_genomic.fna	GCF_000716335.1_ASM71633v1_genomic.fna	79.1248
GCA_014649615.1_ASM1464961v1_genomic.fna	GCF_000717745.1_ASM71774v1_genomic.fna	78.2623
GCA_014649615.1_ASM1464961v1_genomic.fna	GCF_000719655.1_ASM71965v1_genomic.fna	78.6718
GCA_014649615.1_ASM1464961v1_genomic.fna	GCF_000721105.1_ASM72110v1_genomic.fna	81.9826
GCA_014649615.1_ASM1464961v1_genomic.fna	GCF_000721435.1_ASM72143v1_genomic.fna	92.1397
GCA_014649615.1_ASM1464961v1_genomic.fna	GCF_000725705.1_Doro.v1.0_genomic.fna	78.4312
GCA_014649615.1_ASM1464961v1_genomic.fna	GCF_001013905.1_sleC34_genomic.fna	83.0561
GCA_014649615.1_ASM1464961v1_genomic.fna	GCF_001187435.1_ASM118743v1_genomic.fna	77.9504
GCA_014649615.1_ASM1464961v1_genomic.fna	GCF_001279485.1_ASM127948v1_genomic.fna	78.3726
GCA_014649615.1_ASM1464961v1_genomic.fna	GCF_001280885.1_ASM128088v1_genomic.fna	78.1857
GCA_014649615.1_ASM1464961v1_genomic.fna	GCF_001418135.1_ASM141813v1_genomic.fna	78.7142
GCA_014649615.1_ASM1464961v1_genomic.fna	GCF_001418175.1_ASM141817v1_genomic.fna	83.7359
GCA_014649615.1_ASM1464961v1_genomic.fna	GCF_001427565.1_Root63_genomic.fna	78.2327
GCA_014649615.1_ASM1464961v1_genomic.fna	GCF_001493375.1_Streptomyces_specialis_genomic.fna	76.687
GCA_014649615.1_ASM1464961v1_genomic.fna	GCF_001751255.1_ASM175125v1_genomic.fna	76.5568
GCA_014649615.1_ASM1464961v1_genomic.fna	GCF_001941845.1_ASM194184v1_genomic.fna	78.2927
GCA_014649615.1_ASM1464961v1_genomic.fna	GCF_001970135.1_ASM197013v1_genomic.fna	82.8151
GCA_014649615.1_ASM1464961v1_genomic.fna	GCF_002300165.1_ASM230016v1_genomic.fna	81.2532
GCA_014649615.1_ASM1464961v1_genomic.fna	GCF_002551065.1_ASM255106v1_genomic.fna	78.551
GCA_014649615.1_ASM1464961v1_genomic.fna	GCF_003259355.1_ASM325935v1_genomic.fna	76.3115
GCA_014649615.1_ASM1464961v1_genomic.fna	GCF_003977835.1_ASM397783v1_genomic.fna	86.3906
GCA_014649615.1_ASM1464961v1_genomic.fna	GCF_004122755.1_ASM412275v1_genomic.fna	77.8371
GCA_014649615.1_ASM1464961v1_genomic.fna	GCF_004524875.1_ASM452487v1_genomic.fna	78.0405
GCA_014649615.1_ASM1464961v1_genomic.fna	GCF_004684805.1_ASM468480v1_genomic.fna	78.1327
GCA_014649615.1_ASM1464961v1_genomic.fna	GCF_005405925.1_ASM540592v1_genomic.fna	77.6277
GCA_014649615.1_ASM1464961v1_genomic.fna	GCF_005519465.1_ASM551946v1_genomic.fna	78.269
GCA_014649615.1_ASM1464961v1_genomic.fna	GCF_005869865.1_ASM586986v1_genomic.fna	82.9065
GCA_014649615.1_ASM1464961v1_genomic.fna	GCF_005981935.1_ASM598193v1_genomic.fna	79.0121
GCA_014649615.1_ASM1464961v1_genomic.fna	GCF_009862245.1_ASM986224v1_genomic.fna	78.5176
GCA_014649615.1_ASM1464961v1_genomic.fna	GCF_009862405.1_ASM986240v1_genomic.fna	77.4867
GCA_014649615.1_ASM1464961v1_genomic.fna	GCF_009865405.1_ASM986540v1_genomic.fna	78.2936
GCA_014649615.1_ASM1464961v1_genomic.fna	GCF_010548705.1_ASM1054870v1_genomic.fna	78.5263
GCA_014649615.1_ASM1464961v1_genomic.fna	GCF_014138545.1_ASM1413854v1_genomic.fna	86.0999
GCA_014649615.1_ASM1464961v1_genomic.fna	GCF_014207295.1_ASM1420729v1_genomic.fna	83.1355
GCA_014649615.1_ASM1464961v1_genomic.fna	GCF_014648555.1_ASM1464855v1_genomic.fna	75.5144
GCA_014649615.1_ASM1464961v1_genomic.fna	GCF_014648695.1_ASM1464869v1_genomic.fna	77.73
GCA_014649615.1_ASM1464961v1_genomic.fna	GCF_014649415.1_ASM1464941v1_genomic.fna	78.5038
GCA_014649615.1_ASM1464961v1_genomic.fna	GCF_014649435.1_ASM1464943v1_genomic.fna	82.6149
GCA_014649615.1_ASM1464961v1_genomic.fna	GCF_014649515.1_ASM1464951v1_genomic.fna	86.0727
GCA_016893525.2_ASM1689352v2_genomic.fna	GCA_036226585.1_ASM3622658v1_genomic.fna	78.6946
GCA_016893525.2_ASM1689352v2_genomic.fna	GCA_040296585.1_ASM4029658v1_genomic.fna	81.3594
GCA_016893525.2_ASM1689352v2_genomic.fna	GCA_044755365.1_ASM4475536v1_genomic.fna	81.8085
GCA_016893525.2_ASM1689352v2_genomic.fna	GCA_048656505.1_ASM4865650v1_genomic.fna	77.1254
GCA_016893525.2_ASM1689352v2_genomic.fna	GCA_049998235.1_ASM4999823v1_genomic.fna	78.6392
GCA_016893525.2_ASM1689352v2_genomic.fna	GCA_049998315.1_ASM4999831v1_genomic.fna	82.9798
GCA_016893525.2_ASM1689352v2_genomic.fna	GCA_050604645.1_ASM5060464v1_genomic.fna	82.9816
GCA_016893525.2_ASM1689352v2_genomic.fna	GCA_050605165.1_ASM5060516v1_genomic.fna	83.0616
GCA_016893525.2_ASM1689352v2_genomic.fna	GCA_050605505.1_ASM5060550v1_genomic.fna	82.9771
GCA_016893525.2_ASM1689352v2_genomic.fna	GCA_050608825.1_ASM5060882v1_genomic.fna	83.0194
GCA_016893525.2_ASM1689352v2_genomic.fna	GCA_963761325.1_MFD05502.bin.1.233_genomic.fna	76.9734
GCA_016893525.2_ASM1689352v2_genomic.fna	GCA_965650905.1_SRR15517647_binner13_Refined_2_genomic.fna	80.7851
GCA_016893525.2_ASM1689352v2_genomic.fna	GCA_965654005.1_SRR29654717_concoct_46_genomic.fna	81.0494
GCA_016893525.2_ASM1689352v2_genomic.fna	GCF_000367365.1_ASM36736v1_genomic.fna	81.0543
GCA_016893525.2_ASM1689352v2_genomic.fna	GCF_000695235.1_ASM69523v1_genomic.fna	78.0755
GCA_016893525.2_ASM1689352v2_genomic.fna	GCF_000716335.1_ASM71633v1_genomic.fna	79.1908
GCA_016893525.2_ASM1689352v2_genomic.fna	GCF_000717745.1_ASM71774v1_genomic.fna	78.1687
GCA_016893525.2_ASM1689352v2_genomic.fna	GCF_000719655.1_ASM71965v1_genomic.fna	78.7204
GCA_016893525.2_ASM1689352v2_genomic.fna	GCF_000721105.1_ASM72110v1_genomic.fna	82.1301
GCA_016893525.2_ASM1689352v2_genomic.fna	GCF_000721435.1_ASM72143v1_genomic.fna	92.7332
GCA_016893525.2_ASM1689352v2_genomic.fna	GCF_000725705.1_Doro.v1.0_genomic.fna	78.3693
GCA_016893525.2_ASM1689352v2_genomic.fna	GCF_001013905.1_sleC34_genomic.fna	83.3345
GCA_016893525.2_ASM1689352v2_genomic.fna	GCF_001187435.1_ASM118743v1_genomic.fna	78.2218
GCA_016893525.2_ASM1689352v2_genomic.fna	GCF_001279485.1_ASM127948v1_genomic.fna	78.2079
GCA_016893525.2_ASM1689352v2_genomic.fna	GCF_001280885.1_ASM128088v1_genomic.fna	78.1804
GCA_016893525.2_ASM1689352v2_genomic.fna	GCF_001418135.1_ASM141813v1_genomic.fna	78.8785
GCA_016893525.2_ASM1689352v2_genomic.fna	GCF_001418175.1_ASM141817v1_genomic.fna	84.1158
GCA_016893525.2_ASM1689352v2_genomic.fna	GCF_001427565.1_Root63_genomic.fna	78.2916
GCA_016893525.2_ASM1689352v2_genomic.fna	GCF_001493375.1_Streptomyces_specialis_genomic.fna	76.8456
GCA_016893525.2_ASM1689352v2_genomic.fna	GCF_001751255.1_ASM175125v1_genomic.fna	76.4574
GCA_016893525.2_ASM1689352v2_genomic.fna	GCF_001941845.1_ASM194184v1_genomic.fna	78.366
GCA_016893525.2_ASM1689352v2_genomic.fna	GCF_001970135.1_ASM197013v1_genomic.fna	82.9879
GCA_016893525.2_ASM1689352v2_genomic.fna	GCF_002300165.1_ASM230016v1_genomic.fna	81.4077
GCA_016893525.2_ASM1689352v2_genomic.fna	GCF_002551065.1_ASM255106v1_genomic.fna	78.5019
GCA_016893525.2_ASM1689352v2_genomic.fna	GCF_003259355.1_ASM325935v1_genomic.fna	76.4317
GCA_016893525.2_ASM1689352v2_genomic.fna	GCF_003977835.1_ASM397783v1_genomic.fna	86.4582
GCA_016893525.2_ASM1689352v2_genomic.fna	GCF_004122755.1_ASM412275v1_genomic.fna	78.0925
GCA_016893525.2_ASM1689352v2_genomic.fna	GCF_004524875.1_ASM452487v1_genomic.fna	78.144
GCA_016893525.2_ASM1689352v2_genomic.fna	GCF_004684805.1_ASM468480v1_genomic.fna	78.1962
GCA_016893525.2_ASM1689352v2_genomic.fna	GCF_005405925.1_ASM540592v1_genomic.fna	77.702
GCA_016893525.2_ASM1689352v2_genomic.fna	GCF_005519465.1_ASM551946v1_genomic.fna	78.485
GCA_016893525.2_ASM1689352v2_genomic.fna	GCF_005869865.1_ASM586986v1_genomic.fna	83.0893
GCA_016893525.2_ASM1689352v2_genomic.fna	GCF_005981935.1_ASM598193v1_genomic.fna	79.136
GCA_016893525.2_ASM1689352v2_genomic.fna	GCF_009862245.1_ASM986224v1_genomic.fna	78.6549
GCA_016893525.2_ASM1689352v2_genomic.fna	GCF_009862405.1_ASM986240v1_genomic.fna	77.6087
GCA_016893525.2_ASM1689352v2_genomic.fna	GCF_009865405.1_ASM986540v1_genomic.fna	78.2421
GCA_016893525.2_ASM1689352v2_genomic.fna	GCF_010548705.1_ASM1054870v1_genomic.fna	78.5565
GCA_016893525.2_ASM1689352v2_genomic.fna	GCF_014138545.1_ASM1413854v1_genomic.fna	86.4113
GCA_016893525.2_ASM1689352v2_genomic.fna	GCF_014207295.1_ASM1420729v1_genomic.fna	83.5137
GCA_016893525.2_ASM1689352v2_genomic.fna	GCF_014648555.1_ASM1464855v1_genomic.fna	75.6121
GCA_016893525.2_ASM1689352v2_genomic.fna	GCF_014648695.1_ASM1464869v1_genomic.fna	77.9248
GCA_016893525.2_ASM1689352v2_genomic.fna	GCF_014649415.1_ASM1464941v1_genomic.fna	78.2902
GCA_016893525.2_ASM1689352v2_genomic.fna	GCF_014649435.1_ASM1464943v1_genomic.fna	82.8069
GCA_016893525.2_ASM1689352v2_genomic.fna	GCF_014649515.1_ASM1464951v1_genomic.fna	86.3796
GCA_036226585.1_ASM3622658v1_genomic.fna	GCA_040296585.1_ASM4029658v1_genomic.fna	78.9834
GCA_036226585.1_ASM3622658v1_genomic.fna	GCA_044755365.1_ASM4475536v1_genomic.fna	78.5364
GCA_036226585.1_ASM3622658v1_genomic.fna	GCA_048656505.1_ASM4865650v1_genomic.fna	76.7167
GCA_036226585.1_ASM3622658v1_genomic.fna	GCA_049998235.1_ASM4999823v1_genomic.fna	79.8516
GCA_036226585.1_ASM3622658v1_genomic.fna	GCA_049998315.1_ASM4999831v1_genomic.fna	78.9419
GCA_036226585.1_ASM3622658v1_genomic.fna	GCA_050604645.1_ASM5060464v1_genomic.fna	78.7363
GCA_036226585.1_ASM3622658v1_genomic.fna	GCA_050605165.1_ASM5060516v1_genomic.fna	78.6245
GCA_036226585.1_ASM3622658v1_genomic.fna	GCA_050605505.1_ASM5060550v1_genomic.fna	78.6296
GCA_036226585.1_ASM3622658v1_genomic.fna	GCA_050608825.1_ASM5060882v1_genomic.fna	78.6646
GCA_036226585.1_ASM3622658v1_genomic.fna	GCA_963761325.1_MFD05502.bin.1.233_genomic.fna	76.8148
GCA_036226585.1_ASM3622658v1_genomic.fna	GCA_965650905.1_SRR15517647_binner13_Refined_2_genomic.fna	78.5228
GCA_036226585.1_ASM3622658v1_genomic.fna	GCA_965654005.1_SRR29654717_concoct_46_genomic.fna	77.646
GCA_036226585.1_ASM3622658v1_genomic.fna	GCF_000367365.1_ASM36736v1_genomic.fna	77.7166
GCA_036226585.1_ASM3622658v1_genomic.fna	GCF_000695235.1_ASM69523v1_genomic.fna	77.9631
GCA_036226585.1_ASM3622658v1_genomic.fna	GCF_000716335.1_ASM71633v1_genomic.fna	80.0392
GCA_036226585.1_ASM3622658v1_genomic.fna	GCF_000717745.1_ASM71774v1_genomic.fna	78.306
GCA_036226585.1_ASM3622658v1_genomic.fna	GCF_000719655.1_ASM71965v1_genomic.fna	82.3576
GCA_036226585.1_ASM3622658v1_genomic.fna	GCF_000721105.1_ASM72110v1_genomic.fna	78.369
GCA_036226585.1_ASM3622658v1_genomic.fna	GCF_000721435.1_ASM72143v1_genomic.fna	78.5344
GCA_036226585.1_ASM3622658v1_genomic.fna	GCF_000725705.1_Doro.v1.0_genomic.fna	82.6214
GCA_036226585.1_ASM3622658v1_genomic.fna	GCF_001013905.1_sleC34_genomic.fna	78.7015
GCA_036226585.1_ASM3622658v1_genomic.fna	GCF_001187435.1_ASM118743v1_genomic.fna	78.2465
GCA_036226585.1_ASM3622658v1_genomic.fna	GCF_001279485.1_ASM127948v1_genomic.fna	79.0245
GCA_036226585.1_ASM3622658v1_genomic.fna	GCF_001280885.1_ASM128088v1_genomic.fna	78.755
GCA_036226585.1_ASM3622658v1_genomic.fna	GCF_001418135.1_ASM141813v1_genomic.fna	79.707
GCA_036226585.1_ASM3622658v1_genomic.fna	GCF_001418175.1_ASM141817v1_genomic.fna	78.3545
GCA_036226585.1_ASM3622658v1_genomic.fna	GCF_001427565.1_Root63_genomic.fna	82.3632
GCA_036226585.1_ASM3622658v1_genomic.fna	GCF_001493375.1_Streptomyces_specialis_genomic.fna	76.4131
GCA_036226585.1_ASM3622658v1_genomic.fna	GCF_001751255.1_ASM175125v1_genomic.fna	76.3346
GCA_036226585.1_ASM3622658v1_genomic.fna	GCF_001941845.1_ASM194184v1_genomic.fna	78.7288
GCA_036226585.1_ASM3622658v1_genomic.fna	GCF_001970135.1_ASM197013v1_genomic.fna	78.6047
GCA_036226585.1_ASM3622658v1_genomic.fna	GCF_002300165.1_ASM230016v1_genomic.fna	78.8611
GCA_036226585.1_ASM3622658v1_genomic.fna	GCF_002551065.1_ASM255106v1_genomic.fna	82.6725
GCA_036226585.1_ASM3622658v1_genomic.fna	GCF_003259355.1_ASM325935v1_genomic.fna	76.1994
GCA_036226585.1_ASM3622658v1_genomic.fna	GCF_003977835.1_ASM397783v1_genomic.fna	78.264
GCA_036226585.1_ASM3622658v1_genomic.fna	GCF_004122755.1_ASM412275v1_genomic.fna	78.2839
GCA_036226585.1_ASM3622658v1_genomic.fna	GCF_004524875.1_ASM452487v1_genomic.fna	82.3006
GCA_036226585.1_ASM3622658v1_genomic.fna	GCF_004684805.1_ASM468480v1_genomic.fna	78.3041
GCA_036226585.1_ASM3622658v1_genomic.fna	GCF_005405925.1_ASM540592v1_genomic.fna	77.395
GCA_036226585.1_ASM3622658v1_genomic.fna	GCF_005519465.1_ASM551946v1_genomic.fna	78.9653
GCA_036226585.1_ASM3622658v1_genomic.fna	GCF_005869865.1_ASM586986v1_genomic.fna	78.4833
GCA_036226585.1_ASM3622658v1_genomic.fna	GCF_005981935.1_ASM598193v1_genomic.fna	80.5131
GCA_036226585.1_ASM3622658v1_genomic.fna	GCF_009862245.1_ASM986224v1_genomic.fna	82.52
GCA_036226585.1_ASM3622658v1_genomic.fna	GCF_009862405.1_ASM986240v1_genomic.fna	77.5326
GCA_036226585.1_ASM3622658v1_genomic.fna	GCF_009865405.1_ASM986540v1_genomic.fna	79.6456
GCA_036226585.1_ASM3622658v1_genomic.fna	GCF_010548705.1_ASM1054870v1_genomic.fna	82.5449
GCA_036226585.1_ASM3622658v1_genomic.fna	GCF_014138545.1_ASM1413854v1_genomic.fna	78.7061
GCA_036226585.1_ASM3622658v1_genomic.fna	GCF_014207295.1_ASM1420729v1_genomic.fna	78.6187
GCA_036226585.1_ASM3622658v1_genomic.fna	GCF_014648555.1_ASM1464855v1_genomic.fna	75.2714
GCA_036226585.1_ASM3622658v1_genomic.fna	GCF_014648695.1_ASM1464869v1_genomic.fna	78.2453
GCA_036226585.1_ASM3622658v1_genomic.fna	GCF_014649415.1_ASM1464941v1_genomic.fna	82.2982
GCA_036226585.1_ASM3622658v1_genomic.fna	GCF_014649435.1_ASM1464943v1_genomic.fna	78.4001
GCA_036226585.1_ASM3622658v1_genomic.fna	GCF_014649515.1_ASM1464951v1_genomic.fna	78.6234
GCA_040296585.1_ASM4029658v1_genomic.fna	GCA_044755365.1_ASM4475536v1_genomic.fna	81.8707
GCA_040296585.1_ASM4029658v1_genomic.fna	GCA_048656505.1_ASM4865650v1_genomic.fna	76.4809
GCA_040296585.1_ASM4029658v1_genomic.fna	GCA_049998235.1_ASM4999823v1_genomic.fna	79.1193
GCA_040296585.1_ASM4029658v1_genomic.fna	GCA_049998315.1_ASM4999831v1_genomic.fna	81.6291
GCA_040296585.1_ASM4029658v1_genomic.fna	GCA_050604645.1_ASM5060464v1_genomic.fna	81.7842
GCA_040296585.1_ASM4029658v1_genomic.fna	GCA_050605165.1_ASM5060516v1_genomic.fna	81.7619
GCA_040296585.1_ASM4029658v1_genomic.fna	GCA_050605505.1_ASM5060550v1_genomic.fna	81.767
GCA_040296585.1_ASM4029658v1_genomic.fna	GCA_050608825.1_ASM5060882v1_genomic.fna	81.7728
GCA_040296585.1_ASM4029658v1_genomic.fna	GCA_963761325.1_MFD05502.bin.1.233_genomic.fna	76.7969
GCA_040296585.1_ASM4029658v1_genomic.fna	GCA_965650905.1_SRR15517647_binner13_Refined_2_genomic.fna	83.0324
GCA_040296585.1_ASM4029658v1_genomic.fna	GCA_965654005.1_SRR29654717_concoct_46_genomic.fna	82.5021
GCA_040296585.1_ASM4029658v1_genomic.fna	GCF_000367365.1_ASM36736v1_genomic.fna	82.5128
GCA_040296585.1_ASM4029658v1_genomic.fna	GCF_000695235.1_ASM69523v1_genomic.fna	78.0131
GCA_040296585.1_ASM4029658v1_genomic.fna	GCF_000716335.1_ASM71633v1_genomic.fna	79.3923
GCA_040296585.1_ASM4029658v1_genomic.fna	GCF_000717745.1_ASM71774v1_genomic.fna	78.2023
GCA_040296585.1_ASM4029658v1_genomic.fna	GCF_000719655.1_ASM71965v1_genomic.fna	78.9007
GCA_040296585.1_ASM4029658v1_genomic.fna	GCF_000721105.1_ASM72110v1_genomic.fna	82.5769
GCA_040296585.1_ASM4029658v1_genomic.fna	GCF_000721435.1_ASM72143v1_genomic.fna	81.2668
GCA_040296585.1_ASM4029658v1_genomic.fna	GCF_000725705.1_Doro.v1.0_genomic.fna	78.7475
GCA_040296585.1_ASM4029658v1_genomic.fna	GCF_001013905.1_sleC34_genomic.fna	81.9469
GCA_040296585.1_ASM4029658v1_genomic.fna	GCF_001187435.1_ASM118743v1_genomic.fna	77.9149
GCA_040296585.1_ASM4029658v1_genomic.fna	GCF_001279485.1_ASM127948v1_genomic.fna	78.4653
GCA_040296585.1_ASM4029658v1_genomic.fna	GCF_001280885.1_ASM128088v1_genomic.fna	78.2419
GCA_040296585.1_ASM4029658v1_genomic.fna	GCF_001418135.1_ASM141813v1_genomic.fna	79.1104
GCA_040296585.1_ASM4029658v1_genomic.fna	GCF_001418175.1_ASM141817v1_genomic.fna	81.1766
GCA_040296585.1_ASM4029658v1_genomic.fna	GCF_001427565.1_Root63_genomic.fna	78.799
GCA_040296585.1_ASM4029658v1_genomic.fna	GCF_001493375.1_Streptomyces_specialis_genomic.fna	76.4405
GCA_040296585.1_ASM4029658v1_genomic.fna	GCF_001751255.1_ASM175125v1_genomic.fna	76.2809
GCA_040296585.1_ASM4029658v1_genomic.fna	GCF_001941845.1_ASM194184v1_genomic.fna	78.4274
GCA_040296585.1_ASM4029658v1_genomic.fna	GCF_001970135.1_ASM197013v1_genomic.fna	82.0207
GCA_040296585.1_ASM4029658v1_genomic.fna	GCF_002300165.1_ASM230016v1_genomic.fna	85.567
GCA_040296585.1_ASM4029658v1_genomic.fna	GCF_002551065.1_ASM255106v1_genomic.fna	78.9071
GCA_040296585.1_ASM4029658v1_genomic.fna	GCF_003259355.1_ASM325935v1_genomic.fna	76.2339
GCA_040296585.1_ASM4029658v1_genomic.fna	GCF_003977835.1_ASM397783v1_genomic.fna	81.5217
GCA_040296585.1_ASM4029658v1_genomic.fna	GCF_004122755.1_ASM412275v1_genomic.fna	77.971
GCA_040296585.1_ASM4029658v1_genomic.fna	GCF_004524875.1_ASM452487v1_genomic.fna	78.5959
GCA_040296585.1_ASM4029658v1_genomic.fna	GCF_004684805.1_ASM468480v1_genomic.fna	77.7739
GCA_040296585.1_ASM4029658v1_genomic.fna	GCF_005405925.1_ASM540592v1_genomic.fna	77.7712
GCA_040296585.1_ASM4029658v1_genomic.fna	GCF_005519465.1_ASM551946v1_genomic.fna	78.2141
GCA_040296585.1_ASM4029658v1_genomic.fna	GCF_005869865.1_ASM586986v1_genomic.fna	82.0656
GCA_040296585.1_ASM4029658v1_genomic.fna	GCF_005981935.1_ASM598193v1_genomic.fna	79.6271
GCA_040296585.1_ASM4029658v1_genomic.fna	GCF_009862245.1_ASM986224v1_genomic.fna	78.7564
GCA_040296585.1_ASM4029658v1_genomic.fna	GCF_009862405.1_ASM986240v1_genomic.fna	77.5587
GCA_040296585.1_ASM4029658v1_genomic.fna	GCF_009865405.1_ASM986540v1_genomic.fna	78.5783
GCA_040296585.1_ASM4029658v1_genomic.fna	GCF_010548705.1_ASM1054870v1_genomic.fna	78.8607
GCA_040296585.1_ASM4029658v1_genomic.fna	GCF_014138545.1_ASM1413854v1_genomic.fna	82.0716
GCA_040296585.1_ASM4029658v1_genomic.fna	GCF_014207295.1_ASM1420729v1_genomic.fna	82.1936
GCA_040296585.1_ASM4029658v1_genomic.fna	GCF_014648555.1_ASM1464855v1_genomic.fna	75.0397
GCA_040296585.1_ASM4029658v1_genomic.fna	GCF_014648695.1_ASM1464869v1_genomic.fna	78.1638
GCA_040296585.1_ASM4029658v1_genomic.fna	GCF_014649415.1_ASM1464941v1_genomic.fna	78.7821
GCA_040296585.1_ASM4029658v1_genomic.fna	GCF_014649435.1_ASM1464943v1_genomic.fna	82.2902
GCA_040296585.1_ASM4029658v1_genomic.fna	GCF_014649515.1_ASM1464951v1_genomic.fna	81.5156
GCA_044755365.1_ASM4475536v1_genomic.fna	GCA_048656505.1_ASM4865650v1_genomic.fna	76.7203
GCA_044755365.1_ASM4475536v1_genomic.fna	GCA_049998235.1_ASM4999823v1_genomic.fna	78.2643
GCA_044755365.1_ASM4475536v1_genomic.fna	GCA_049998315.1_ASM4999831v1_genomic.fna	82.1509
GCA_044755365.1_ASM4475536v1_genomic.fna	GCA_050604645.1_ASM5060464v1_genomic.fna	82.035
GCA_044755365.1_ASM4475536v1_genomic.fna	GCA_050605165.1_ASM5060516v1_genomic.fna	82.1814
GCA_044755365.1_ASM4475536v1_genomic.fna	GCA_050605505.1_ASM5060550v1_genomic.fna	82.1027
GCA_044755365.1_ASM4475536v1_genomic.fna	GCA_050608825.1_ASM5060882v1_genomic.fna	82.1406
GCA_044755365.1_ASM4475536v1_genomic.fna	GCA_963761325.1_MFD05502.bin.1.233_genomic.fna	76.7368
GCA_044755365.1_ASM4475536v1_genomic.fna	GCA_965650905.1_SRR15517647_binner13_Refined_2_genomic.fna	80.7239
GCA_044755365.1_ASM4475536v1_genomic.fna	GCA_965654005.1_SRR29654717_concoct_46_genomic.fna	80.9541
GCA_044755365.1_ASM4475536v1_genomic.fna	GCF_000367365.1_ASM36736v1_genomic.fna	82.0164
GCA_044755365.1_ASM4475536v1_genomic.fna	GCF_000695235.1_ASM69523v1_genomic.fna	77.7899
GCA_044755365.1_ASM4475536v1_genomic.fna	GCF_000716335.1_ASM71633v1_genomic.fna	78.6909
GCA_044755365.1_ASM4475536v1_genomic.fna	GCF_000717745.1_ASM71774v1_genomic.fna	77.8465
GCA_044755365.1_ASM4475536v1_genomic.fna	GCF_000719655.1_ASM71965v1_genomic.fna	78.6731
GCA_044755365.1_ASM4475536v1_genomic.fna	GCF_000721105.1_ASM72110v1_genomic.fna	82.6596
GCA_044755365.1_ASM4475536v1_genomic.fna	GCF_000721435.1_ASM72143v1_genomic.fna	81.8376
GCA_044755365.1_ASM4475536v1_genomic.fna	GCF_000725705.1_Doro.v1.0_genomic.fna	78.1724
GCA_044755365.1_ASM4475536v1_genomic.fna	GCF_001013905.1_sleC34_genomic.fna	82.2149
GCA_044755365.1_ASM4475536v1_genomic.fna	GCF_001187435.1_ASM118743v1_genomic.fna	77.9921
GCA_044755365.1_ASM4475536v1_genomic.fna	GCF_001279485.1_ASM127948v1_genomic.fna	78.1945
GCA_044755365.1_ASM4475536v1_genomic.fna	GCF_001280885.1_ASM128088v1_genomic.fna	78.1148
GCA_044755365.1_ASM4475536v1_genomic.fna	GCF_001418135.1_ASM141813v1_genomic.fna	78.731
GCA_044755365.1_ASM4475536v1_genomic.fna	GCF_001418175.1_ASM141817v1_genomic.fna	81.6661
GCA_044755365.1_ASM4475536v1_genomic.fna	GCF_001427565.1_Root63_genomic.fna	78.2942
GCA_044755365.1_ASM4475536v1_genomic.fna	GCF_001493375.1_Streptomyces_specialis_genomic.fna	76.6971
GCA_044755365.1_ASM4475536v1_genomic.fna	GCF_001751255.1_ASM175125v1_genomic.fna	76.1857
GCA_044755365.1_ASM4475536v1_genomic.fna	GCF_001941845.1_ASM194184v1_genomic.fna	78.2246
GCA_044755365.1_ASM4475536v1_genomic.fna	GCF_001970135.1_ASM197013v1_genomic.fna	82.1855
GCA_044755365.1_ASM4475536v1_genomic.fna	GCF_002300165.1_ASM230016v1_genomic.fna	81.7854
GCA_044755365.1_ASM4475536v1_genomic.fna	GCF_002551065.1_ASM255106v1_genomic.fna	78.5614
GCA_044755365.1_ASM4475536v1_genomic.fna	GCF_003259355.1_ASM325935v1_genomic.fna	75.7309
GCA_044755365.1_ASM4475536v1_genomic.fna	GCF_003977835.1_ASM397783v1_genomic.fna	81.8992
GCA_044755365.1_ASM4475536v1_genomic.fna	GCF_004122755.1_ASM412275v1_genomic.fna	77.6841
GCA_044755365.1_ASM4475536v1_genomic.fna	GCF_004524875.1_ASM452487v1_genomic.fna	78.1421
GCA_044755365.1_ASM4475536v1_genomic.fna	GCF_004684805.1_ASM468480v1_genomic.fna	77.7787
GCA_044755365.1_ASM4475536v1_genomic.fna	GCF_005405925.1_ASM540592v1_genomic.fna	77.3948
GCA_044755365.1_ASM4475536v1_genomic.fna	GCF_005519465.1_ASM551946v1_genomic.fna	77.8901
GCA_044755365.1_ASM4475536v1_genomic.fna	GCF_005869865.1_ASM586986v1_genomic.fna	82.1643
GCA_044755365.1_ASM4475536v1_genomic.fna	GCF_005981935.1_ASM598193v1_genomic.fna	78.7861
GCA_044755365.1_ASM4475536v1_genomic.fna	GCF_009862245.1_ASM986224v1_genomic.fna	78.436
GCA_044755365.1_ASM4475536v1_genomic.fna	GCF_009862405.1_ASM986240v1_genomic.fna	77.636
GCA_044755365.1_ASM4475536v1_genomic.fna	GCF_009865405.1_ASM986540v1_genomic.fna	78.1877
GCA_044755365.1_ASM4475536v1_genomic.fna	GCF_010548705.1_ASM1054870v1_genomic.fna	78.624
GCA_044755365.1_ASM4475536v1_genomic.fna	GCF_014138545.1_ASM1413854v1_genomic.fna	82.5036
GCA_044755365.1_ASM4475536v1_genomic.fna	GCF_014207295.1_ASM1420729v1_genomic.fna	82.3961
GCA_044755365.1_ASM4475536v1_genomic.fna	GCF_014648555.1_ASM1464855v1_genomic.fna	75.2963
GCA_044755365.1_ASM4475536v1_genomic.fna	GCF_014648695.1_ASM1464869v1_genomic.fna	77.6549
GCA_044755365.1_ASM4475536v1_genomic.fna	GCF_014649415.1_ASM1464941v1_genomic.fna	78.3206
GCA_044755365.1_ASM4475536v1_genomic.fna	GCF_014649435.1_ASM1464943v1_genomic.fna	82.5084
GCA_044755365.1_ASM4475536v1_genomic.fna	GCF_014649515.1_ASM1464951v1_genomic.fna	81.8526
GCA_048656505.1_ASM4865650v1_genomic.fna	GCA_049998235.1_ASM4999823v1_genomic.fna	76.6936
GCA_048656505.1_ASM4865650v1_genomic.fna	GCA_049998315.1_ASM4999831v1_genomic.fna	77.0417
GCA_048656505.1_ASM4865650v1_genomic.fna	GCA_050604645.1_ASM5060464v1_genomic.fna	76.8347
GCA_048656505.1_ASM4865650v1_genomic.fna	GCA_050605165.1_ASM5060516v1_genomic.fna	76.8724
GCA_048656505.1_ASM4865650v1_genomic.fna	GCA_050605505.1_ASM5060550v1_genomic.fna	76.8263
GCA_048656505.1_ASM4865650v1_genomic.fna	GCA_050608825.1_ASM5060882v1_genomic.fna	76.8675
GCA_048656505.1_ASM4865650v1_genomic.fna	GCA_963761325.1_MFD05502.bin.1.233_genomic.fna	76.6832
GCA_048656505.1_ASM4865650v1_genomic.fna	GCA_965650905.1_SRR15517647_binner13_Refined_2_genomic.fna	76.4429
GCA_048656505.1_ASM4865650v1_genomic.fna	GCA_965654005.1_SRR29654717_concoct_46_genomic.fna	75.8864
GCA_048656505.1_ASM4865650v1_genomic.fna	GCF_000367365.1_ASM36736v1_genomic.fna	75.729
GCA_048656505.1_ASM4865650v1_genomic.fna	GCF_000695235.1_ASM69523v1_genomic.fna	77.0977
GCA_048656505.1_ASM4865650v1_genomic.fna	GCF_000716335.1_ASM71633v1_genomic.fna	77.1005
GCA_048656505.1_ASM4865650v1_genomic.fna	GCF_000717745.1_ASM71774v1_genomic.fna	77.4671
GCA_048656505.1_ASM4865650v1_genomic.fna	GCF_000719655.1_ASM71965v1_genomic.fna	76.7964
GCA_048656505.1_ASM4865650v1_genomic.fna	GCF_000721105.1_ASM72110v1_genomic.fna	76.2449
GCA_048656505.1_ASM4865650v1_genomic.fna	GCF_000721435.1_ASM72143v1_genomic.fna	76.9065
GCA_048656505.1_ASM4865650v1_genomic.fna	GCF_000725705.1_Doro.v1.0_genomic.fna	76.4478
GCA_048656505.1_ASM4865650v1_genomic.fna	GCF_001013905.1_sleC34_genomic.fna	76.9518
GCA_048656505.1_ASM4865650v1_genomic.fna	GCF_001187435.1_ASM118743v1_genomic.fna	77.2944
GCA_048656505.1_ASM4865650v1_genomic.fna	GCF_001279485.1_ASM127948v1_genomic.fna	76.5213
GCA_048656505.1_ASM4865650v1_genomic.fna	GCF_001280885.1_ASM128088v1_genomic.fna	76.5779
GCA_048656505.1_ASM4865650v1_genomic.fna	GCF_001418135.1_ASM141813v1_genomic.fna	76.5866
GCA_048656505.1_ASM4865650v1_genomic.fna	GCF_001418175.1_ASM141817v1_genomic.fna	76.5836
GCA_048656505.1_ASM4865650v1_genomic.fna	GCF_001427565.1_Root63_genomic.fna	76.3619
GCA_048656505.1_ASM4865650v1_genomic.fna	GCF_001493375.1_Streptomyces_specialis_genomic.fna	76.7717
GCA_048656505.1_ASM4865650v1_genomic.fna	GCF_001751255.1_ASM175125v1_genomic.fna	76.8149
GCA_048656505.1_ASM4865650v1_genomic.fna	GCF_001941845.1_ASM194184v1_genomic.fna	76.7675
GCA_048656505.1_ASM4865650v1_genomic.fna	GCF_001970135.1_ASM197013v1_genomic.fna	76.9985
GCA_048656505.1_ASM4865650v1_genomic.fna	GCF_002300165.1_ASM230016v1_genomic.fna	76.478
GCA_048656505.1_ASM4865650v1_genomic.fna	GCF_002551065.1_ASM255106v1_genomic.fna	76.6849
GCA_048656505.1_ASM4865650v1_genomic.fna	GCF_003259355.1_ASM325935v1_genomic.fna	76.5927
GCA_048656505.1_ASM4865650v1_genomic.fna	GCF_003977835.1_ASM397783v1_genomic.fna	76.6954
GCA_048656505.1_ASM4865650v1_genomic.fna	GCF_004122755.1_ASM412275v1_genomic.fna	76.9627
GCA_048656505.1_ASM4865650v1_genomic.fna	GCF_004524875.1_ASM452487v1_genomic.fna	76.0877
GCA_048656505.1_ASM4865650v1_genomic.fna	GCF_004684805.1_ASM468480v1_genomic.fna	77.2682
GCA_048656505.1_ASM4865650v1_genomic.fna	GCF_005405925.1_ASM540592v1_genomic.fna	76.8184
GCA_048656505.1_ASM4865650v1_genomic.fna	GCF_005519465.1_ASM551946v1_genomic.fna	76.3483
GCA_048656505.1_ASM4865650v1_genomic.fna	GCF_005869865.1_ASM586986v1_genomic.fna	76.3937
GCA_048656505.1_ASM4865650v1_genomic.fna	GCF_005981935.1_ASM598193v1_genomic.fna	77.0829
GCA_048656505.1_ASM4865650v1_genomic.fna	GCF_009862245.1_ASM986224v1_genomic.fna	76.6055
GCA_048656505.1_ASM4865650v1_genomic.fna	GCF_009862405.1_ASM986240v1_genomic.fna	76.0635
GCA_048656505.1_ASM4865650v1_genomic.fna	GCF_009865405.1_ASM986540v1_genomic.fna	76.4075
GCA_048656505.1_ASM4865650v1_genomic.fna	GCF_010548705.1_ASM1054870v1_genomic.fna	76.5741
GCA_048656505.1_ASM4865650v1_genomic.fna	GCF_014138545.1_ASM1413854v1_genomic.fna	77.2894
GCA_048656505.1_ASM4865650v1_genomic.fna	GCF_014207295.1_ASM1420729v1_genomic.fna	76.6722
GCA_048656505.1_ASM4865650v1_genomic.fna	GCF_014648555.1_ASM1464855v1_genomic.fna	75.056
GCA_048656505.1_ASM4865650v1_genomic.fna	GCF_014648695.1_ASM1464869v1_genomic.fna	77.0464
GCA_048656505.1_ASM4865650v1_genomic.fna	GCF_014649415.1_ASM1464941v1_genomic.fna	76.5493
GCA_048656505.1_ASM4865650v1_genomic.fna	GCF_014649435.1_ASM1464943v1_genomic.fna	76.7535
GCA_048656505.1_ASM4865650v1_genomic.fna	GCF_014649515.1_ASM1464951v1_genomic.fna	76.8071
GCA_049998235.1_ASM4999823v1_genomic.fna	GCA_049998315.1_ASM4999831v1_genomic.fna	79.0225
GCA_049998235.1_ASM4999823v1_genomic.fna	GCA_050604645.1_ASM5060464v1_genomic.fna	78.3101
GCA_049998235.1_ASM4999823v1_genomic.fna	GCA_050605165.1_ASM5060516v1_genomic.fna	78.5454
GCA_049998235.1_ASM4999823v1_genomic.fna	GCA_050605505.1_ASM5060550v1_genomic.fna	78.4072
GCA_049998235.1_ASM4999823v1_genomic.fna	GCA_050608825.1_ASM5060882v1_genomic.fna	78.4377
GCA_049998235.1_ASM4999823v1_genomic.fna	GCA_963761325.1_MFD05502.bin.1.233_genomic.fna	76.5854
GCA_049998235.1_ASM4999823v1_genomic.fna	GCA_965650905.1_SRR15517647_binner13_Refined_2_genomic.fna	78.8416
GCA_049998235.1_ASM4999823v1_genomic.fna	GCA_965654005.1_SRR29654717_concoct_46_genomic.fna	78.1541
GCA_049998235.1_ASM4999823v1_genomic.fna	GCF_000367365.1_ASM36736v1_genomic.fna	77.8655
GCA_049998235.1_ASM4999823v1_genomic.fna	GCF_000695235.1_ASM69523v1_genomic.fna	77.8437
GCA_049998235.1_ASM4999823v1_genomic.fna	GCF_000716335.1_ASM71633v1_genomic.fna	80.263
GCA_049998235.1_ASM4999823v1_genomic.fna	GCF_000717745.1_ASM71774v1_genomic.fna	78.279
GCA_049998235.1_ASM4999823v1_genomic.fna	GCF_000719655.1_ASM71965v1_genomic.fna	80.0109
GCA_049998235.1_ASM4999823v1_genomic.fna	GCF_000721105.1_ASM72110v1_genomic.fna	78.4288
GCA_049998235.1_ASM4999823v1_genomic.fna	GCF_000721435.1_ASM72143v1_genomic.fna	78.5592
GCA_049998235.1_ASM4999823v1_genomic.fna	GCF_000725705.1_Doro.v1.0_genomic.fna	79.972
GCA_049998235.1_ASM4999823v1_genomic.fna	GCF_001013905.1_sleC34_genomic.fna	78.625
GCA_049998235.1_ASM4999823v1_genomic.fna	GCF_001187435.1_ASM118743v1_genomic.fna	78.0235
GCA_049998235.1_ASM4999823v1_genomic.fna	GCF_001279485.1_ASM127948v1_genomic.fna	79.2477
GCA_049998235.1_ASM4999823v1_genomic.fna	GCF_001280885.1_ASM128088v1_genomic.fna	79.0095
GCA_049998235.1_ASM4999823v1_genomic.fna	GCF_001418135.1_ASM141813v1_genomic.fna	79.6861
GCA_049998235.1_ASM4999823v1_genomic.fna	GCF_001418175.1_ASM141817v1_genomic.fna	78.355
GCA_049998235.1_ASM4999823v1_genomic.fna	GCF_001427565.1_Root63_genomic.fna	79.652
GCA_049998235.1_ASM4999823v1_genomic.fna	GCF_001493375.1_Streptomyces_specialis_genomic.fna	76.3143
GCA_049998235.1_ASM4999823v1_genomic.fna	GCF_001751255.1_ASM175125v1_genomic.fna	76.5796
GCA_049998235.1_ASM4999823v1_genomic.fna	GCF_001941845.1_ASM194184v1_genomic.fna	78.9211
GCA_049998235.1_ASM4999823v1_genomic.fna	GCF_001970135.1_ASM197013v1_genomic.fna	78.5916
GCA_049998235.1_ASM4999823v1_genomic.fna	GCF_002300165.1_ASM230016v1_genomic.fna	79.072
GCA_049998235.1_ASM4999823v1_genomic.fna	GCF_002551065.1_ASM255106v1_genomic.fna	79.8882
GCA_049998235.1_ASM4999823v1_genomic.fna	GCF_003259355.1_ASM325935v1_genomic.fna	76.3004
GCA_049998235.1_ASM4999823v1_genomic.fna	GCF_003977835.1_ASM397783v1_genomic.fna	78.5322
GCA_049998235.1_ASM4999823v1_genomic.fna	GCF_004122755.1_ASM412275v1_genomic.fna	78.2096
GCA_049998235.1_ASM4999823v1_genomic.fna	GCF_004524875.1_ASM452487v1_genomic.fna	79.7606
GCA_049998235.1_ASM4999823v1_genomic.fna	GCF_004684805.1_ASM468480v1_genomic.fna	78.1353
GCA_049998235.1_ASM4999823v1_genomic.fna	GCF_005405925.1_ASM540592v1_genomic.fna	77.4243
GCA_049998235.1_ASM4999823v1_genomic.fna	GCF_005519465.1_ASM551946v1_genomic.fna	78.3923
GCA_049998235.1_ASM4999823v1_genomic.fna	GCF_005869865.1_ASM586986v1_genomic.fna	78.3426
GCA_049998235.1_ASM4999823v1_genomic.fna	GCF_005981935.1_ASM598193v1_genomic.fna	89.908
GCA_049998235.1_ASM4999823v1_genomic.fna	GCF_009862245.1_ASM986224v1_genomic.fna	79.7958
GCA_049998235.1_ASM4999823v1_genomic.fna	GCF_009862405.1_ASM986240v1_genomic.fna	77.2018
GCA_049998235.1_ASM4999823v1_genomic.fna	GCF_009865405.1_ASM986540v1_genomic.fna	79.8359
GCA_049998235.1_ASM4999823v1_genomic.fna	GCF_010548705.1_ASM1054870v1_genomic.fna	79.9324
GCA_049998235.1_ASM4999823v1_genomic.fna	GCF_014138545.1_ASM1413854v1_genomic.fna	78.8712
GCA_049998235.1_ASM4999823v1_genomic.fna	GCF_014207295.1_ASM1420729v1_genomic.fna	78.463
GCA_049998235.1_ASM4999823v1_genomic.fna	GCF_014648555.1_ASM1464855v1_genomic.fna	74.9844
GCA_049998235.1_ASM4999823v1_genomic.fna	GCF_014648695.1_ASM1464869v1_genomic.fna	78.2195
GCA_049998235.1_ASM4999823v1_genomic.fna	GCF_014649415.1_ASM1464941v1_genomic.fna	79.6043
GCA_049998235.1_ASM4999823v1_genomic.fna	GCF_014649435.1_ASM1464943v1_genomic.fna	78.6679
GCA_049998235.1_ASM4999823v1_genomic.fna	GCF_014649515.1_ASM1464951v1_genomic.fna	78.4226
GCA_049998315.1_ASM4999831v1_genomic.fna	GCA_050604645.1_ASM5060464v1_genomic.fna	87.4424
GCA_049998315.1_ASM4999831v1_genomic.fna	GCA_050605165.1_ASM5060516v1_genomic.fna	87.5082
GCA_049998315.1_ASM4999831v1_genomic.fna	GCA_050605505.1_ASM5060550v1_genomic.fna	87.6604
GCA_049998315.1_ASM4999831v1_genomic.fna	GCA_050608825.1_ASM5060882v1_genomic.fna	87.5524
GCA_049998315.1_ASM4999831v1_genomic.fna	GCA_963761325.1_MFD05502.bin.1.233_genomic.fna	76.8271
GCA_049998315.1_ASM4999831v1_genomic.fna	GCA_965650905.1_SRR15517647_binner13_Refined_2_genomic.fna	81.1552
GCA_049998315.1_ASM4999831v1_genomic.fna	GCA_965654005.1_SRR29654717_concoct_46_genomic.fna	80.881
GCA_049998315.1_ASM4999831v1_genomic.fna	GCF_000367365.1_ASM36736v1_genomic.fna	81.4004
GCA_049998315.1_ASM4999831v1_genomic.fna	GCF_000695235.1_ASM69523v1_genomic.fna	77.9407
GCA_049998315.1_ASM4999831v1_genomic.fna	GCF_000716335.1_ASM71633v1_genomic.fna	79.3108
GCA_049998315.1_ASM4999831v1_genomic.fna	GCF_000717745.1_ASM71774v1_genomic.fna	78.0684
GCA_049998315.1_ASM4999831v1_genomic.fna	GCF_000719655.1_ASM71965v1_genomic.fna	78.8886
GCA_049998315.1_ASM4999831v1_genomic.fna	GCF_000721105.1_ASM72110v1_genomic.fna	82.646
GCA_049998315.1_ASM4999831v1_genomic.fna	GCF_000721435.1_ASM72143v1_genomic.fna	82.8238
GCA_049998315.1_ASM4999831v1_genomic.fna	GCF_000725705.1_Doro.v1.0_genomic.fna	78.5604
GCA_049998315.1_ASM4999831v1_genomic.fna	GCF_001013905.1_sleC34_genomic.fna	83.8851
GCA_049998315.1_ASM4999831v1_genomic.fna	GCF_001187435.1_ASM118743v1_genomic.fna	77.9334
GCA_049998315.1_ASM4999831v1_genomic.fna	GCF_001279485.1_ASM127948v1_genomic.fna	78.4444
GCA_049998315.1_ASM4999831v1_genomic.fna	GCF_001280885.1_ASM128088v1_genomic.fna	78.312
GCA_049998315.1_ASM4999831v1_genomic.fna	GCF_001418135.1_ASM141813v1_genomic.fna	78.9801
GCA_049998315.1_ASM4999831v1_genomic.fna	GCF_001418175.1_ASM141817v1_genomic.fna	82.8845
GCA_049998315.1_ASM4999831v1_genomic.fna	GCF_001427565.1_Root63_genomic.fna	78.6705
GCA_049998315.1_ASM4999831v1_genomic.fna	GCF_001493375.1_Streptomyces_specialis_genomic.fna	76.4876
GCA_049998315.1_ASM4999831v1_genomic.fna	GCF_001751255.1_ASM175125v1_genomic.fna	76.3288
GCA_049998315.1_ASM4999831v1_genomic.fna	GCF_001941845.1_ASM194184v1_genomic.fna	78.3166
GCA_049998315.1_ASM4999831v1_genomic.fna	GCF_001970135.1_ASM197013v1_genomic.fna	87.5353
GCA_049998315.1_ASM4999831v1_genomic.fna	GCF_002300165.1_ASM230016v1_genomic.fna	81.5925
GCA_049998315.1_ASM4999831v1_genomic.fna	GCF_002551065.1_ASM255106v1_genomic.fna	78.7879
GCA_049998315.1_ASM4999831v1_genomic.fna	GCF_003259355.1_ASM325935v1_genomic.fna	76.2854
GCA_049998315.1_ASM4999831v1_genomic.fna	GCF_003977835.1_ASM397783v1_genomic.fna	82.9757
GCA_049998315.1_ASM4999831v1_genomic.fna	GCF_004122755.1_ASM412275v1_genomic.fna	77.8642
GCA_049998315.1_ASM4999831v1_genomic.fna	GCF_004524875.1_ASM452487v1_genomic.fna	78.2796
GCA_049998315.1_ASM4999831v1_genomic.fna	GCF_004684805.1_ASM468480v1_genomic.fna	78.1044
GCA_049998315.1_ASM4999831v1_genomic.fna	GCF_005405925.1_ASM540592v1_genomic.fna	77.5198
GCA_049998315.1_ASM4999831v1_genomic.fna	GCF_005519465.1_ASM551946v1_genomic.fna	78.2437
GCA_049998315.1_ASM4999831v1_genomic.fna	GCF_005869865.1_ASM586986v1_genomic.fna	82.9248
GCA_049998315.1_ASM4999831v1_genomic.fna	GCF_005981935.1_ASM598193v1_genomic.fna	79.2281
GCA_049998315.1_ASM4999831v1_genomic.fna	GCF_009862245.1_ASM986224v1_genomic.fna	78.7133
GCA_049998315.1_ASM4999831v1_genomic.fna	GCF_009862405.1_ASM986240v1_genomic.fna	77.7293
GCA_049998315.1_ASM4999831v1_genomic.fna	GCF_009865405.1_ASM986540v1_genomic.fna	78.3477
GCA_049998315.1_ASM4999831v1_genomic.fna	GCF_010548705.1_ASM1054870v1_genomic.fna	78.6014
GCA_049998315.1_ASM4999831v1_genomic.fna	GCF_014138545.1_ASM1413854v1_genomic.fna	83.4561
GCA_049998315.1_ASM4999831v1_genomic.fna	GCF_014207295.1_ASM1420729v1_genomic.fna	83.1316
GCA_049998315.1_ASM4999831v1_genomic.fna	GCF_014648555.1_ASM1464855v1_genomic.fna	75.4756
GCA_049998315.1_ASM4999831v1_genomic.fna	GCF_014648695.1_ASM1464869v1_genomic.fna	77.9173
GCA_049998315.1_ASM4999831v1_genomic.fna	GCF_014649415.1_ASM1464941v1_genomic.fna	78.6896
GCA_049998315.1_ASM4999831v1_genomic.fna	GCF_014649435.1_ASM1464943v1_genomic.fna	82.758
GCA_049998315.1_ASM4999831v1_genomic.fna	GCF_014649515.1_ASM1464951v1_genomic.fna	83.1079
GCA_050604645.1_ASM5060464v1_genomic.fna	GCA_050605165.1_ASM5060516v1_genomic.fna	99.9764
GCA_050604645.1_ASM5060464v1_genomic.fna	GCA_050605505.1_ASM5060550v1_genomic.fna	99.9805
GCA_050604645.1_ASM5060464v1_genomic.fna	GCA_050608825.1_ASM5060882v1_genomic.fna	99.9757
GCA_050604645.1_ASM5060464v1_genomic.fna	GCA_963761325.1_MFD05502.bin.1.233_genomic.fna	76.6406
GCA_050604645.1_ASM5060464v1_genomic.fna	GCA_965650905.1_SRR15517647_binner13_Refined_2_genomic.fna	80.9707
GCA_050604645.1_ASM5060464v1_genomic.fna	GCA_965654005.1_SRR29654717_concoct_46_genomic.fna	81.1509
GCA_050604645.1_ASM5060464v1_genomic.fna	GCF_000367365.1_ASM36736v1_genomic.fna	81.3724
GCA_050604645.1_ASM5060464v1_genomic.fna	GCF_000695235.1_ASM69523v1_genomic.fna	78.0012
GCA_050604645.1_ASM5060464v1_genomic.fna	GCF_000716335.1_ASM71633v1_genomic.fna	79.1563
GCA_050604645.1_ASM5060464v1_genomic.fna	GCF_000717745.1_ASM71774v1_genomic.fna	78.1216
GCA_050604645.1_ASM5060464v1_genomic.fna	GCF_000719655.1_ASM71965v1_genomic.fna	78.7472
GCA_050604645.1_ASM5060464v1_genomic.fna	GCF_000721105.1_ASM72110v1_genomic.fna	82.8052
GCA_050604645.1_ASM5060464v1_genomic.fna	GCF_000721435.1_ASM72143v1_genomic.fna	82.8666
GCA_050604645.1_ASM5060464v1_genomic.fna	GCF_000725705.1_Doro.v1.0_genomic.fna	78.3701
GCA_050604645.1_ASM5060464v1_genomic.fna	GCF_001013905.1_sleC34_genomic.fna	84.2677
GCA_050604645.1_ASM5060464v1_genomic.fna	GCF_001187435.1_ASM118743v1_genomic.fna	77.7494
GCA_050604645.1_ASM5060464v1_genomic.fna	GCF_001279485.1_ASM127948v1_genomic.fna	78.1462
GCA_050604645.1_ASM5060464v1_genomic.fna	GCF_001280885.1_ASM128088v1_genomic.fna	77.9562
GCA_050604645.1_ASM5060464v1_genomic.fna	GCF_001418135.1_ASM141813v1_genomic.fna	78.6603
GCA_050604645.1_ASM5060464v1_genomic.fna	GCF_001418175.1_ASM141817v1_genomic.fna	82.9843
GCA_050604645.1_ASM5060464v1_genomic.fna	GCF_001427565.1_Root63_genomic.fna	78.6186
GCA_050604645.1_ASM5060464v1_genomic.fna	GCF_001493375.1_Streptomyces_specialis_genomic.fna	76.3523
GCA_050604645.1_ASM5060464v1_genomic.fna	GCF_001751255.1_ASM175125v1_genomic.fna	76.2814
GCA_050604645.1_ASM5060464v1_genomic.fna	GCF_001941845.1_ASM194184v1_genomic.fna	78.0955
GCA_050604645.1_ASM5060464v1_genomic.fna	GCF_001970135.1_ASM197013v1_genomic.fna	92.5753
GCA_050604645.1_ASM5060464v1_genomic.fna	GCF_002300165.1_ASM230016v1_genomic.fna	81.5966
GCA_050604645.1_ASM5060464v1_genomic.fna	GCF_002551065.1_ASM255106v1_genomic.fna	78.7589
GCA_050604645.1_ASM5060464v1_genomic.fna	GCF_003259355.1_ASM325935v1_genomic.fna	76.295
GCA_050604645.1_ASM5060464v1_genomic.fna	GCF_003977835.1_ASM397783v1_genomic.fna	83.0892
GCA_050604645.1_ASM5060464v1_genomic.fna	GCF_004122755.1_ASM412275v1_genomic.fna	77.7855
GCA_050604645.1_ASM5060464v1_genomic.fna	GCF_004524875.1_ASM452487v1_genomic.fna	78.208
GCA_050604645.1_ASM5060464v1_genomic.fna	GCF_004684805.1_ASM468480v1_genomic.fna	77.9578
GCA_050604645.1_ASM5060464v1_genomic.fna	GCF_005405925.1_ASM540592v1_genomic.fna	77.5965
GCA_050604645.1_ASM5060464v1_genomic.fna	GCF_005519465.1_ASM551946v1_genomic.fna	78.1424
GCA_050604645.1_ASM5060464v1_genomic.fna	GCF_005869865.1_ASM586986v1_genomic.fna	83.0635
GCA_050604645.1_ASM5060464v1_genomic.fna	GCF_005981935.1_ASM598193v1_genomic.fna	79.0846
GCA_050604645.1_ASM5060464v1_genomic.fna	GCF_009862245.1_ASM986224v1_genomic.fna	78.6587
GCA_050604645.1_ASM5060464v1_genomic.fna	GCF_009862405.1_ASM986240v1_genomic.fna	77.3145
GCA_050604645.1_ASM5060464v1_genomic.fna	GCF_009865405.1_ASM986540v1_genomic.fna	78.2399
GCA_050604645.1_ASM5060464v1_genomic.fna	GCF_010548705.1_ASM1054870v1_genomic.fna	78.603
GCA_050604645.1_ASM5060464v1_genomic.fna	GCF_014138545.1_ASM1413854v1_genomic.fna	83.692
GCA_050604645.1_ASM5060464v1_genomic.fna	GCF_014207295.1_ASM1420729v1_genomic.fna	83.2764
GCA_050604645.1_ASM5060464v1_genomic.fna	GCF_014648555.1_ASM1464855v1_genomic.fna	75.2582
GCA_050604645.1_ASM5060464v1_genomic.fna	GCF_014648695.1_ASM1464869v1_genomic.fna	77.8691
GCA_050604645.1_ASM5060464v1_genomic.fna	GCF_014649415.1_ASM1464941v1_genomic.fna	78.3638
GCA_050604645.1_ASM5060464v1_genomic.fna	GCF_014649435.1_ASM1464943v1_genomic.fna	82.7604
GCA_050604645.1_ASM5060464v1_genomic.fna	GCF_014649515.1_ASM1464951v1_genomic.fna	83.06
GCA_050605165.1_ASM5060516v1_genomic.fna	GCA_050605505.1_ASM5060550v1_genomic.fna	99.9804
GCA_050605165.1_ASM5060516v1_genomic.fna	GCA_050608825.1_ASM5060882v1_genomic.fna	99.975
GCA_050605165.1_ASM5060516v1_genomic.fna	GCA_963761325.1_MFD05502.bin.1.233_genomic.fna	76.8668
GCA_050605165.1_ASM5060516v1_genomic.fna	GCA_965650905.1_SRR15517647_binner13_Refined_2_genomic.fna	81.0914
GCA_050605165.1_ASM5060516v1_genomic.fna	GCA_965654005.1_SRR29654717_concoct_46_genomic.fna	81.2006
GCA_050605165.1_ASM5060516v1_genomic.fna	GCF_000367365.1_ASM36736v1_genomic.fna	81.5789
GCA_050605165.1_ASM5060516v1_genomic.fna	GCF_000695235.1_ASM69523v1_genomic.fna	77.9996
GCA_050605165.1_ASM5060516v1_genomic.fna	GCF_000716335.1_ASM71633v1_genomic.fna	79.2383
GCA_050605165.1_ASM5060516v1_genomic.fna	GCF_000717745.1_ASM71774v1_genomic.fna	78.1353
GCA_050605165.1_ASM5060516v1_genomic.fna	GCF_000719655.1_ASM71965v1_genomic.fna	78.7871
GCA_050605165.1_ASM5060516v1_genomic.fna	GCF_000721105.1_ASM72110v1_genomic.fna	82.8283
GCA_050605165.1_ASM5060516v1_genomic.fna	GCF_000721435.1_ASM72143v1_genomic.fna	83.0315
GCA_050605165.1_ASM5060516v1_genomic.fna	GCF_000725705.1_Doro.v1.0_genomic.fna	78.5386
GCA_050605165.1_ASM5060516v1_genomic.fna	GCF_001013905.1_sleC34_genomic.fna	84.4095
GCA_050605165.1_ASM5060516v1_genomic.fna	GCF_001187435.1_ASM118743v1_genomic.fna	77.9082
GCA_050605165.1_ASM5060516v1_genomic.fna	GCF_001279485.1_ASM127948v1_genomic.fna	78.3391
GCA_050605165.1_ASM5060516v1_genomic.fna	GCF_001280885.1_ASM128088v1_genomic.fna	78.0708
GCA_050605165.1_ASM5060516v1_genomic.fna	GCF_001418135.1_ASM141813v1_genomic.fna	78.9205
GCA_050605165.1_ASM5060516v1_genomic.fna	GCF_001418175.1_ASM141817v1_genomic.fna	83.015
GCA_050605165.1_ASM5060516v1_genomic.fna	GCF_001427565.1_Root63_genomic.fna	78.8351
GCA_050605165.1_ASM5060516v1_genomic.fna	GCF_001493375.1_Streptomyces_specialis_genomic.fna	76.5737
GCA_050605165.1_ASM5060516v1_genomic.fna	GCF_001751255.1_ASM175125v1_genomic.fna	76.417
GCA_050605165.1_ASM5060516v1_genomic.fna	GCF_001941845.1_ASM194184v1_genomic.fna	78.3622
GCA_050605165.1_ASM5060516v1_genomic.fna	GCF_001970135.1_ASM197013v1_genomic.fna	92.655
GCA_050605165.1_ASM5060516v1_genomic.fna	GCF_002300165.1_ASM230016v1_genomic.fna	81.7622
GCA_050605165.1_ASM5060516v1_genomic.fna	GCF_002551065.1_ASM255106v1_genomic.fna	78.6896
GCA_050605165.1_ASM5060516v1_genomic.fna	GCF_003259355.1_ASM325935v1_genomic.fna	76.1904
GCA_050605165.1_ASM5060516v1_genomic.fna	GCF_003977835.1_ASM397783v1_genomic.fna	83.2976
GCA_050605165.1_ASM5060516v1_genomic.fna	GCF_004122755.1_ASM412275v1_genomic.fna	77.7856
GCA_050605165.1_ASM5060516v1_genomic.fna	GCF_004524875.1_ASM452487v1_genomic.fna	78.2311
GCA_050605165.1_ASM5060516v1_genomic.fna	GCF_004684805.1_ASM468480v1_genomic.fna	78.1009
GCA_050605165.1_ASM5060516v1_genomic.fna	GCF_005405925.1_ASM540592v1_genomic.fna	77.6906
GCA_050605165.1_ASM5060516v1_genomic.fna	GCF_005519465.1_ASM551946v1_genomic.fna	78.0226
GCA_050605165.1_ASM5060516v1_genomic.fna	GCF_005869865.1_ASM586986v1_genomic.fna	83.2211
GCA_050605165.1_ASM5060516v1_genomic.fna	GCF_005981935.1_ASM598193v1_genomic.fna	79.1307
GCA_050605165.1_ASM5060516v1_genomic.fna	GCF_009862245.1_ASM986224v1_genomic.fna	78.7529
GCA_050605165.1_ASM5060516v1_genomic.fna	GCF_009862405.1_ASM986240v1_genomic.fna	77.6093
GCA_050605165.1_ASM5060516v1_genomic.fna	GCF_009865405.1_ASM986540v1_genomic.fna	78.3717
GCA_050605165.1_ASM5060516v1_genomic.fna	GCF_010548705.1_ASM1054870v1_genomic.fna	78.6803
GCA_050605165.1_ASM5060516v1_genomic.fna	GCF_014138545.1_ASM1413854v1_genomic.fna	83.9792
GCA_050605165.1_ASM5060516v1_genomic.fna	GCF_014207295.1_ASM1420729v1_genomic.fna	83.5573
GCA_050605165.1_ASM5060516v1_genomic.fna	GCF_014648555.1_ASM1464855v1_genomic.fna	75.2403
GCA_050605165.1_ASM5060516v1_genomic.fna	GCF_014648695.1_ASM1464869v1_genomic.fna	78.05
GCA_050605165.1_ASM5060516v1_genomic.fna	GCF_014649415.1_ASM1464941v1_genomic.fna	78.4658
GCA_050605165.1_ASM5060516v1_genomic.fna	GCF_014649435.1_ASM1464943v1_genomic.fna	83.0441
GCA_050605165.1_ASM5060516v1_genomic.fna	GCF_014649515.1_ASM1464951v1_genomic.fna	83.2987
GCA_050605505.1_ASM5060550v1_genomic.fna	GCA_050608825.1_ASM5060882v1_genomic.fna	99.9645
GCA_050605505.1_ASM5060550v1_genomic.fna	GCA_963761325.1_MFD05502.bin.1.233_genomic.fna	76.8054
GCA_050605505.1_ASM5060550v1_genomic.fna	GCA_965650905.1_SRR15517647_binner13_Refined_2_genomic.fna	81.015
GCA_050605505.1_ASM5060550v1_genomic.fna	GCA_965654005.1_SRR29654717_concoct_46_genomic.fna	81.2619
GCA_050605505.1_ASM5060550v1_genomic.fna	GCF_000367365.1_ASM36736v1_genomic.fna	81.4703
GCA_050605505.1_ASM5060550v1_genomic.fna	GCF_000695235.1_ASM69523v1_genomic.fna	77.9037
GCA_050605505.1_ASM5060550v1_genomic.fna	GCF_000716335.1_ASM71633v1_genomic.fna	79.094
GCA_050605505.1_ASM5060550v1_genomic.fna	GCF_000717745.1_ASM71774v1_genomic.fna	78.2015
GCA_050605505.1_ASM5060550v1_genomic.fna	GCF_000719655.1_ASM71965v1_genomic.fna	78.7335
GCA_050605505.1_ASM5060550v1_genomic.fna	GCF_000721105.1_ASM72110v1_genomic.fna	82.8699
GCA_050605505.1_ASM5060550v1_genomic.fna	GCF_000721435.1_ASM72143v1_genomic.fna	83.0885
GCA_050605505.1_ASM5060550v1_genomic.fna	GCF_000725705.1_Doro.v1.0_genomic.fna	78.3411
GCA_050605505.1_ASM5060550v1_genomic.fna	GCF_001013905.1_sleC34_genomic.fna	84.4462
GCA_050605505.1_ASM5060550v1_genomic.fna	GCF_001187435.1_ASM118743v1_genomic.fna	77.9029
GCA_050605505.1_ASM5060550v1_genomic.fna	GCF_001279485.1_ASM127948v1_genomic.fna	78.2459
GCA_050605505.1_ASM5060550v1_genomic.fna	GCF_001280885.1_ASM128088v1_genomic.fna	77.9871
GCA_050605505.1_ASM5060550v1_genomic.fna	GCF_001418135.1_ASM141813v1_genomic.fna	78.6736
GCA_050605505.1_ASM5060550v1_genomic.fna	GCF_001418175.1_ASM141817v1_genomic.fna	82.9906
GCA_050605505.1_ASM5060550v1_genomic.fna	GCF_001427565.1_Root63_genomic.fna	78.5696
GCA_050605505.1_ASM5060550v1_genomic.fna	GCF_001493375.1_Streptomyces_specialis_genomic.fna	76.3631
GCA_050605505.1_ASM5060550v1_genomic.fna	GCF_001751255.1_ASM175125v1_genomic.fna	76.4068
GCA_050605505.1_ASM5060550v1_genomic.fna	GCF_001941845.1_ASM194184v1_genomic.fna	78.1584
GCA_050605505.1_ASM5060550v1_genomic.fna	GCF_001970135.1_ASM197013v1_genomic.fna	92.7315
GCA_050605505.1_ASM5060550v1_genomic.fna	GCF_002300165.1_ASM230016v1_genomic.fna	81.7379
GCA_050605505.1_ASM5060550v1_genomic.fna	GCF_002551065.1_ASM255106v1_genomic.fna	78.6607
GCA_050605505.1_ASM5060550v1_genomic.fna	GCF_003259355.1_ASM325935v1_genomic.fna	75.9991
GCA_050605505.1_ASM5060550v1_genomic.fna	GCF_003977835.1_ASM397783v1_genomic.fna	83.1938
GCA_050605505.1_ASM5060550v1_genomic.fna	GCF_004122755.1_ASM412275v1_genomic.fna	77.6689
GCA_050605505.1_ASM5060550v1_genomic.fna	GCF_004524875.1_ASM452487v1_genomic.fna	78.2379
GCA_050605505.1_ASM5060550v1_genomic.fna	GCF_004684805.1_ASM468480v1_genomic.fna	78.036
GCA_050605505.1_ASM5060550v1_genomic.fna	GCF_005405925.1_ASM540592v1_genomic.fna	77.5639
GCA_050605505.1_ASM5060550v1_genomic.fna	GCF_005519465.1_ASM551946v1_genomic.fna	78.0225
GCA_050605505.1_ASM5060550v1_genomic.fna	GCF_005869865.1_ASM586986v1_genomic.fna	83.1992
GCA_050605505.1_ASM5060550v1_genomic.fna	GCF_005981935.1_ASM598193v1_genomic.fna	79.085
GCA_050605505.1_ASM5060550v1_genomic.fna	GCF_009862245.1_ASM986224v1_genomic.fna	78.6019
GCA_050605505.1_ASM5060550v1_genomic.fna	GCF_009862405.1_ASM986240v1_genomic.fna	77.4208
GCA_050605505.1_ASM5060550v1_genomic.fna	GCF_009865405.1_ASM986540v1_genomic.fna	78.2855
GCA_050605505.1_ASM5060550v1_genomic.fna	GCF_010548705.1_ASM1054870v1_genomic.fna	78.894
GCA_050605505.1_ASM5060550v1_genomic.fna	GCF_014138545.1_ASM1413854v1_genomic.fna	83.7472
GCA_050605505.1_ASM5060550v1_genomic.fna	GCF_014207295.1_ASM1420729v1_genomic.fna	83.4375
GCA_050605505.1_ASM5060550v1_genomic.fna	GCF_014648555.1_ASM1464855v1_genomic.fna	75.4223
GCA_050605505.1_ASM5060550v1_genomic.fna	GCF_014648695.1_ASM1464869v1_genomic.fna	77.8778
GCA_050605505.1_ASM5060550v1_genomic.fna	GCF_014649415.1_ASM1464941v1_genomic.fna	78.3612
GCA_050605505.1_ASM5060550v1_genomic.fna	GCF_014649435.1_ASM1464943v1_genomic.fna	82.9317
GCA_050605505.1_ASM5060550v1_genomic.fna	GCF_014649515.1_ASM1464951v1_genomic.fna	83.2416
GCA_050608825.1_ASM5060882v1_genomic.fna	GCA_963761325.1_MFD05502.bin.1.233_genomic.fna	76.5866
GCA_050608825.1_ASM5060882v1_genomic.fna	GCA_965650905.1_SRR15517647_binner13_Refined_2_genomic.fna	80.9664
GCA_050608825.1_ASM5060882v1_genomic.fna	GCA_965654005.1_SRR29654717_concoct_46_genomic.fna	81.2069
GCA_050608825.1_ASM5060882v1_genomic.fna	GCF_000367365.1_ASM36736v1_genomic.fna	81.5504
GCA_050608825.1_ASM5060882v1_genomic.fna	GCF_000695235.1_ASM69523v1_genomic.fna	77.8307
GCA_050608825.1_ASM5060882v1_genomic.fna	GCF_000716335.1_ASM71633v1_genomic.fna	79.2285
GCA_050608825.1_ASM5060882v1_genomic.fna	GCF_000717745.1_ASM71774v1_genomic.fna	78.1366
GCA_050608825.1_ASM5060882v1_genomic.fna	GCF_000719655.1_ASM71965v1_genomic.fna	78.7003
GCA_050608825.1_ASM5060882v1_genomic.fna	GCF_000721105.1_ASM72110v1_genomic.fna	82.775
GCA_050608825.1_ASM5060882v1_genomic.fna	GCF_000721435.1_ASM72143v1_genomic.fna	82.9332
GCA_050608825.1_ASM5060882v1_genomic.fna	GCF_000725705.1_Doro.v1.0_genomic.fna	78.4171
GCA_050608825.1_ASM5060882v1_genomic.fna	GCF_001013905.1_sleC34_genomic.fna	84.3607
GCA_050608825.1_ASM5060882v1_genomic.fna	GCF_001187435.1_ASM118743v1_genomic.fna	77.9273
GCA_050608825.1_ASM5060882v1_genomic.fna	GCF_001279485.1_ASM127948v1_genomic.fna	78.2539
GCA_050608825.1_ASM5060882v1_genomic.fna	GCF_001280885.1_ASM128088v1_genomic.fna	78.0963
GCA_050608825.1_ASM5060882v1_genomic.fna	GCF_001418135.1_ASM141813v1_genomic.fna	78.8592
GCA_050608825.1_ASM5060882v1_genomic.fna	GCF_001418175.1_ASM141817v1_genomic.fna	83.0672
GCA_050608825.1_ASM5060882v1_genomic.fna	GCF_001427565.1_Root63_genomic.fna	78.4568
GCA_050608825.1_ASM5060882v1_genomic.fna	GCF_001493375.1_Streptomyces_specialis_genomic.fna	76.5401
GCA_050608825.1_ASM5060882v1_genomic.fna	GCF_001751255.1_ASM175125v1_genomic.fna	76.4535
GCA_050608825.1_ASM5060882v1_genomic.fna	GCF_001941845.1_ASM194184v1_genomic.fna	78.2878
GCA_050608825.1_ASM5060882v1_genomic.fna	GCF_001970135.1_ASM197013v1_genomic.fna	92.6257
GCA_050608825.1_ASM5060882v1_genomic.fna	GCF_002300165.1_ASM230016v1_genomic.fna	81.7645
GCA_050608825.1_ASM5060882v1_genomic.fna	GCF_002551065.1_ASM255106v1_genomic.fna	78.712
GCA_050608825.1_ASM5060882v1_genomic.fna	GCF_003259355.1_ASM325935v1_genomic.fna	76.199
GCA_050608825.1_ASM5060882v1_genomic.fna	GCF_003977835.1_ASM397783v1_genomic.fna	83.2773
GCA_050608825.1_ASM5060882v1_genomic.fna	GCF_004122755.1_ASM412275v1_genomic.fna	77.7138
GCA_050608825.1_ASM5060882v1_genomic.fna	GCF_004524875.1_ASM452487v1_genomic.fna	78.1981
GCA_050608825.1_ASM5060882v1_genomic.fna	GCF_004684805.1_ASM468480v1_genomic.fna	77.984
GCA_050608825.1_ASM5060882v1_genomic.fna	GCF_005405925.1_ASM540592v1_genomic.fna	77.5734
GCA_050608825.1_ASM5060882v1_genomic.fna	GCF_005519465.1_ASM551946v1_genomic.fna	78.1041
GCA_050608825.1_ASM5060882v1_genomic.fna	GCF_005869865.1_ASM586986v1_genomic.fna	83.23
GCA_050608825.1_ASM5060882v1_genomic.fna	GCF_005981935.1_ASM598193v1_genomic.fna	79.0187
GCA_050608825.1_ASM5060882v1_genomic.fna	GCF_009862245.1_ASM986224v1_genomic.fna	78.452
GCA_050608825.1_ASM5060882v1_genomic.fna	GCF_009862405.1_ASM986240v1_genomic.fna	77.6575
GCA_050608825.1_ASM5060882v1_genomic.fna	GCF_009865405.1_ASM986540v1_genomic.fna	78.2208
GCA_050608825.1_ASM5060882v1_genomic.fna	GCF_010548705.1_ASM1054870v1_genomic.fna	78.6702
GCA_050608825.1_ASM5060882v1_genomic.fna	GCF_014138545.1_ASM1413854v1_genomic.fna	83.8025
GCA_050608825.1_ASM5060882v1_genomic.fna	GCF_014207295.1_ASM1420729v1_genomic.fna	83.3881
GCA_050608825.1_ASM5060882v1_genomic.fna	GCF_014648555.1_ASM1464855v1_genomic.fna	75.3968
GCA_050608825.1_ASM5060882v1_genomic.fna	GCF_014648695.1_ASM1464869v1_genomic.fna	77.7548
GCA_050608825.1_ASM5060882v1_genomic.fna	GCF_014649415.1_ASM1464941v1_genomic.fna	78.354
GCA_050608825.1_ASM5060882v1_genomic.fna	GCF_014649435.1_ASM1464943v1_genomic.fna	82.78
GCA_050608825.1_ASM5060882v1_genomic.fna	GCF_014649515.1_ASM1464951v1_genomic.fna	83.2208
GCA_963761325.1_MFD05502.bin.1.233_genomic.fna	GCA_965650905.1_SRR15517647_binner13_Refined_2_genomic.fna	76.3959
GCA_963761325.1_MFD05502.bin.1.233_genomic.fna	GCA_965654005.1_SRR29654717_concoct_46_genomic.fna	75.6746
GCA_963761325.1_MFD05502.bin.1.233_genomic.fna	GCF_000367365.1_ASM36736v1_genomic.fna	75.9022
GCA_963761325.1_MFD05502.bin.1.233_genomic.fna	GCF_000695235.1_ASM69523v1_genomic.fna	77.6615
GCA_963761325.1_MFD05502.bin.1.233_genomic.fna	GCF_000716335.1_ASM71633v1_genomic.fna	77.2822
GCA_963761325.1_MFD05502.bin.1.233_genomic.fna	GCF_000717745.1_ASM71774v1_genomic.fna	77.2832
GCA_963761325.1_MFD05502.bin.1.233_genomic.fna	GCF_000719655.1_ASM71965v1_genomic.fna	77.1665
GCA_963761325.1_MFD05502.bin.1.233_genomic.fna	GCF_000721105.1_ASM72110v1_genomic.fna	76.4773
GCA_963761325.1_MFD05502.bin.1.233_genomic.fna	GCF_000721435.1_ASM72143v1_genomic.fna	76.9296
GCA_963761325.1_MFD05502.bin.1.233_genomic.fna	GCF_000725705.1_Doro.v1.0_genomic.fna	76.6431
GCA_963761325.1_MFD05502.bin.1.233_genomic.fna	GCF_001013905.1_sleC34_genomic.fna	77.1034
GCA_963761325.1_MFD05502.bin.1.233_genomic.fna	GCF_001187435.1_ASM118743v1_genomic.fna	77.5242
GCA_963761325.1_MFD05502.bin.1.233_genomic.fna	GCF_001279485.1_ASM127948v1_genomic.fna	76.9004
GCA_963761325.1_MFD05502.bin.1.233_genomic.fna	GCF_001280885.1_ASM128088v1_genomic.fna	76.5305
GCA_963761325.1_MFD05502.bin.1.233_genomic.fna	GCF_001418135.1_ASM141813v1_genomic.fna	76.6667
GCA_963761325.1_MFD05502.bin.1.233_genomic.fna	GCF_001418175.1_ASM141817v1_genomic.fna	76.6796
GCA_963761325.1_MFD05502.bin.1.233_genomic.fna	GCF_001427565.1_Root63_genomic.fna	76.9024
GCA_963761325.1_MFD05502.bin.1.233_genomic.fna	GCF_001493375.1_Streptomyces_specialis_genomic.fna	76.9717
GCA_963761325.1_MFD05502.bin.1.233_genomic.fna	GCF_001751255.1_ASM175125v1_genomic.fna	76.265
GCA_963761325.1_MFD05502.bin.1.233_genomic.fna	GCF_001941845.1_ASM194184v1_genomic.fna	77.0908
GCA_963761325.1_MFD05502.bin.1.233_genomic.fna	GCF_001970135.1_ASM197013v1_genomic.fna	76.5192
GCA_963761325.1_MFD05502.bin.1.233_genomic.fna	GCF_002300165.1_ASM230016v1_genomic.fna	76.4188
GCA_963761325.1_MFD05502.bin.1.233_genomic.fna	GCF_002551065.1_ASM255106v1_genomic.fna	76.7137
GCA_963761325.1_MFD05502.bin.1.233_genomic.fna	GCF_003259355.1_ASM325935v1_genomic.fna	75.9053
GCA_963761325.1_MFD05502.bin.1.233_genomic.fna	GCF_003977835.1_ASM397783v1_genomic.fna	76.9216
GCA_963761325.1_MFD05502.bin.1.233_genomic.fna	GCF_004122755.1_ASM412275v1_genomic.fna	77.5163
GCA_963761325.1_MFD05502.bin.1.233_genomic.fna	GCF_004524875.1_ASM452487v1_genomic.fna	76.092
GCA_963761325.1_MFD05502.bin.1.233_genomic.fna	GCF_004684805.1_ASM468480v1_genomic.fna	78.2113
GCA_963761325.1_MFD05502.bin.1.233_genomic.fna	GCF_005405925.1_ASM540592v1_genomic.fna	76.9627
GCA_963761325.1_MFD05502.bin.1.233_genomic.fna	GCF_005519465.1_ASM551946v1_genomic.fna	76.9181
GCA_963761325.1_MFD05502.bin.1.233_genomic.fna	GCF_005869865.1_ASM586986v1_genomic.fna	76.3807
GCA_963761325.1_MFD05502.bin.1.233_genomic.fna	GCF_005981935.1_ASM598193v1_genomic.fna	77.195
GCA_963761325.1_MFD05502.bin.1.233_genomic.fna	GCF_009862245.1_ASM986224v1_genomic.fna	77.0894
GCA_963761325.1_MFD05502.bin.1.233_genomic.fna	GCF_009862405.1_ASM986240v1_genomic.fna	75.8341
GCA_963761325.1_MFD05502.bin.1.233_genomic.fna	GCF_009865405.1_ASM986540v1_genomic.fna	76.5347
GCA_963761325.1_MFD05502.bin.1.233_genomic.fna	GCF_010548705.1_ASM1054870v1_genomic.fna	76.9065
GCA_963761325.1_MFD05502.bin.1.233_genomic.fna	GCF_014138545.1_ASM1413854v1_genomic.fna	77.1604
GCA_963761325.1_MFD05502.bin.1.233_genomic.fna	GCF_014207295.1_ASM1420729v1_genomic.fna	76.5258
GCA_963761325.1_MFD05502.bin.1.233_genomic.fna	GCF_014648555.1_ASM1464855v1_genomic.fna	76.0101
GCA_963761325.1_MFD05502.bin.1.233_genomic.fna	GCF_014648695.1_ASM1464869v1_genomic.fna	77.6176
GCA_963761325.1_MFD05502.bin.1.233_genomic.fna	GCF_014649415.1_ASM1464941v1_genomic.fna	76.7949
GCA_963761325.1_MFD05502.bin.1.233_genomic.fna	GCF_014649435.1_ASM1464943v1_genomic.fna	76.723
GCA_963761325.1_MFD05502.bin.1.233_genomic.fna	GCF_014649515.1_ASM1464951v1_genomic.fna	76.7455
GCA_965650905.1_SRR15517647_binner13_Refined_2_genomic.fna	GCA_965654005.1_SRR29654717_concoct_46_genomic.fna	81.7521
GCA_965650905.1_SRR15517647_binner13_Refined_2_genomic.fna	GCF_000367365.1_ASM36736v1_genomic.fna	81.1359
GCA_965650905.1_SRR15517647_binner13_Refined_2_genomic.fna	GCF_000695235.1_ASM69523v1_genomic.fna	77.4688
GCA_965650905.1_SRR15517647_binner13_Refined_2_genomic.fna	GCF_000716335.1_ASM71633v1_genomic.fna	79.0654
GCA_965650905.1_SRR15517647_binner13_Refined_2_genomic.fna	GCF_000717745.1_ASM71774v1_genomic.fna	77.9161
GCA_965650905.1_SRR15517647_binner13_Refined_2_genomic.fna	GCF_000719655.1_ASM71965v1_genomic.fna	78.5249
GCA_965650905.1_SRR15517647_binner13_Refined_2_genomic.fna	GCF_000721105.1_ASM72110v1_genomic.fna	81.7019
GCA_965650905.1_SRR15517647_binner13_Refined_2_genomic.fna	GCF_000721435.1_ASM72143v1_genomic.fna	80.6805
GCA_965650905.1_SRR15517647_binner13_Refined_2_genomic.fna	GCF_000725705.1_Doro.v1.0_genomic.fna	78.3391
GCA_965650905.1_SRR15517647_binner13_Refined_2_genomic.fna	GCF_001013905.1_sleC34_genomic.fna	81.3132
GCA_965650905.1_SRR15517647_binner13_Refined_2_genomic.fna	GCF_001187435.1_ASM118743v1_genomic.fna	77.7203
GCA_965650905.1_SRR15517647_binner13_Refined_2_genomic.fna	GCF_001279485.1_ASM127948v1_genomic.fna	78.1981
GCA_965650905.1_SRR15517647_binner13_Refined_2_genomic.fna	GCF_001280885.1_ASM128088v1_genomic.fna	78.0706
GCA_965650905.1_SRR15517647_binner13_Refined_2_genomic.fna	GCF_001418135.1_ASM141813v1_genomic.fna	78.664
GCA_965650905.1_SRR15517647_binner13_Refined_2_genomic.fna	GCF_001418175.1_ASM141817v1_genomic.fna	80.6477
GCA_965650905.1_SRR15517647_binner13_Refined_2_genomic.fna	GCF_001427565.1_Root63_genomic.fna	78.182
GCA_965650905.1_SRR15517647_binner13_Refined_2_genomic.fna	GCF_001493375.1_Streptomyces_specialis_genomic.fna	75.9002
GCA_965650905.1_SRR15517647_binner13_Refined_2_genomic.fna	GCF_001751255.1_ASM175125v1_genomic.fna	76.1999
GCA_965650905.1_SRR15517647_binner13_Refined_2_genomic.fna	GCF_001941845.1_ASM194184v1_genomic.fna	77.8343
GCA_965650905.1_SRR15517647_binner13_Refined_2_genomic.fna	GCF_001970135.1_ASM197013v1_genomic.fna	81.0428
GCA_965650905.1_SRR15517647_binner13_Refined_2_genomic.fna	GCF_002300165.1_ASM230016v1_genomic.fna	83.1198
GCA_965650905.1_SRR15517647_binner13_Refined_2_genomic.fna	GCF_002551065.1_ASM255106v1_genomic.fna	78.5042
GCA_965650905.1_SRR15517647_binner13_Refined_2_genomic.fna	GCF_003259355.1_ASM325935v1_genomic.fna	76.0046
GCA_965650905.1_SRR15517647_binner13_Refined_2_genomic.fna	GCF_003977835.1_ASM397783v1_genomic.fna	80.8124
GCA_965650905.1_SRR15517647_binner13_Refined_2_genomic.fna	GCF_004122755.1_ASM412275v1_genomic.fna	77.6559
GCA_965650905.1_SRR15517647_binner13_Refined_2_genomic.fna	GCF_004524875.1_ASM452487v1_genomic.fna	77.995
GCA_965650905.1_SRR15517647_binner13_Refined_2_genomic.fna	GCF_004684805.1_ASM468480v1_genomic.fna	77.5405
GCA_965650905.1_SRR15517647_binner13_Refined_2_genomic.fna	GCF_005405925.1_ASM540592v1_genomic.fna	77.3841
GCA_965650905.1_SRR15517647_binner13_Refined_2_genomic.fna	GCF_005519465.1_ASM551946v1_genomic.fna	77.9679
GCA_965650905.1_SRR15517647_binner13_Refined_2_genomic.fna	GCF_005869865.1_ASM586986v1_genomic.fna	81.5093
GCA_965650905.1_SRR15517647_binner13_Refined_2_genomic.fna	GCF_005981935.1_ASM598193v1_genomic.fna	79.4773
GCA_965650905.1_SRR15517647_binner13_Refined_2_genomic.fna	GCF_009862245.1_ASM986224v1_genomic.fna	78.5549
GCA_965650905.1_SRR15517647_binner13_Refined_2_genomic.fna	GCF_009862405.1_ASM986240v1_genomic.fna	77.3461
GCA_965650905.1_SRR15517647_binner13_Refined_2_genomic.fna	GCF_009865405.1_ASM986540v1_genomic.fna	78.5736
GCA_965650905.1_SRR15517647_binner13_Refined_2_genomic.fna	GCF_010548705.1_ASM1054870v1_genomic.fna	78.4432
GCA_965650905.1_SRR15517647_binner13_Refined_2_genomic.fna	GCF_014138545.1_ASM1413854v1_genomic.fna	81.4848
GCA_965650905.1_SRR15517647_binner13_Refined_2_genomic.fna	GCF_014207295.1_ASM1420729v1_genomic.fna	81.5247
GCA_965650905.1_SRR15517647_binner13_Refined_2_genomic.fna	GCF_014648555.1_ASM1464855v1_genomic.fna	74.8916
GCA_965650905.1_SRR15517647_binner13_Refined_2_genomic.fna	GCF_014648695.1_ASM1464869v1_genomic.fna	77.743
GCA_965650905.1_SRR15517647_binner13_Refined_2_genomic.fna	GCF_014649415.1_ASM1464941v1_genomic.fna	78.0831
GCA_965650905.1_SRR15517647_binner13_Refined_2_genomic.fna	GCF_014649435.1_ASM1464943v1_genomic.fna	81.6219
GCA_965650905.1_SRR15517647_binner13_Refined_2_genomic.fna	GCF_014649515.1_ASM1464951v1_genomic.fna	80.7744
GCA_965654005.1_SRR29654717_concoct_46_genomic.fna	GCF_000367365.1_ASM36736v1_genomic.fna	81.301
GCA_965654005.1_SRR29654717_concoct_46_genomic.fna	GCF_000695235.1_ASM69523v1_genomic.fna	76.6871
GCA_965654005.1_SRR29654717_concoct_46_genomic.fna	GCF_000716335.1_ASM71633v1_genomic.fna	78.4125
GCA_965654005.1_SRR29654717_concoct_46_genomic.fna	GCF_000717745.1_ASM71774v1_genomic.fna	77.2002
GCA_965654005.1_SRR29654717_concoct_46_genomic.fna	GCF_000719655.1_ASM71965v1_genomic.fna	77.704
GCA_965654005.1_SRR29654717_concoct_46_genomic.fna	GCF_000721105.1_ASM72110v1_genomic.fna	81.9183
GCA_965654005.1_SRR29654717_concoct_46_genomic.fna	GCF_000721435.1_ASM72143v1_genomic.fna	80.8581
GCA_965654005.1_SRR29654717_concoct_46_genomic.fna	GCF_000725705.1_Doro.v1.0_genomic.fna	77.8847
GCA_965654005.1_SRR29654717_concoct_46_genomic.fna	GCF_001013905.1_sleC34_genomic.fna	81.6226
GCA_965654005.1_SRR29654717_concoct_46_genomic.fna	GCF_001187435.1_ASM118743v1_genomic.fna	76.9558
GCA_965654005.1_SRR29654717_concoct_46_genomic.fna	GCF_001279485.1_ASM127948v1_genomic.fna	77.5552
GCA_965654005.1_SRR29654717_concoct_46_genomic.fna	GCF_001280885.1_ASM128088v1_genomic.fna	77.4147
GCA_965654005.1_SRR29654717_concoct_46_genomic.fna	GCF_001418135.1_ASM141813v1_genomic.fna	78.1174
GCA_965654005.1_SRR29654717_concoct_46_genomic.fna	GCF_001418175.1_ASM141817v1_genomic.fna	80.5683
GCA_965654005.1_SRR29654717_concoct_46_genomic.fna	GCF_001427565.1_Root63_genomic.fna	77.6436
GCA_965654005.1_SRR29654717_concoct_46_genomic.fna	GCF_001493375.1_Streptomyces_specialis_genomic.fna	75.4546
GCA_965654005.1_SRR29654717_concoct_46_genomic.fna	GCF_001751255.1_ASM175125v1_genomic.fna	75.6485
GCA_965654005.1_SRR29654717_concoct_46_genomic.fna	GCF_001941845.1_ASM194184v1_genomic.fna	77.5143
GCA_965654005.1_SRR29654717_concoct_46_genomic.fna	GCF_001970135.1_ASM197013v1_genomic.fna	81.2223
GCA_965654005.1_SRR29654717_concoct_46_genomic.fna	GCF_002300165.1_ASM230016v1_genomic.fna	82.6103
GCA_965654005.1_SRR29654717_concoct_46_genomic.fna	GCF_002551065.1_ASM255106v1_genomic.fna	77.9404
GCA_965654005.1_SRR29654717_concoct_46_genomic.fna	GCF_003259355.1_ASM325935v1_genomic.fna	75.4605
GCA_965654005.1_SRR29654717_concoct_46_genomic.fna	GCF_003977835.1_ASM397783v1_genomic.fna	81.105
GCA_965654005.1_SRR29654717_concoct_46_genomic.fna	GCF_004122755.1_ASM412275v1_genomic.fna	76.8141
GCA_965654005.1_SRR29654717_concoct_46_genomic.fna	GCF_004524875.1_ASM452487v1_genomic.fna	77.5109
GCA_965654005.1_SRR29654717_concoct_46_genomic.fna	GCF_004684805.1_ASM468480v1_genomic.fna	77.0019
GCA_965654005.1_SRR29654717_concoct_46_genomic.fna	GCF_005405925.1_ASM540592v1_genomic.fna	76.661
GCA_965654005.1_SRR29654717_concoct_46_genomic.fna	GCF_005519465.1_ASM551946v1_genomic.fna	77.0293
GCA_965654005.1_SRR29654717_concoct_46_genomic.fna	GCF_005869865.1_ASM586986v1_genomic.fna	81.4036
GCA_965654005.1_SRR29654717_concoct_46_genomic.fna	GCF_005981935.1_ASM598193v1_genomic.fna	78.4957
GCA_965654005.1_SRR29654717_concoct_46_genomic.fna	GCF_009862245.1_ASM986224v1_genomic.fna	77.5052
GCA_965654005.1_SRR29654717_concoct_46_genomic.fna	GCF_009862405.1_ASM986240v1_genomic.fna	76.7294
GCA_965654005.1_SRR29654717_concoct_46_genomic.fna	GCF_009865405.1_ASM986540v1_genomic.fna	77.4296
GCA_965654005.1_SRR29654717_concoct_46_genomic.fna	GCF_010548705.1_ASM1054870v1_genomic.fna	77.6327
GCA_965654005.1_SRR29654717_concoct_46_genomic.fna	GCF_014138545.1_ASM1413854v1_genomic.fna	81.3607
GCA_965654005.1_SRR29654717_concoct_46_genomic.fna	GCF_014207295.1_ASM1420729v1_genomic.fna	81.6405
GCA_965654005.1_SRR29654717_concoct_46_genomic.fna	GCF_014648555.1_ASM1464855v1_genomic.fna	74.1145
GCA_965654005.1_SRR29654717_concoct_46_genomic.fna	GCF_014648695.1_ASM1464869v1_genomic.fna	76.9168
GCA_965654005.1_SRR29654717_concoct_46_genomic.fna	GCF_014649415.1_ASM1464941v1_genomic.fna	77.6533
GCA_965654005.1_SRR29654717_concoct_46_genomic.fna	GCF_014649435.1_ASM1464943v1_genomic.fna	81.9624
GCA_965654005.1_SRR29654717_concoct_46_genomic.fna	GCF_014649515.1_ASM1464951v1_genomic.fna	80.9796
GCF_000367365.1_ASM36736v1_genomic.fna	GCF_000695235.1_ASM69523v1_genomic.fna	76.8955
GCF_000367365.1_ASM36736v1_genomic.fna	GCF_000716335.1_ASM71633v1_genomic.fna	78.3382
GCF_000367365.1_ASM36736v1_genomic.fna	GCF_000717745.1_ASM71774v1_genomic.fna	77.2373
GCF_000367365.1_ASM36736v1_genomic.fna	GCF_000719655.1_ASM71965v1_genomic.fna	77.6958
GCF_000367365.1_ASM36736v1_genomic.fna	GCF_000721105.1_ASM72110v1_genomic.fna	82.8287
GCF_000367365.1_ASM36736v1_genomic.fna	GCF_000721435.1_ASM72143v1_genomic.fna	80.859
GCF_000367365.1_ASM36736v1_genomic.fna	GCF_000725705.1_Doro.v1.0_genomic.fna	77.8493
GCF_000367365.1_ASM36736v1_genomic.fna	GCF_001013905.1_sleC34_genomic.fna	81.8121
GCF_000367365.1_ASM36736v1_genomic.fna	GCF_001187435.1_ASM118743v1_genomic.fna	76.9381
GCF_000367365.1_ASM36736v1_genomic.fna	GCF_001279485.1_ASM127948v1_genomic.fna	77.5959
GCF_000367365.1_ASM36736v1_genomic.fna	GCF_001280885.1_ASM128088v1_genomic.fna	77.4773
GCF_000367365.1_ASM36736v1_genomic.fna	GCF_001418135.1_ASM141813v1_genomic.fna	77.908
GCF_000367365.1_ASM36736v1_genomic.fna	GCF_001418175.1_ASM141817v1_genomic.fna	80.9804
GCF_000367365.1_ASM36736v1_genomic.fna	GCF_001427565.1_Root63_genomic.fna	77.6221
GCF_000367365.1_ASM36736v1_genomic.fna	GCF_001493375.1_Streptomyces_specialis_genomic.fna	75.6317
GCF_000367365.1_ASM36736v1_genomic.fna	GCF_001751255.1_ASM175125v1_genomic.fna	75.6054
GCF_000367365.1_ASM36736v1_genomic.fna	GCF_001941845.1_ASM194184v1_genomic.fna	77.3817
GCF_000367365.1_ASM36736v1_genomic.fna	GCF_001970135.1_ASM197013v1_genomic.fna	81.407
GCF_000367365.1_ASM36736v1_genomic.fna	GCF_002300165.1_ASM230016v1_genomic.fna	81.8232
GCF_000367365.1_ASM36736v1_genomic.fna	GCF_002551065.1_ASM255106v1_genomic.fna	77.8912
GCF_000367365.1_ASM36736v1_genomic.fna	GCF_003259355.1_ASM325935v1_genomic.fna	75.5095
GCF_000367365.1_ASM36736v1_genomic.fna	GCF_003977835.1_ASM397783v1_genomic.fna	81.3552
GCF_000367365.1_ASM36736v1_genomic.fna	GCF_004122755.1_ASM412275v1_genomic.fna	76.8097
GCF_000367365.1_ASM36736v1_genomic.fna	GCF_004524875.1_ASM452487v1_genomic.fna	77.5677
GCF_000367365.1_ASM36736v1_genomic.fna	GCF_004684805.1_ASM468480v1_genomic.fna	76.7468
GCF_000367365.1_ASM36736v1_genomic.fna	GCF_005405925.1_ASM540592v1_genomic.fna	76.8179
GCF_000367365.1_ASM36736v1_genomic.fna	GCF_005519465.1_ASM551946v1_genomic.fna	77.3491
GCF_000367365.1_ASM36736v1_genomic.fna	GCF_005869865.1_ASM586986v1_genomic.fna	82.0151
GCF_000367365.1_ASM36736v1_genomic.fna	GCF_005981935.1_ASM598193v1_genomic.fna	78.4984
GCF_000367365.1_ASM36736v1_genomic.fna	GCF_009862245.1_ASM986224v1_genomic.fna	77.7101
GCF_000367365.1_ASM36736v1_genomic.fna	GCF_009862405.1_ASM986240v1_genomic.fna	76.9264
GCF_000367365.1_ASM36736v1_genomic.fna	GCF_009865405.1_ASM986540v1_genomic.fna	77.5813
GCF_000367365.1_ASM36736v1_genomic.fna	GCF_010548705.1_ASM1054870v1_genomic.fna	77.7691
GCF_000367365.1_ASM36736v1_genomic.fna	GCF_014138545.1_ASM1413854v1_genomic.fna	81.8654
GCF_000367365.1_ASM36736v1_genomic.fna	GCF_014207295.1_ASM1420729v1_genomic.fna	82.3154
GCF_000367365.1_ASM36736v1_genomic.fna	GCF_014648555.1_ASM1464855v1_genomic.fna	74.4904
GCF_000367365.1_ASM36736v1_genomic.fna	GCF_014648695.1_ASM1464869v1_genomic.fna	77.055
GCF_000367365.1_ASM36736v1_genomic.fna	GCF_014649415.1_ASM1464941v1_genomic.fna	77.6436
GCF_000367365.1_ASM36736v1_genomic.fna	GCF_014649435.1_ASM1464943v1_genomic.fna	82.2178
GCF_000367365.1_ASM36736v1_genomic.fna	GCF_014649515.1_ASM1464951v1_genomic.fna	81.3478
GCF_000695235.1_ASM69523v1_genomic.fna	GCF_000716335.1_ASM71633v1_genomic.fna	78.4683
GCF_000695235.1_ASM69523v1_genomic.fna	GCF_000717745.1_ASM71774v1_genomic.fna	80.6105
GCF_000695235.1_ASM69523v1_genomic.fna	GCF_000719655.1_ASM71965v1_genomic.fna	78.187
GCF_000695235.1_ASM69523v1_genomic.fna	GCF_000721105.1_ASM72110v1_genomic.fna	77.4973
GCF_000695235.1_ASM69523v1_genomic.fna	GCF_000721435.1_ASM72143v1_genomic.fna	78.1713
GCF_000695235.1_ASM69523v1_genomic.fna	GCF_000725705.1_Doro.v1.0_genomic.fna	77.9101
GCF_000695235.1_ASM69523v1_genomic.fna	GCF_001013905.1_sleC34_genomic.fna	78.0549
GCF_000695235.1_ASM69523v1_genomic.fna	GCF_001187435.1_ASM118743v1_genomic.fna	78.8221
GCF_000695235.1_ASM69523v1_genomic.fna	GCF_001279485.1_ASM127948v1_genomic.fna	78.033
GCF_000695235.1_ASM69523v1_genomic.fna	GCF_001280885.1_ASM128088v1_genomic.fna	77.9296
GCF_000695235.1_ASM69523v1_genomic.fna	GCF_001418135.1_ASM141813v1_genomic.fna	78.026
GCF_000695235.1_ASM69523v1_genomic.fna	GCF_001418175.1_ASM141817v1_genomic.fna	77.7778
GCF_000695235.1_ASM69523v1_genomic.fna	GCF_001427565.1_Root63_genomic.fna	77.8465
GCF_000695235.1_ASM69523v1_genomic.fna	GCF_001493375.1_Streptomyces_specialis_genomic.fna	77.3547
GCF_000695235.1_ASM69523v1_genomic.fna	GCF_001751255.1_ASM175125v1_genomic.fna	76.8121
GCF_000695235.1_ASM69523v1_genomic.fna	GCF_001941845.1_ASM194184v1_genomic.fna	77.9306
GCF_000695235.1_ASM69523v1_genomic.fna	GCF_001970135.1_ASM197013v1_genomic.fna	77.9168
GCF_000695235.1_ASM69523v1_genomic.fna	GCF_002300165.1_ASM230016v1_genomic.fna	77.6865
GCF_000695235.1_ASM69523v1_genomic.fna	GCF_002551065.1_ASM255106v1_genomic.fna	78.0321
GCF_000695235.1_ASM69523v1_genomic.fna	GCF_003259355.1_ASM325935v1_genomic.fna	76.8217
GCF_000695235.1_ASM69523v1_genomic.fna	GCF_003977835.1_ASM397783v1_genomic.fna	77.8514
GCF_000695235.1_ASM69523v1_genomic.fna	GCF_004122755.1_ASM412275v1_genomic.fna	83.3243
GCF_000695235.1_ASM69523v1_genomic.fna	GCF_004524875.1_ASM452487v1_genomic.fna	77.6513
GCF_000695235.1_ASM69523v1_genomic.fna	GCF_004684805.1_ASM468480v1_genomic.fna	79.0769
GCF_000695235.1_ASM69523v1_genomic.fna	GCF_005405925.1_ASM540592v1_genomic.fna	78.4014
GCF_000695235.1_ASM69523v1_genomic.fna	GCF_005519465.1_ASM551946v1_genomic.fna	77.487
GCF_000695235.1_ASM69523v1_genomic.fna	GCF_005869865.1_ASM586986v1_genomic.fna	77.6349
GCF_000695235.1_ASM69523v1_genomic.fna	GCF_005981935.1_ASM598193v1_genomic.fna	78.3272
GCF_000695235.1_ASM69523v1_genomic.fna	GCF_009862245.1_ASM986224v1_genomic.fna	78.0075
GCF_000695235.1_ASM69523v1_genomic.fna	GCF_009862405.1_ASM986240v1_genomic.fna	76.7545
GCF_000695235.1_ASM69523v1_genomic.fna	GCF_009865405.1_ASM986540v1_genomic.fna	77.7592
GCF_000695235.1_ASM69523v1_genomic.fna	GCF_010548705.1_ASM1054870v1_genomic.fna	78.044
GCF_000695235.1_ASM69523v1_genomic.fna	GCF_014138545.1_ASM1413854v1_genomic.fna	78.2477
GCF_000695235.1_ASM69523v1_genomic.fna	GCF_014207295.1_ASM1420729v1_genomic.fna	77.5743
GCF_000695235.1_ASM69523v1_genomic.fna	GCF_014648555.1_ASM1464855v1_genomic.fna	75.7276
GCF_000695235.1_ASM69523v1_genomic.fna	GCF_014648695.1_ASM1464869v1_genomic.fna	85.6103
GCF_000695235.1_ASM69523v1_genomic.fna	GCF_014649415.1_ASM1464941v1_genomic.fna	77.8018
GCF_000695235.1_ASM69523v1_genomic.fna	GCF_014649435.1_ASM1464943v1_genomic.fna	77.9008
GCF_000695235.1_ASM69523v1_genomic.fna	GCF_014649515.1_ASM1464951v1_genomic.fna	77.8885
GCF_000716335.1_ASM71633v1_genomic.fna	GCF_000717745.1_ASM71774v1_genomic.fna	78.9158
GCF_000716335.1_ASM71633v1_genomic.fna	GCF_000719655.1_ASM71965v1_genomic.fna	80.1017
GCF_000716335.1_ASM71633v1_genomic.fna	GCF_000721105.1_ASM72110v1_genomic.fna	78.9484
GCF_000716335.1_ASM71633v1_genomic.fna	GCF_000721435.1_ASM72143v1_genomic.fna	79.2014
GCF_000716335.1_ASM71633v1_genomic.fna	GCF_000725705.1_Doro.v1.0_genomic.fna	79.8164
GCF_000716335.1_ASM71633v1_genomic.fna	GCF_001013905.1_sleC34_genomic.fna	79.3759
GCF_000716335.1_ASM71633v1_genomic.fna	GCF_001187435.1_ASM118743v1_genomic.fna	78.3728
GCF_000716335.1_ASM71633v1_genomic.fna	GCF_001279485.1_ASM127948v1_genomic.fna	79.3198
GCF_000716335.1_ASM71633v1_genomic.fna	GCF_001280885.1_ASM128088v1_genomic.fna	79.2524
GCF_000716335.1_ASM71633v1_genomic.fna	GCF_001418135.1_ASM141813v1_genomic.fna	80.9634
GCF_000716335.1_ASM71633v1_genomic.fna	GCF_001418175.1_ASM141817v1_genomic.fna	78.9079
GCF_000716335.1_ASM71633v1_genomic.fna	GCF_001427565.1_Root63_genomic.fna	79.8042
GCF_000716335.1_ASM71633v1_genomic.fna	GCF_001493375.1_Streptomyces_specialis_genomic.fna	76.8057
GCF_000716335.1_ASM71633v1_genomic.fna	GCF_001751255.1_ASM175125v1_genomic.fna	76.8115
GCF_000716335.1_ASM71633v1_genomic.fna	GCF_001941845.1_ASM194184v1_genomic.fna	79.2259
GCF_000716335.1_ASM71633v1_genomic.fna	GCF_001970135.1_ASM197013v1_genomic.fna	79.0538
GCF_000716335.1_ASM71633v1_genomic.fna	GCF_002300165.1_ASM230016v1_genomic.fna	79.4213
GCF_000716335.1_ASM71633v1_genomic.fna	GCF_002551065.1_ASM255106v1_genomic.fna	79.978
GCF_000716335.1_ASM71633v1_genomic.fna	GCF_003259355.1_ASM325935v1_genomic.fna	76.5945
GCF_000716335.1_ASM71633v1_genomic.fna	GCF_003977835.1_ASM397783v1_genomic.fna	79.0375
GCF_000716335.1_ASM71633v1_genomic.fna	GCF_004122755.1_ASM412275v1_genomic.fna	78.5197
GCF_000716335.1_ASM71633v1_genomic.fna	GCF_004524875.1_ASM452487v1_genomic.fna	79.4828
GCF_000716335.1_ASM71633v1_genomic.fna	GCF_004684805.1_ASM468480v1_genomic.fna	78.7197
GCF_000716335.1_ASM71633v1_genomic.fna	GCF_005405925.1_ASM540592v1_genomic.fna	77.9015
GCF_000716335.1_ASM71633v1_genomic.fna	GCF_005519465.1_ASM551946v1_genomic.fna	79.52
GCF_000716335.1_ASM71633v1_genomic.fna	GCF_005869865.1_ASM586986v1_genomic.fna	79.0629
GCF_000716335.1_ASM71633v1_genomic.fna	GCF_005981935.1_ASM598193v1_genomic.fna	80.9714
GCF_000716335.1_ASM71633v1_genomic.fna	GCF_009862245.1_ASM986224v1_genomic.fna	79.7986
GCF_000716335.1_ASM71633v1_genomic.fna	GCF_009862405.1_ASM986240v1_genomic.fna	77.6586
GCF_000716335.1_ASM71633v1_genomic.fna	GCF_009865405.1_ASM986540v1_genomic.fna	80.013
GCF_000716335.1_ASM71633v1_genomic.fna	GCF_010548705.1_ASM1054870v1_genomic.fna	79.8254
GCF_000716335.1_ASM71633v1_genomic.fna	GCF_014138545.1_ASM1413854v1_genomic.fna	79.4255
GCF_000716335.1_ASM71633v1_genomic.fna	GCF_014207295.1_ASM1420729v1_genomic.fna	78.9653
GCF_000716335.1_ASM71633v1_genomic.fna	GCF_014648555.1_ASM1464855v1_genomic.fna	75.3108
GCF_000716335.1_ASM71633v1_genomic.fna	GCF_014648695.1_ASM1464869v1_genomic.fna	78.5425
GCF_000716335.1_ASM71633v1_genomic.fna	GCF_014649415.1_ASM1464941v1_genomic.fna	79.6803
GCF_000716335.1_ASM71633v1_genomic.fna	GCF_014649435.1_ASM1464943v1_genomic.fna	79.1699
GCF_000716335.1_ASM71633v1_genomic.fna	GCF_014649515.1_ASM1464951v1_genomic.fna	79.095
GCF_000717745.1_ASM71774v1_genomic.fna	GCF_000719655.1_ASM71965v1_genomic.fna	78.571
GCF_000717745.1_ASM71774v1_genomic.fna	GCF_000721105.1_ASM72110v1_genomic.fna	77.7402
GCF_000717745.1_ASM71774v1_genomic.fna	GCF_000721435.1_ASM72143v1_genomic.fna	78.2263
GCF_000717745.1_ASM71774v1_genomic.fna	GCF_000725705.1_Doro.v1.0_genomic.fna	78.0637
GCF_000717745.1_ASM71774v1_genomic.fna	GCF_001013905.1_sleC34_genomic.fna	78.1335
GCF_000717745.1_ASM71774v1_genomic.fna	GCF_001187435.1_ASM118743v1_genomic.fna	78.8271
GCF_000717745.1_ASM71774v1_genomic.fna	GCF_001279485.1_ASM127948v1_genomic.fna	78.0744
GCF_000717745.1_ASM71774v1_genomic.fna	GCF_001280885.1_ASM128088v1_genomic.fna	77.8877
GCF_000717745.1_ASM71774v1_genomic.fna	GCF_001418135.1_ASM141813v1_genomic.fna	78.2315
GCF_000717745.1_ASM71774v1_genomic.fna	GCF_001418175.1_ASM141817v1_genomic.fna	77.7686
GCF_000717745.1_ASM71774v1_genomic.fna	GCF_001427565.1_Root63_genomic.fna	78.0726
GCF_000717745.1_ASM71774v1_genomic.fna	GCF_001493375.1_Streptomyces_specialis_genomic.fna	77.0369
GCF_000717745.1_ASM71774v1_genomic.fna	GCF_001751255.1_ASM175125v1_genomic.fna	77.0443
GCF_000717745.1_ASM71774v1_genomic.fna	GCF_001941845.1_ASM194184v1_genomic.fna	78.0726
GCF_000717745.1_ASM71774v1_genomic.fna	GCF_001970135.1_ASM197013v1_genomic.fna	78.2195
GCF_000717745.1_ASM71774v1_genomic.fna	GCF_002300165.1_ASM230016v1_genomic.fna	78.1271
GCF_000717745.1_ASM71774v1_genomic.fna	GCF_002551065.1_ASM255106v1_genomic.fna	78.4746
GCF_000717745.1_ASM71774v1_genomic.fna	GCF_003259355.1_ASM325935v1_genomic.fna	76.8865
GCF_000717745.1_ASM71774v1_genomic.fna	GCF_003977835.1_ASM397783v1_genomic.fna	77.866
GCF_000717745.1_ASM71774v1_genomic.fna	GCF_004122755.1_ASM412275v1_genomic.fna	81.1042
GCF_000717745.1_ASM71774v1_genomic.fna	GCF_004524875.1_ASM452487v1_genomic.fna	77.8331
GCF_000717745.1_ASM71774v1_genomic.fna	GCF_004684805.1_ASM468480v1_genomic.fna	78.8079
GCF_000717745.1_ASM71774v1_genomic.fna	GCF_005405925.1_ASM540592v1_genomic.fna	78.6998
GCF_000717745.1_ASM71774v1_genomic.fna	GCF_005519465.1_ASM551946v1_genomic.fna	77.6362
GCF_000717745.1_ASM71774v1_genomic.fna	GCF_005869865.1_ASM586986v1_genomic.fna	77.7255
GCF_000717745.1_ASM71774v1_genomic.fna	GCF_005981935.1_ASM598193v1_genomic.fna	78.9553
GCF_000717745.1_ASM71774v1_genomic.fna	GCF_009862245.1_ASM986224v1_genomic.fna	78.3036
GCF_000717745.1_ASM71774v1_genomic.fna	GCF_009862405.1_ASM986240v1_genomic.fna	76.9159
GCF_000717745.1_ASM71774v1_genomic.fna	GCF_009865405.1_ASM986540v1_genomic.fna	78.0646
GCF_000717745.1_ASM71774v1_genomic.fna	GCF_010548705.1_ASM1054870v1_genomic.fna	78.347
GCF_000717745.1_ASM71774v1_genomic.fna	GCF_014138545.1_ASM1413854v1_genomic.fna	78.4061
GCF_000717745.1_ASM71774v1_genomic.fna	GCF_014207295.1_ASM1420729v1_genomic.fna	77.8381
GCF_000717745.1_ASM71774v1_genomic.fna	GCF_014648555.1_ASM1464855v1_genomic.fna	75.5903
GCF_000717745.1_ASM71774v1_genomic.fna	GCF_014648695.1_ASM1464869v1_genomic.fna	81.0188
GCF_000717745.1_ASM71774v1_genomic.fna	GCF_014649415.1_ASM1464941v1_genomic.fna	78.1816
GCF_000717745.1_ASM71774v1_genomic.fna	GCF_014649435.1_ASM1464943v1_genomic.fna	77.976
GCF_000717745.1_ASM71774v1_genomic.fna	GCF_014649515.1_ASM1464951v1_genomic.fna	77.8558
GCF_000719655.1_ASM71965v1_genomic.fna	GCF_000721105.1_ASM72110v1_genomic.fna	78.2167
GCF_000719655.1_ASM71965v1_genomic.fna	GCF_000721435.1_ASM72143v1_genomic.fna	78.7499
GCF_000719655.1_ASM71965v1_genomic.fna	GCF_000725705.1_Doro.v1.0_genomic.fna	86.5091
GCF_000719655.1_ASM71965v1_genomic.fna	GCF_001013905.1_sleC34_genomic.fna	78.7529
GCF_000719655.1_ASM71965v1_genomic.fna	GCF_001187435.1_ASM118743v1_genomic.fna	78.3033
GCF_000719655.1_ASM71965v1_genomic.fna	GCF_001279485.1_ASM127948v1_genomic.fna	78.93
GCF_000719655.1_ASM71965v1_genomic.fna	GCF_001280885.1_ASM128088v1_genomic.fna	78.8076
GCF_000719655.1_ASM71965v1_genomic.fna	GCF_001418135.1_ASM141813v1_genomic.fna	79.746
GCF_000719655.1_ASM71965v1_genomic.fna	GCF_001418175.1_ASM141817v1_genomic.fna	78.2245
GCF_000719655.1_ASM71965v1_genomic.fna	GCF_001427565.1_Root63_genomic.fna	88.7117
GCF_000719655.1_ASM71965v1_genomic.fna	GCF_001493375.1_Streptomyces_specialis_genomic.fna	76.7585
GCF_000719655.1_ASM71965v1_genomic.fna	GCF_001751255.1_ASM175125v1_genomic.fna	76.9099
GCF_000719655.1_ASM71965v1_genomic.fna	GCF_001941845.1_ASM194184v1_genomic.fna	79.0087
GCF_000719655.1_ASM71965v1_genomic.fna	GCF_001970135.1_ASM197013v1_genomic.fna	78.7302
GCF_000719655.1_ASM71965v1_genomic.fna	GCF_002300165.1_ASM230016v1_genomic.fna	78.7597
GCF_000719655.1_ASM71965v1_genomic.fna	GCF_002551065.1_ASM255106v1_genomic.fna	89.2449
GCF_000719655.1_ASM71965v1_genomic.fna	GCF_003259355.1_ASM325935v1_genomic.fna	76.4703
GCF_000719655.1_ASM71965v1_genomic.fna	GCF_003977835.1_ASM397783v1_genomic.fna	78.4719
GCF_000719655.1_ASM71965v1_genomic.fna	GCF_004122755.1_ASM412275v1_genomic.fna	78.3023
GCF_000719655.1_ASM71965v1_genomic.fna	GCF_004524875.1_ASM452487v1_genomic.fna	82.4258
GCF_000719655.1_ASM71965v1_genomic.fna	GCF_004684805.1_ASM468480v1_genomic.fna	78.2521
GCF_000719655.1_ASM71965v1_genomic.fna	GCF_005405925.1_ASM540592v1_genomic.fna	77.6997
GCF_000719655.1_ASM71965v1_genomic.fna	GCF_005519465.1_ASM551946v1_genomic.fna	78.863
GCF_000719655.1_ASM71965v1_genomic.fna	GCF_005869865.1_ASM586986v1_genomic.fna	78.426
GCF_000719655.1_ASM71965v1_genomic.fna	GCF_005981935.1_ASM598193v1_genomic.fna	80.6802
GCF_000719655.1_ASM71965v1_genomic.fna	GCF_009862245.1_ASM986224v1_genomic.fna	88.6305
GCF_000719655.1_ASM71965v1_genomic.fna	GCF_009862405.1_ASM986240v1_genomic.fna	77.5941
GCF_000719655.1_ASM71965v1_genomic.fna	GCF_009865405.1_ASM986540v1_genomic.fna	79.6268
GCF_000719655.1_ASM71965v1_genomic.fna	GCF_010548705.1_ASM1054870v1_genomic.fna	88.8681
GCF_000719655.1_ASM71965v1_genomic.fna	GCF_014138545.1_ASM1413854v1_genomic.fna	78.4684
GCF_000719655.1_ASM71965v1_genomic.fna	GCF_014207295.1_ASM1420729v1_genomic.fna	78.5863
GCF_000719655.1_ASM71965v1_genomic.fna	GCF_014648555.1_ASM1464855v1_genomic.fna	75.3566
GCF_000719655.1_ASM71965v1_genomic.fna	GCF_014648695.1_ASM1464869v1_genomic.fna	78.2088
GCF_000719655.1_ASM71965v1_genomic.fna	GCF_014649415.1_ASM1464941v1_genomic.fna	88.6656
GCF_000719655.1_ASM71965v1_genomic.fna	GCF_014649435.1_ASM1464943v1_genomic.fna	78.6681
GCF_000719655.1_ASM71965v1_genomic.fna	GCF_014649515.1_ASM1464951v1_genomic.fna	78.5792
GCF_000721105.1_ASM72110v1_genomic.fna	GCF_000721435.1_ASM72143v1_genomic.fna	82.3004
GCF_000721105.1_ASM72110v1_genomic.fna	GCF_000725705.1_Doro.v1.0_genomic.fna	78.0725
GCF_000721105.1_ASM72110v1_genomic.fna	GCF_001013905.1_sleC34_genomic.fna	83.3008
GCF_000721105.1_ASM72110v1_genomic.fna	GCF_001187435.1_ASM118743v1_genomic.fna	77.5117
GCF_000721105.1_ASM72110v1_genomic.fna	GCF_001279485.1_ASM127948v1_genomic.fna	77.9901
GCF_000721105.1_ASM72110v1_genomic.fna	GCF_001280885.1_ASM128088v1_genomic.fna	77.9213
GCF_000721105.1_ASM72110v1_genomic.fna	GCF_001418135.1_ASM141813v1_genomic.fna	78.5105
GCF_000721105.1_ASM72110v1_genomic.fna	GCF_001418175.1_ASM141817v1_genomic.fna	82.2555
GCF_000721105.1_ASM72110v1_genomic.fna	GCF_001427565.1_Root63_genomic.fna	78.0944
GCF_000721105.1_ASM72110v1_genomic.fna	GCF_001493375.1_Streptomyces_specialis_genomic.fna	76.2486
GCF_000721105.1_ASM72110v1_genomic.fna	GCF_001751255.1_ASM175125v1_genomic.fna	76.1139
GCF_000721105.1_ASM72110v1_genomic.fna	GCF_001941845.1_ASM194184v1_genomic.fna	77.7167
GCF_000721105.1_ASM72110v1_genomic.fna	GCF_001970135.1_ASM197013v1_genomic.fna	82.8217
GCF_000721105.1_ASM72110v1_genomic.fna	GCF_002300165.1_ASM230016v1_genomic.fna	82.3161
GCF_000721105.1_ASM72110v1_genomic.fna	GCF_002551065.1_ASM255106v1_genomic.fna	78.3967
GCF_000721105.1_ASM72110v1_genomic.fna	GCF_003259355.1_ASM325935v1_genomic.fna	75.7743
GCF_000721105.1_ASM72110v1_genomic.fna	GCF_003977835.1_ASM397783v1_genomic.fna	82.4794
GCF_000721105.1_ASM72110v1_genomic.fna	GCF_004122755.1_ASM412275v1_genomic.fna	77.6042
GCF_000721105.1_ASM72110v1_genomic.fna	GCF_004524875.1_ASM452487v1_genomic.fna	78.0401
GCF_000721105.1_ASM72110v1_genomic.fna	GCF_004684805.1_ASM468480v1_genomic.fna	77.5014
GCF_000721105.1_ASM72110v1_genomic.fna	GCF_005405925.1_ASM540592v1_genomic.fna	77.1522
GCF_000721105.1_ASM72110v1_genomic.fna	GCF_005519465.1_ASM551946v1_genomic.fna	77.6628
GCF_000721105.1_ASM72110v1_genomic.fna	GCF_005869865.1_ASM586986v1_genomic.fna	83.5433
GCF_000721105.1_ASM72110v1_genomic.fna	GCF_005981935.1_ASM598193v1_genomic.fna	78.7976
GCF_000721105.1_ASM72110v1_genomic.fna	GCF_009862245.1_ASM986224v1_genomic.fna	78.2996
GCF_000721105.1_ASM72110v1_genomic.fna	GCF_009862405.1_ASM986240v1_genomic.fna	77.0864
GCF_000721105.1_ASM72110v1_genomic.fna	GCF_009865405.1_ASM986540v1_genomic.fna	77.91
GCF_000721105.1_ASM72110v1_genomic.fna	GCF_010548705.1_ASM1054870v1_genomic.fna	78.511
GCF_000721105.1_ASM72110v1_genomic.fna	GCF_014138545.1_ASM1413854v1_genomic.fna	83.2483
GCF_000721105.1_ASM72110v1_genomic.fna	GCF_014207295.1_ASM1420729v1_genomic.fna	83.8194
GCF_000721105.1_ASM72110v1_genomic.fna	GCF_014648555.1_ASM1464855v1_genomic.fna	74.7944
GCF_000721105.1_ASM72110v1_genomic.fna	GCF_014648695.1_ASM1464869v1_genomic.fna	77.483
GCF_000721105.1_ASM72110v1_genomic.fna	GCF_014649415.1_ASM1464941v1_genomic.fna	78.2156
GCF_000721105.1_ASM72110v1_genomic.fna	GCF_014649435.1_ASM1464943v1_genomic.fna	83.5254
GCF_000721105.1_ASM72110v1_genomic.fna	GCF_014649515.1_ASM1464951v1_genomic.fna	82.5134
GCF_000721435.1_ASM72143v1_genomic.fna	GCF_000725705.1_Doro.v1.0_genomic.fna	78.4688
GCF_000721435.1_ASM72143v1_genomic.fna	GCF_001013905.1_sleC34_genomic.fna	83.1589
GCF_000721435.1_ASM72143v1_genomic.fna	GCF_001187435.1_ASM118743v1_genomic.fna	78.0753
GCF_000721435.1_ASM72143v1_genomic.fna	GCF_001279485.1_ASM127948v1_genomic.fna	78.58
GCF_000721435.1_ASM72143v1_genomic.fna	GCF_001280885.1_ASM128088v1_genomic.fna	78.2373
GCF_000721435.1_ASM72143v1_genomic.fna	GCF_001418135.1_ASM141813v1_genomic.fna	78.8258
GCF_000721435.1_ASM72143v1_genomic.fna	GCF_001418175.1_ASM141817v1_genomic.fna	83.9195
GCF_000721435.1_ASM72143v1_genomic.fna	GCF_001427565.1_Root63_genomic.fna	78.4749
GCF_000721435.1_ASM72143v1_genomic.fna	GCF_001493375.1_Streptomyces_specialis_genomic.fna	76.8142
GCF_000721435.1_ASM72143v1_genomic.fna	GCF_001751255.1_ASM175125v1_genomic.fna	76.6773
GCF_000721435.1_ASM72143v1_genomic.fna	GCF_001941845.1_ASM194184v1_genomic.fna	78.3759
GCF_000721435.1_ASM72143v1_genomic.fna	GCF_001970135.1_ASM197013v1_genomic.fna	82.9261
GCF_000721435.1_ASM72143v1_genomic.fna	GCF_002300165.1_ASM230016v1_genomic.fna	81.4312
GCF_000721435.1_ASM72143v1_genomic.fna	GCF_002551065.1_ASM255106v1_genomic.fna	78.6255
GCF_000721435.1_ASM72143v1_genomic.fna	GCF_003259355.1_ASM325935v1_genomic.fna	76.4793
GCF_000721435.1_ASM72143v1_genomic.fna	GCF_003977835.1_ASM397783v1_genomic.fna	86.3175
GCF_000721435.1_ASM72143v1_genomic.fna	GCF_004122755.1_ASM412275v1_genomic.fna	77.8559
GCF_000721435.1_ASM72143v1_genomic.fna	GCF_004524875.1_ASM452487v1_genomic.fna	78.0076
GCF_000721435.1_ASM72143v1_genomic.fna	GCF_004684805.1_ASM468480v1_genomic.fna	78.3457
GCF_000721435.1_ASM72143v1_genomic.fna	GCF_005405925.1_ASM540592v1_genomic.fna	77.4996
GCF_000721435.1_ASM72143v1_genomic.fna	GCF_005519465.1_ASM551946v1_genomic.fna	78.2748
GCF_000721435.1_ASM72143v1_genomic.fna	GCF_005869865.1_ASM586986v1_genomic.fna	83.0412
GCF_000721435.1_ASM72143v1_genomic.fna	GCF_005981935.1_ASM598193v1_genomic.fna	79.0533
GCF_000721435.1_ASM72143v1_genomic.fna	GCF_009862245.1_ASM986224v1_genomic.fna	78.5875
GCF_000721435.1_ASM72143v1_genomic.fna	GCF_009862405.1_ASM986240v1_genomic.fna	77.7013
GCF_000721435.1_ASM72143v1_genomic.fna	GCF_009865405.1_ASM986540v1_genomic.fna	78.263
GCF_000721435.1_ASM72143v1_genomic.fna	GCF_010548705.1_ASM1054870v1_genomic.fna	78.6301
GCF_000721435.1_ASM72143v1_genomic.fna	GCF_014138545.1_ASM1413854v1_genomic.fna	86.3117
GCF_000721435.1_ASM72143v1_genomic.fna	GCF_014207295.1_ASM1420729v1_genomic.fna	83.2655
GCF_000721435.1_ASM72143v1_genomic.fna	GCF_014648555.1_ASM1464855v1_genomic.fna	75.3278
GCF_000721435.1_ASM72143v1_genomic.fna	GCF_014648695.1_ASM1464869v1_genomic.fna	77.7176
GCF_000721435.1_ASM72143v1_genomic.fna	GCF_014649415.1_ASM1464941v1_genomic.fna	78.3024
GCF_000721435.1_ASM72143v1_genomic.fna	GCF_014649435.1_ASM1464943v1_genomic.fna	82.6501
GCF_000721435.1_ASM72143v1_genomic.fna	GCF_014649515.1_ASM1464951v1_genomic.fna	86.1194
GCF_000725705.1_Doro.v1.0_genomic.fna	GCF_001013905.1_sleC34_genomic.fna	78.4514
GCF_000725705.1_Doro.v1.0_genomic.fna	GCF_001187435.1_ASM118743v1_genomic.fna	77.8677
GCF_000725705.1_Doro.v1.0_genomic.fna	GCF_001279485.1_ASM127948v1_genomic.fna	78.7383
GCF_000725705.1_Doro.v1.0_genomic.fna	GCF_001280885.1_ASM128088v1_genomic.fna	78.6063
GCF_000725705.1_Doro.v1.0_genomic.fna	GCF_001418135.1_ASM141813v1_genomic.fna	79.48
GCF_000725705.1_Doro.v1.0_genomic.fna	GCF_001418175.1_ASM141817v1_genomic.fna	78.1148
GCF_000725705.1_Doro.v1.0_genomic.fna	GCF_001427565.1_Root63_genomic.fna	87.7445
GCF_000725705.1_Doro.v1.0_genomic.fna	GCF_001493375.1_Streptomyces_specialis_genomic.fna	76.462
GCF_000725705.1_Doro.v1.0_genomic.fna	GCF_001751255.1_ASM175125v1_genomic.fna	76.3532
GCF_000725705.1_Doro.v1.0_genomic.fna	GCF_001941845.1_ASM194184v1_genomic.fna	78.7571
GCF_000725705.1_Doro.v1.0_genomic.fna	GCF_001970135.1_ASM197013v1_genomic.fna	78.4542
GCF_000725705.1_Doro.v1.0_genomic.fna	GCF_002300165.1_ASM230016v1_genomic.fna	78.7221
GCF_000725705.1_Doro.v1.0_genomic.fna	GCF_002551065.1_ASM255106v1_genomic.fna	87.7262
GCF_000725705.1_Doro.v1.0_genomic.fna	GCF_003259355.1_ASM325935v1_genomic.fna	76.1622
GCF_000725705.1_Doro.v1.0_genomic.fna	GCF_003977835.1_ASM397783v1_genomic.fna	78.2355
GCF_000725705.1_Doro.v1.0_genomic.fna	GCF_004122755.1_ASM412275v1_genomic.fna	78.1278
GCF_000725705.1_Doro.v1.0_genomic.fna	GCF_004524875.1_ASM452487v1_genomic.fna	82.6152
GCF_000725705.1_Doro.v1.0_genomic.fna	GCF_004684805.1_ASM468480v1_genomic.fna	78.2721
GCF_000725705.1_Doro.v1.0_genomic.fna	GCF_005405925.1_ASM540592v1_genomic.fna	77.5037
GCF_000725705.1_Doro.v1.0_genomic.fna	GCF_005519465.1_ASM551946v1_genomic.fna	78.7693
GCF_000725705.1_Doro.v1.0_genomic.fna	GCF_005869865.1_ASM586986v1_genomic.fna	78.1371
GCF_000725705.1_Doro.v1.0_genomic.fna	GCF_005981935.1_ASM598193v1_genomic.fna	80.4857
GCF_000725705.1_Doro.v1.0_genomic.fna	GCF_009862245.1_ASM986224v1_genomic.fna	87.3077
GCF_000725705.1_Doro.v1.0_genomic.fna	GCF_009862405.1_ASM986240v1_genomic.fna	77.1089
GCF_000725705.1_Doro.v1.0_genomic.fna	GCF_009865405.1_ASM986540v1_genomic.fna	79.4898
GCF_000725705.1_Doro.v1.0_genomic.fna	GCF_010548705.1_ASM1054870v1_genomic.fna	87.844
GCF_000725705.1_Doro.v1.0_genomic.fna	GCF_014138545.1_ASM1413854v1_genomic.fna	78.6648
GCF_000725705.1_Doro.v1.0_genomic.fna	GCF_014207295.1_ASM1420729v1_genomic.fna	78.4409
GCF_000725705.1_Doro.v1.0_genomic.fna	GCF_014648555.1_ASM1464855v1_genomic.fna	74.8186
GCF_000725705.1_Doro.v1.0_genomic.fna	GCF_014648695.1_ASM1464869v1_genomic.fna	77.8276
GCF_000725705.1_Doro.v1.0_genomic.fna	GCF_014649415.1_ASM1464941v1_genomic.fna	87.2519
GCF_000725705.1_Doro.v1.0_genomic.fna	GCF_014649435.1_ASM1464943v1_genomic.fna	78.4262
GCF_000725705.1_Doro.v1.0_genomic.fna	GCF_014649515.1_ASM1464951v1_genomic.fna	78.2061
GCF_001013905.1_sleC34_genomic.fna	GCF_001187435.1_ASM118743v1_genomic.fna	78.3671
GCF_001013905.1_sleC34_genomic.fna	GCF_001279485.1_ASM127948v1_genomic.fna	78.4331
GCF_001013905.1_sleC34_genomic.fna	GCF_001280885.1_ASM128088v1_genomic.fna	78.4936
GCF_001013905.1_sleC34_genomic.fna	GCF_001418135.1_ASM141813v1_genomic.fna	78.8735
GCF_001013905.1_sleC34_genomic.fna	GCF_001418175.1_ASM141817v1_genomic.fna	83.1458
GCF_001013905.1_sleC34_genomic.fna	GCF_001427565.1_Root63_genomic.fna	78.368
GCF_001013905.1_sleC34_genomic.fna	GCF_001493375.1_Streptomyces_specialis_genomic.fna	76.8156
GCF_001013905.1_sleC34_genomic.fna	GCF_001751255.1_ASM175125v1_genomic.fna	76.5899
GCF_001013905.1_sleC34_genomic.fna	GCF_001941845.1_ASM194184v1_genomic.fna	78.6957
GCF_001013905.1_sleC34_genomic.fna	GCF_001970135.1_ASM197013v1_genomic.fna	84.397
GCF_001013905.1_sleC34_genomic.fna	GCF_002300165.1_ASM230016v1_genomic.fna	82.1124
GCF_001013905.1_sleC34_genomic.fna	GCF_002551065.1_ASM255106v1_genomic.fna	78.8126
GCF_001013905.1_sleC34_genomic.fna	GCF_003259355.1_ASM325935v1_genomic.fna	76.3273
GCF_001013905.1_sleC34_genomic.fna	GCF_003977835.1_ASM397783v1_genomic.fna	83.4259
GCF_001013905.1_sleC34_genomic.fna	GCF_004122755.1_ASM412275v1_genomic.fna	78.0096
GCF_001013905.1_sleC34_genomic.fna	GCF_004524875.1_ASM452487v1_genomic.fna	78.3206
GCF_001013905.1_sleC34_genomic.fna	GCF_004684805.1_ASM468480v1_genomic.fna	78.4302
GCF_001013905.1_sleC34_genomic.fna	GCF_005405925.1_ASM540592v1_genomic.fna	77.7432
GCF_001013905.1_sleC34_genomic.fna	GCF_005519465.1_ASM551946v1_genomic.fna	78.3773
GCF_001013905.1_sleC34_genomic.fna	GCF_005869865.1_ASM586986v1_genomic.fna	83.4415
GCF_001013905.1_sleC34_genomic.fna	GCF_005981935.1_ASM598193v1_genomic.fna	79.1699
GCF_001013905.1_sleC34_genomic.fna	GCF_009862245.1_ASM986224v1_genomic.fna	78.3057
GCF_001013905.1_sleC34_genomic.fna	GCF_009862405.1_ASM986240v1_genomic.fna	77.4422
GCF_001013905.1_sleC34_genomic.fna	GCF_009865405.1_ASM986540v1_genomic.fna	78.1845
GCF_001013905.1_sleC34_genomic.fna	GCF_010548705.1_ASM1054870v1_genomic.fna	78.8023
GCF_001013905.1_sleC34_genomic.fna	GCF_014138545.1_ASM1413854v1_genomic.fna	84.1716
GCF_001013905.1_sleC34_genomic.fna	GCF_014207295.1_ASM1420729v1_genomic.fna	83.8183
GCF_001013905.1_sleC34_genomic.fna	GCF_014648555.1_ASM1464855v1_genomic.fna	75.5043
GCF_001013905.1_sleC34_genomic.fna	GCF_014648695.1_ASM1464869v1_genomic.fna	77.9674
GCF_001013905.1_sleC34_genomic.fna	GCF_014649415.1_ASM1464941v1_genomic.fna	78.2938
GCF_001013905.1_sleC34_genomic.fna	GCF_014649435.1_ASM1464943v1_genomic.fna	83.6074
GCF_001013905.1_sleC34_genomic.fna	GCF_014649515.1_ASM1464951v1_genomic.fna	83.4001
GCF_001187435.1_ASM118743v1_genomic.fna	GCF_001279485.1_ASM127948v1_genomic.fna	77.6559
GCF_001187435.1_ASM118743v1_genomic.fna	GCF_001280885.1_ASM128088v1_genomic.fna	77.8073
GCF_001187435.1_ASM118743v1_genomic.fna	GCF_001418135.1_ASM141813v1_genomic.fna	78.0575
GCF_001187435.1_ASM118743v1_genomic.fna	GCF_001418175.1_ASM141817v1_genomic.fna	78.0919
GCF_001187435.1_ASM118743v1_genomic.fna	GCF_001427565.1_Root63_genomic.fna	78.1519
GCF_001187435.1_ASM118743v1_genomic.fna	GCF_001493375.1_Streptomyces_specialis_genomic.fna	77.0308
GCF_001187435.1_ASM118743v1_genomic.fna	GCF_001751255.1_ASM175125v1_genomic.fna	76.8979
GCF_001187435.1_ASM118743v1_genomic.fna	GCF_001941845.1_ASM194184v1_genomic.fna	78.0459
GCF_001187435.1_ASM118743v1_genomic.fna	GCF_001970135.1_ASM197013v1_genomic.fna	77.7272
GCF_001187435.1_ASM118743v1_genomic.fna	GCF_002300165.1_ASM230016v1_genomic.fna	77.8961
GCF_001187435.1_ASM118743v1_genomic.fna	GCF_002551065.1_ASM255106v1_genomic.fna	78.1638
GCF_001187435.1_ASM118743v1_genomic.fna	GCF_003259355.1_ASM325935v1_genomic.fna	77.0321
GCF_001187435.1_ASM118743v1_genomic.fna	GCF_003977835.1_ASM397783v1_genomic.fna	77.6993
GCF_001187435.1_ASM118743v1_genomic.fna	GCF_004122755.1_ASM412275v1_genomic.fna	78.8495
GCF_001187435.1_ASM118743v1_genomic.fna	GCF_004524875.1_ASM452487v1_genomic.fna	77.8287
GCF_001187435.1_ASM118743v1_genomic.fna	GCF_004684805.1_ASM468480v1_genomic.fna	79.1638
GCF_001187435.1_ASM118743v1_genomic.fna	GCF_005405925.1_ASM540592v1_genomic.fna	78.4358
GCF_001187435.1_ASM118743v1_genomic.fna	GCF_005519465.1_ASM551946v1_genomic.fna	77.9355
GCF_001187435.1_ASM118743v1_genomic.fna	GCF_005869865.1_ASM586986v1_genomic.fna	77.5157
GCF_001187435.1_ASM118743v1_genomic.fna	GCF_005981935.1_ASM598193v1_genomic.fna	78.5385
GCF_001187435.1_ASM118743v1_genomic.fna	GCF_009862245.1_ASM986224v1_genomic.fna	78.17
GCF_001187435.1_ASM118743v1_genomic.fna	GCF_009862405.1_ASM986240v1_genomic.fna	77.1736
GCF_001187435.1_ASM118743v1_genomic.fna	GCF_009865405.1_ASM986540v1_genomic.fna	77.6662
GCF_001187435.1_ASM118743v1_genomic.fna	GCF_010548705.1_ASM1054870v1_genomic.fna	78.0218
GCF_001187435.1_ASM118743v1_genomic.fna	GCF_014138545.1_ASM1413854v1_genomic.fna	78.3182
GCF_001187435.1_ASM118743v1_genomic.fna	GCF_014207295.1_ASM1420729v1_genomic.fna	77.8588
GCF_001187435.1_ASM118743v1_genomic.fna	GCF_014648555.1_ASM1464855v1_genomic.fna	75.6841
GCF_001187435.1_ASM118743v1_genomic.fna	GCF_014648695.1_ASM1464869v1_genomic.fna	78.6717
GCF_001187435.1_ASM118743v1_genomic.fna	GCF_014649415.1_ASM1464941v1_genomic.fna	78.0593
GCF_001187435.1_ASM118743v1_genomic.fna	GCF_014649435.1_ASM1464943v1_genomic.fna	78.1004
GCF_001187435.1_ASM118743v1_genomic.fna	GCF_014649515.1_ASM1464951v1_genomic.fna	77.9024
GCF_001279485.1_ASM127948v1_genomic.fna	GCF_001280885.1_ASM128088v1_genomic.fna	85.6328
GCF_001279485.1_ASM127948v1_genomic.fna	GCF_001418135.1_ASM141813v1_genomic.fna	79.4728
GCF_001279485.1_ASM127948v1_genomic.fna	GCF_001418175.1_ASM141817v1_genomic.fna	78.2484
GCF_001279485.1_ASM127948v1_genomic.fna	GCF_001427565.1_Root63_genomic.fna	78.7786
GCF_001279485.1_ASM127948v1_genomic.fna	GCF_001493375.1_Streptomyces_specialis_genomic.fna	76.187
GCF_001279485.1_ASM127948v1_genomic.fna	GCF_001751255.1_ASM175125v1_genomic.fna	76.2802
GCF_001279485.1_ASM127948v1_genomic.fna	GCF_001941845.1_ASM194184v1_genomic.fna	93.0411
GCF_001279485.1_ASM127948v1_genomic.fna	GCF_001970135.1_ASM197013v1_genomic.fna	78.1845
GCF_001279485.1_ASM127948v1_genomic.fna	GCF_002300165.1_ASM230016v1_genomic.fna	78.3681
GCF_001279485.1_ASM127948v1_genomic.fna	GCF_002551065.1_ASM255106v1_genomic.fna	78.9217
GCF_001279485.1_ASM127948v1_genomic.fna	GCF_003259355.1_ASM325935v1_genomic.fna	76.0799
GCF_001279485.1_ASM127948v1_genomic.fna	GCF_003977835.1_ASM397783v1_genomic.fna	78.1731
GCF_001279485.1_ASM127948v1_genomic.fna	GCF_004122755.1_ASM412275v1_genomic.fna	77.734
GCF_001279485.1_ASM127948v1_genomic.fna	GCF_004524875.1_ASM452487v1_genomic.fna	78.4036
GCF_001279485.1_ASM127948v1_genomic.fna	GCF_004684805.1_ASM468480v1_genomic.fna	77.8192
GCF_001279485.1_ASM127948v1_genomic.fna	GCF_005405925.1_ASM540592v1_genomic.fna	77.3937
GCF_001279485.1_ASM127948v1_genomic.fna	GCF_005519465.1_ASM551946v1_genomic.fna	78.1423
GCF_001279485.1_ASM127948v1_genomic.fna	GCF_005869865.1_ASM586986v1_genomic.fna	78.2007
GCF_001279485.1_ASM127948v1_genomic.fna	GCF_005981935.1_ASM598193v1_genomic.fna	79.676
GCF_001279485.1_ASM127948v1_genomic.fna	GCF_009862245.1_ASM986224v1_genomic.fna	78.7721
GCF_001279485.1_ASM127948v1_genomic.fna	GCF_009862405.1_ASM986240v1_genomic.fna	77.2347
GCF_001279485.1_ASM127948v1_genomic.fna	GCF_009865405.1_ASM986540v1_genomic.fna	78.5195
GCF_001279485.1_ASM127948v1_genomic.fna	GCF_010548705.1_ASM1054870v1_genomic.fna	78.9396
GCF_001279485.1_ASM127948v1_genomic.fna	GCF_014138545.1_ASM1413854v1_genomic.fna	78.5964
GCF_001279485.1_ASM127948v1_genomic.fna	GCF_014207295.1_ASM1420729v1_genomic.fna	78.4197
GCF_001279485.1_ASM127948v1_genomic.fna	GCF_014648555.1_ASM1464855v1_genomic.fna	75.1513
GCF_001279485.1_ASM127948v1_genomic.fna	GCF_014648695.1_ASM1464869v1_genomic.fna	77.8904
GCF_001279485.1_ASM127948v1_genomic.fna	GCF_014649415.1_ASM1464941v1_genomic.fna	78.6317
GCF_001279485.1_ASM127948v1_genomic.fna	GCF_014649435.1_ASM1464943v1_genomic.fna	78.2254
GCF_001279485.1_ASM127948v1_genomic.fna	GCF_014649515.1_ASM1464951v1_genomic.fna	78.3281
GCF_001280885.1_ASM128088v1_genomic.fna	GCF_001418135.1_ASM141813v1_genomic.fna	79.4876
GCF_001280885.1_ASM128088v1_genomic.fna	GCF_001418175.1_ASM141817v1_genomic.fna	78.142
GCF_001280885.1_ASM128088v1_genomic.fna	GCF_001427565.1_Root63_genomic.fna	78.6606
GCF_001280885.1_ASM128088v1_genomic.fna	GCF_001493375.1_Streptomyces_specialis_genomic.fna	76.5028
GCF_001280885.1_ASM128088v1_genomic.fna	GCF_001751255.1_ASM175125v1_genomic.fna	76.1557
GCF_001280885.1_ASM128088v1_genomic.fna	GCF_001941845.1_ASM194184v1_genomic.fna	85.0213
GCF_001280885.1_ASM128088v1_genomic.fna	GCF_001970135.1_ASM197013v1_genomic.fna	78.2093
GCF_001280885.1_ASM128088v1_genomic.fna	GCF_002300165.1_ASM230016v1_genomic.fna	78.114
GCF_001280885.1_ASM128088v1_genomic.fna	GCF_002551065.1_ASM255106v1_genomic.fna	78.7532
GCF_001280885.1_ASM128088v1_genomic.fna	GCF_003259355.1_ASM325935v1_genomic.fna	75.9625
GCF_001280885.1_ASM128088v1_genomic.fna	GCF_003977835.1_ASM397783v1_genomic.fna	77.9723
GCF_001280885.1_ASM128088v1_genomic.fna	GCF_004122755.1_ASM412275v1_genomic.fna	77.739
GCF_001280885.1_ASM128088v1_genomic.fna	GCF_004524875.1_ASM452487v1_genomic.fna	78.4062
GCF_001280885.1_ASM128088v1_genomic.fna	GCF_004684805.1_ASM468480v1_genomic.fna	77.9338
GCF_001280885.1_ASM128088v1_genomic.fna	GCF_005405925.1_ASM540592v1_genomic.fna	77.1912
GCF_001280885.1_ASM128088v1_genomic.fna	GCF_005519465.1_ASM551946v1_genomic.fna	78.1632
GCF_001280885.1_ASM128088v1_genomic.fna	GCF_005869865.1_ASM586986v1_genomic.fna	77.9926
GCF_001280885.1_ASM128088v1_genomic.fna	GCF_005981935.1_ASM598193v1_genomic.fna	79.5685
GCF_001280885.1_ASM128088v1_genomic.fna	GCF_009862245.1_ASM986224v1_genomic.fna	78.5433
GCF_001280885.1_ASM128088v1_genomic.fna	GCF_009862405.1_ASM986240v1_genomic.fna	77.0663
GCF_001280885.1_ASM128088v1_genomic.fna	GCF_009865405.1_ASM986540v1_genomic.fna	78.3828
GCF_001280885.1_ASM128088v1_genomic.fna	GCF_010548705.1_ASM1054870v1_genomic.fna	78.692
GCF_001280885.1_ASM128088v1_genomic.fna	GCF_014138545.1_ASM1413854v1_genomic.fna	78.3658
GCF_001280885.1_ASM128088v1_genomic.fna	GCF_014207295.1_ASM1420729v1_genomic.fna	78.0688
GCF_001280885.1_ASM128088v1_genomic.fna	GCF_014648555.1_ASM1464855v1_genomic.fna	75.3313
GCF_001280885.1_ASM128088v1_genomic.fna	GCF_014648695.1_ASM1464869v1_genomic.fna	77.7707
GCF_001280885.1_ASM128088v1_genomic.fna	GCF_014649415.1_ASM1464941v1_genomic.fna	78.5495
GCF_001280885.1_ASM128088v1_genomic.fna	GCF_014649435.1_ASM1464943v1_genomic.fna	78.05
GCF_001280885.1_ASM128088v1_genomic.fna	GCF_014649515.1_ASM1464951v1_genomic.fna	78.0536
GCF_001418135.1_ASM141813v1_genomic.fna	GCF_001418175.1_ASM141817v1_genomic.fna	78.6056
GCF_001418135.1_ASM141813v1_genomic.fna	GCF_001427565.1_Root63_genomic.fna	79.5198
GCF_001418135.1_ASM141813v1_genomic.fna	GCF_001493375.1_Streptomyces_specialis_genomic.fna	76.5333
GCF_001418135.1_ASM141813v1_genomic.fna	GCF_001751255.1_ASM175125v1_genomic.fna	76.3937
GCF_001418135.1_ASM141813v1_genomic.fna	GCF_001941845.1_ASM194184v1_genomic.fna	79.274
GCF_001418135.1_ASM141813v1_genomic.fna	GCF_001970135.1_ASM197013v1_genomic.fna	78.7511
GCF_001418135.1_ASM141813v1_genomic.fna	GCF_002300165.1_ASM230016v1_genomic.fna	78.8553
GCF_001418135.1_ASM141813v1_genomic.fna	GCF_002551065.1_ASM255106v1_genomic.fna	79.801
GCF_001418135.1_ASM141813v1_genomic.fna	GCF_003259355.1_ASM325935v1_genomic.fna	76.3859
GCF_001418135.1_ASM141813v1_genomic.fna	GCF_003977835.1_ASM397783v1_genomic.fna	78.5798
GCF_001418135.1_ASM141813v1_genomic.fna	GCF_004122755.1_ASM412275v1_genomic.fna	78.1531
GCF_001418135.1_ASM141813v1_genomic.fna	GCF_004524875.1_ASM452487v1_genomic.fna	79.1766
GCF_001418135.1_ASM141813v1_genomic.fna	GCF_004684805.1_ASM468480v1_genomic.fna	77.9451
GCF_001418135.1_ASM141813v1_genomic.fna	GCF_005405925.1_ASM540592v1_genomic.fna	77.5827
GCF_001418135.1_ASM141813v1_genomic.fna	GCF_005519465.1_ASM551946v1_genomic.fna	79.1832
GCF_001418135.1_ASM141813v1_genomic.fna	GCF_005869865.1_ASM586986v1_genomic.fna	78.4335
GCF_001418135.1_ASM141813v1_genomic.fna	GCF_005981935.1_ASM598193v1_genomic.fna	80.1873
GCF_001418135.1_ASM141813v1_genomic.fna	GCF_009862245.1_ASM986224v1_genomic.fna	79.5562
GCF_001418135.1_ASM141813v1_genomic.fna	GCF_009862405.1_ASM986240v1_genomic.fna	77.6431
GCF_001418135.1_ASM141813v1_genomic.fna	GCF_009865405.1_ASM986540v1_genomic.fna	79.3378
GCF_001418135.1_ASM141813v1_genomic.fna	GCF_010548705.1_ASM1054870v1_genomic.fna	79.7238
GCF_001418135.1_ASM141813v1_genomic.fna	GCF_014138545.1_ASM1413854v1_genomic.fna	78.9552
GCF_001418135.1_ASM141813v1_genomic.fna	GCF_014207295.1_ASM1420729v1_genomic.fna	78.629
GCF_001418135.1_ASM141813v1_genomic.fna	GCF_014648555.1_ASM1464855v1_genomic.fna	75.3891
GCF_001418135.1_ASM141813v1_genomic.fna	GCF_014648695.1_ASM1464869v1_genomic.fna	77.9985
GCF_001418135.1_ASM141813v1_genomic.fna	GCF_014649415.1_ASM1464941v1_genomic.fna	79.4963
GCF_001418135.1_ASM141813v1_genomic.fna	GCF_014649435.1_ASM1464943v1_genomic.fna	78.8132
GCF_001418135.1_ASM141813v1_genomic.fna	GCF_014649515.1_ASM1464951v1_genomic.fna	78.8107
GCF_001418175.1_ASM141817v1_genomic.fna	GCF_001427565.1_Root63_genomic.fna	78.2953
GCF_001418175.1_ASM141817v1_genomic.fna	GCF_001493375.1_Streptomyces_specialis_genomic.fna	76.5652
GCF_001418175.1_ASM141817v1_genomic.fna	GCF_001751255.1_ASM175125v1_genomic.fna	76.4385
GCF_001418175.1_ASM141817v1_genomic.fna	GCF_001941845.1_ASM194184v1_genomic.fna	77.8888
GCF_001418175.1_ASM141817v1_genomic.fna	GCF_001970135.1_ASM197013v1_genomic.fna	82.9634
GCF_001418175.1_ASM141817v1_genomic.fna	GCF_002300165.1_ASM230016v1_genomic.fna	81.247
GCF_001418175.1_ASM141817v1_genomic.fna	GCF_002551065.1_ASM255106v1_genomic.fna	78.3594
GCF_001418175.1_ASM141817v1_genomic.fna	GCF_003259355.1_ASM325935v1_genomic.fna	76.2287
GCF_001418175.1_ASM141817v1_genomic.fna	GCF_003977835.1_ASM397783v1_genomic.fna	84.704
GCF_001418175.1_ASM141817v1_genomic.fna	GCF_004122755.1_ASM412275v1_genomic.fna	77.9732
GCF_001418175.1_ASM141817v1_genomic.fna	GCF_004524875.1_ASM452487v1_genomic.fna	77.9279
GCF_001418175.1_ASM141817v1_genomic.fna	GCF_004684805.1_ASM468480v1_genomic.fna	77.9472
GCF_001418175.1_ASM141817v1_genomic.fna	GCF_005405925.1_ASM540592v1_genomic.fna	77.1983
GCF_001418175.1_ASM141817v1_genomic.fna	GCF_005519465.1_ASM551946v1_genomic.fna	77.8482
GCF_001418175.1_ASM141817v1_genomic.fna	GCF_005869865.1_ASM586986v1_genomic.fna	82.9336
GCF_001418175.1_ASM141817v1_genomic.fna	GCF_005981935.1_ASM598193v1_genomic.fna	78.8486
GCF_001418175.1_ASM141817v1_genomic.fna	GCF_009862245.1_ASM986224v1_genomic.fna	78.3749
GCF_001418175.1_ASM141817v1_genomic.fna	GCF_009862405.1_ASM986240v1_genomic.fna	77.3702
GCF_001418175.1_ASM141817v1_genomic.fna	GCF_009865405.1_ASM986540v1_genomic.fna	77.9454
GCF_001418175.1_ASM141817v1_genomic.fna	GCF_010548705.1_ASM1054870v1_genomic.fna	78.5897
GCF_001418175.1_ASM141817v1_genomic.fna	GCF_014138545.1_ASM1413854v1_genomic.fna	85.5231
GCF_001418175.1_ASM141817v1_genomic.fna	GCF_014207295.1_ASM1420729v1_genomic.fna	83.0227
GCF_001418175.1_ASM141817v1_genomic.fna	GCF_014648555.1_ASM1464855v1_genomic.fna	75.2381
GCF_001418175.1_ASM141817v1_genomic.fna	GCF_014648695.1_ASM1464869v1_genomic.fna	77.6983
GCF_001418175.1_ASM141817v1_genomic.fna	GCF_014649415.1_ASM1464941v1_genomic.fna	78.2609
GCF_001418175.1_ASM141817v1_genomic.fna	GCF_014649435.1_ASM1464943v1_genomic.fna	82.2818
GCF_001418175.1_ASM141817v1_genomic.fna	GCF_014649515.1_ASM1464951v1_genomic.fna	84.8681
GCF_001427565.1_Root63_genomic.fna	GCF_001493375.1_Streptomyces_specialis_genomic.fna	76.431
GCF_001427565.1_Root63_genomic.fna	GCF_001751255.1_ASM175125v1_genomic.fna	76.3367
GCF_001427565.1_Root63_genomic.fna	GCF_001941845.1_ASM194184v1_genomic.fna	78.5551
GCF_001427565.1_Root63_genomic.fna	GCF_001970135.1_ASM197013v1_genomic.fna	78.5657
GCF_001427565.1_Root63_genomic.fna	GCF_002300165.1_ASM230016v1_genomic.fna	78.5735
GCF_001427565.1_Root63_genomic.fna	GCF_002551065.1_ASM255106v1_genomic.fna	90.7732
GCF_001427565.1_Root63_genomic.fna	GCF_003259355.1_ASM325935v1_genomic.fna	75.9801
GCF_001427565.1_Root63_genomic.fna	GCF_003977835.1_ASM397783v1_genomic.fna	78.4852
GCF_001427565.1_Root63_genomic.fna	GCF_004122755.1_ASM412275v1_genomic.fna	78.1923
GCF_001427565.1_Root63_genomic.fna	GCF_004524875.1_ASM452487v1_genomic.fna	82.4226
GCF_001427565.1_Root63_genomic.fna	GCF_004684805.1_ASM468480v1_genomic.fna	77.9782
GCF_001427565.1_Root63_genomic.fna	GCF_005405925.1_ASM540592v1_genomic.fna	77.5422
GCF_001427565.1_Root63_genomic.fna	GCF_005519465.1_ASM551946v1_genomic.fna	78.6857
GCF_001427565.1_Root63_genomic.fna	GCF_005869865.1_ASM586986v1_genomic.fna	78.1766
GCF_001427565.1_Root63_genomic.fna	GCF_005981935.1_ASM598193v1_genomic.fna	80.5146
GCF_001427565.1_Root63_genomic.fna	GCF_009862245.1_ASM986224v1_genomic.fna	92.3733
GCF_001427565.1_Root63_genomic.fna	GCF_009862405.1_ASM986240v1_genomic.fna	77.3078
GCF_001427565.1_Root63_genomic.fna	GCF_009865405.1_ASM986540v1_genomic.fna	79.3847
GCF_001427565.1_Root63_genomic.fna	GCF_010548705.1_ASM1054870v1_genomic.fna	95.8872
GCF_001427565.1_Root63_genomic.fna	GCF_014138545.1_ASM1413854v1_genomic.fna	78.5706
GCF_001427565.1_Root63_genomic.fna	GCF_014207295.1_ASM1420729v1_genomic.fna	78.4609
GCF_001427565.1_Root63_genomic.fna	GCF_014648555.1_ASM1464855v1_genomic.fna	74.9215
GCF_001427565.1_Root63_genomic.fna	GCF_014648695.1_ASM1464869v1_genomic.fna	77.9095
GCF_001427565.1_Root63_genomic.fna	GCF_014649415.1_ASM1464941v1_genomic.fna	90.1789
GCF_001427565.1_Root63_genomic.fna	GCF_014649435.1_ASM1464943v1_genomic.fna	78.2349
GCF_001427565.1_Root63_genomic.fna	GCF_014649515.1_ASM1464951v1_genomic.fna	78.1756
GCF_001493375.1_Streptomyces_specialis_genomic.fna	GCF_001751255.1_ASM175125v1_genomic.fna	76.5975
GCF_001493375.1_Streptomyces_specialis_genomic.fna	GCF_001941845.1_ASM194184v1_genomic.fna	76.4721
GCF_001493375.1_Streptomyces_specialis_genomic.fna	GCF_001970135.1_ASM197013v1_genomic.fna	76.543
GCF_001493375.1_Streptomyces_specialis_genomic.fna	GCF_002300165.1_ASM230016v1_genomic.fna	76.4188
GCF_001493375.1_Streptomyces_specialis_genomic.fna	GCF_002551065.1_ASM255106v1_genomic.fna	76.5
GCF_001493375.1_Streptomyces_specialis_genomic.fna	GCF_003259355.1_ASM325935v1_genomic.fna	76.5368
GCF_001493375.1_Streptomyces_specialis_genomic.fna	GCF_003977835.1_ASM397783v1_genomic.fna	76.5572
GCF_001493375.1_Streptomyces_specialis_genomic.fna	GCF_004122755.1_ASM412275v1_genomic.fna	77.0826
GCF_001493375.1_Streptomyces_specialis_genomic.fna	GCF_004524875.1_ASM452487v1_genomic.fna	75.9101
GCF_001493375.1_Streptomyces_specialis_genomic.fna	GCF_004684805.1_ASM468480v1_genomic.fna	77.2018
GCF_001493375.1_Streptomyces_specialis_genomic.fna	GCF_005405925.1_ASM540592v1_genomic.fna	76.8603
GCF_001493375.1_Streptomyces_specialis_genomic.fna	GCF_005519465.1_ASM551946v1_genomic.fna	76.4319
GCF_001493375.1_Streptomyces_specialis_genomic.fna	GCF_005869865.1_ASM586986v1_genomic.fna	76.1449
GCF_001493375.1_Streptomyces_specialis_genomic.fna	GCF_005981935.1_ASM598193v1_genomic.fna	76.5548
GCF_001493375.1_Streptomyces_specialis_genomic.fna	GCF_009862245.1_ASM986224v1_genomic.fna	76.4406
GCF_001493375.1_Streptomyces_specialis_genomic.fna	GCF_009862405.1_ASM986240v1_genomic.fna	75.7241
GCF_001493375.1_Streptomyces_specialis_genomic.fna	GCF_009865405.1_ASM986540v1_genomic.fna	76.374
GCF_001493375.1_Streptomyces_specialis_genomic.fna	GCF_010548705.1_ASM1054870v1_genomic.fna	76.5214
GCF_001493375.1_Streptomyces_specialis_genomic.fna	GCF_014138545.1_ASM1413854v1_genomic.fna	76.9725
GCF_001493375.1_Streptomyces_specialis_genomic.fna	GCF_014207295.1_ASM1420729v1_genomic.fna	76.3867
GCF_001493375.1_Streptomyces_specialis_genomic.fna	GCF_014648555.1_ASM1464855v1_genomic.fna	74.9472
GCF_001493375.1_Streptomyces_specialis_genomic.fna	GCF_014648695.1_ASM1464869v1_genomic.fna	77.1008
GCF_001493375.1_Streptomyces_specialis_genomic.fna	GCF_014649415.1_ASM1464941v1_genomic.fna	76.2599
GCF_001493375.1_Streptomyces_specialis_genomic.fna	GCF_014649435.1_ASM1464943v1_genomic.fna	76.6795
GCF_001493375.1_Streptomyces_specialis_genomic.fna	GCF_014649515.1_ASM1464951v1_genomic.fna	76.4978
GCF_001751255.1_ASM175125v1_genomic.fna	GCF_001941845.1_ASM194184v1_genomic.fna	76.2575
GCF_001751255.1_ASM175125v1_genomic.fna	GCF_001970135.1_ASM197013v1_genomic.fna	76.3537
GCF_001751255.1_ASM175125v1_genomic.fna	GCF_002300165.1_ASM230016v1_genomic.fna	76.442
GCF_001751255.1_ASM175125v1_genomic.fna	GCF_002551065.1_ASM255106v1_genomic.fna	76.4316
GCF_001751255.1_ASM175125v1_genomic.fna	GCF_003259355.1_ASM325935v1_genomic.fna	97.4068
GCF_001751255.1_ASM175125v1_genomic.fna	GCF_003977835.1_ASM397783v1_genomic.fna	76.2938
GCF_001751255.1_ASM175125v1_genomic.fna	GCF_004122755.1_ASM412275v1_genomic.fna	76.8774
GCF_001751255.1_ASM175125v1_genomic.fna	GCF_004524875.1_ASM452487v1_genomic.fna	76.1773
GCF_001751255.1_ASM175125v1_genomic.fna	GCF_004684805.1_ASM468480v1_genomic.fna	76.8742
GCF_001751255.1_ASM175125v1_genomic.fna	GCF_005405925.1_ASM540592v1_genomic.fna	76.5099
GCF_001751255.1_ASM175125v1_genomic.fna	GCF_005519465.1_ASM551946v1_genomic.fna	76.2687
GCF_001751255.1_ASM175125v1_genomic.fna	GCF_005869865.1_ASM586986v1_genomic.fna	76.2214
GCF_001751255.1_ASM175125v1_genomic.fna	GCF_005981935.1_ASM598193v1_genomic.fna	76.93
GCF_001751255.1_ASM175125v1_genomic.fna	GCF_009862245.1_ASM986224v1_genomic.fna	76.4238
GCF_001751255.1_ASM175125v1_genomic.fna	GCF_009862405.1_ASM986240v1_genomic.fna	75.9256
GCF_001751255.1_ASM175125v1_genomic.fna	GCF_009865405.1_ASM986540v1_genomic.fna	76.2759
GCF_001751255.1_ASM175125v1_genomic.fna	GCF_010548705.1_ASM1054870v1_genomic.fna	76.5008
GCF_001751255.1_ASM175125v1_genomic.fna	GCF_014138545.1_ASM1413854v1_genomic.fna	76.5917
GCF_001751255.1_ASM175125v1_genomic.fna	GCF_014207295.1_ASM1420729v1_genomic.fna	76.3211
GCF_001751255.1_ASM175125v1_genomic.fna	GCF_014648555.1_ASM1464855v1_genomic.fna	74.4225
GCF_001751255.1_ASM175125v1_genomic.fna	GCF_014648695.1_ASM1464869v1_genomic.fna	76.7805
GCF_001751255.1_ASM175125v1_genomic.fna	GCF_014649415.1_ASM1464941v1_genomic.fna	76.3602
GCF_001751255.1_ASM175125v1_genomic.fna	GCF_014649435.1_ASM1464943v1_genomic.fna	76.6462
GCF_001751255.1_ASM175125v1_genomic.fna	GCF_014649515.1_ASM1464951v1_genomic.fna	76.4467
GCF_001941845.1_ASM194184v1_genomic.fna	GCF_001970135.1_ASM197013v1_genomic.fna	78.2
GCF_001941845.1_ASM194184v1_genomic.fna	GCF_002300165.1_ASM230016v1_genomic.fna	78.3426
GCF_001941845.1_ASM194184v1_genomic.fna	GCF_002551065.1_ASM255106v1_genomic.fna	78.9941
GCF_001941845.1_ASM194184v1_genomic.fna	GCF_003259355.1_ASM325935v1_genomic.fna	76.0625
GCF_001941845.1_ASM194184v1_genomic.fna	GCF_003977835.1_ASM397783v1_genomic.fna	78.0466
GCF_001941845.1_ASM194184v1_genomic.fna	GCF_004122755.1_ASM412275v1_genomic.fna	77.8613
GCF_001941845.1_ASM194184v1_genomic.fna	GCF_004524875.1_ASM452487v1_genomic.fna	78.6067
GCF_001941845.1_ASM194184v1_genomic.fna	GCF_004684805.1_ASM468480v1_genomic.fna	78.169
GCF_001941845.1_ASM194184v1_genomic.fna	GCF_005405925.1_ASM540592v1_genomic.fna	77.5338
GCF_001941845.1_ASM194184v1_genomic.fna	GCF_005519465.1_ASM551946v1_genomic.fna	78.5397
GCF_001941845.1_ASM194184v1_genomic.fna	GCF_005869865.1_ASM586986v1_genomic.fna	78.2779
GCF_001941845.1_ASM194184v1_genomic.fna	GCF_005981935.1_ASM598193v1_genomic.fna	79.485
GCF_001941845.1_ASM194184v1_genomic.fna	GCF_009862245.1_ASM986224v1_genomic.fna	78.9905
GCF_001941845.1_ASM194184v1_genomic.fna	GCF_009862405.1_ASM986240v1_genomic.fna	77.1343
GCF_001941845.1_ASM194184v1_genomic.fna	GCF_009865405.1_ASM986540v1_genomic.fna	78.5035
GCF_001941845.1_ASM194184v1_genomic.fna	GCF_010548705.1_ASM1054870v1_genomic.fna	78.949
GCF_001941845.1_ASM194184v1_genomic.fna	GCF_014138545.1_ASM1413854v1_genomic.fna	78.5431
GCF_001941845.1_ASM194184v1_genomic.fna	GCF_014207295.1_ASM1420729v1_genomic.fna	78.3206
GCF_001941845.1_ASM194184v1_genomic.fna	GCF_014648555.1_ASM1464855v1_genomic.fna	75.3997
GCF_001941845.1_ASM194184v1_genomic.fna	GCF_014648695.1_ASM1464869v1_genomic.fna	77.9047
GCF_001941845.1_ASM194184v1_genomic.fna	GCF_014649415.1_ASM1464941v1_genomic.fna	78.7856
GCF_001941845.1_ASM194184v1_genomic.fna	GCF_014649435.1_ASM1464943v1_genomic.fna	78.3519
GCF_001941845.1_ASM194184v1_genomic.fna	GCF_014649515.1_ASM1464951v1_genomic.fna	78.1676
GCF_001970135.1_ASM197013v1_genomic.fna	GCF_002300165.1_ASM230016v1_genomic.fna	81.7149
GCF_001970135.1_ASM197013v1_genomic.fna	GCF_002551065.1_ASM255106v1_genomic.fna	78.6082
GCF_001970135.1_ASM197013v1_genomic.fna	GCF_003259355.1_ASM325935v1_genomic.fna	76.1244
GCF_001970135.1_ASM197013v1_genomic.fna	GCF_003977835.1_ASM397783v1_genomic.fna	83.1744
GCF_001970135.1_ASM197013v1_genomic.fna	GCF_004122755.1_ASM412275v1_genomic.fna	77.8903
GCF_001970135.1_ASM197013v1_genomic.fna	GCF_004524875.1_ASM452487v1_genomic.fna	78.0485
GCF_001970135.1_ASM197013v1_genomic.fna	GCF_004684805.1_ASM468480v1_genomic.fna	77.8698
GCF_001970135.1_ASM197013v1_genomic.fna	GCF_005405925.1_ASM540592v1_genomic.fna	77.751
GCF_001970135.1_ASM197013v1_genomic.fna	GCF_005519465.1_ASM551946v1_genomic.fna	78.4001
GCF_001970135.1_ASM197013v1_genomic.fna	GCF_005869865.1_ASM586986v1_genomic.fna	83.2014
GCF_001970135.1_ASM197013v1_genomic.fna	GCF_005981935.1_ASM598193v1_genomic.fna	79.148
GCF_001970135.1_ASM197013v1_genomic.fna	GCF_009862245.1_ASM986224v1_genomic.fna	78.6154
GCF_001970135.1_ASM197013v1_genomic.fna	GCF_009862405.1_ASM986240v1_genomic.fna	77.601
GCF_001970135.1_ASM197013v1_genomic.fna	GCF_009865405.1_ASM986540v1_genomic.fna	78.1784
GCF_001970135.1_ASM197013v1_genomic.fna	GCF_010548705.1_ASM1054870v1_genomic.fna	78.7547
GCF_001970135.1_ASM197013v1_genomic.fna	GCF_014138545.1_ASM1413854v1_genomic.fna	83.8543
GCF_001970135.1_ASM197013v1_genomic.fna	GCF_014207295.1_ASM1420729v1_genomic.fna	83.45
GCF_001970135.1_ASM197013v1_genomic.fna	GCF_014648555.1_ASM1464855v1_genomic.fna	75.2683
GCF_001970135.1_ASM197013v1_genomic.fna	GCF_014648695.1_ASM1464869v1_genomic.fna	77.7867
GCF_001970135.1_ASM197013v1_genomic.fna	GCF_014649415.1_ASM1464941v1_genomic.fna	78.3777
GCF_001970135.1_ASM197013v1_genomic.fna	GCF_014649435.1_ASM1464943v1_genomic.fna	82.8682
GCF_001970135.1_ASM197013v1_genomic.fna	GCF_014649515.1_ASM1464951v1_genomic.fna	83.2526
GCF_002300165.1_ASM230016v1_genomic.fna	GCF_002551065.1_ASM255106v1_genomic.fna	78.8748
GCF_002300165.1_ASM230016v1_genomic.fna	GCF_003259355.1_ASM325935v1_genomic.fna	76.2636
GCF_002300165.1_ASM230016v1_genomic.fna	GCF_003977835.1_ASM397783v1_genomic.fna	81.566
GCF_002300165.1_ASM230016v1_genomic.fna	GCF_004122755.1_ASM412275v1_genomic.fna	77.7506
GCF_002300165.1_ASM230016v1_genomic.fna	GCF_004524875.1_ASM452487v1_genomic.fna	78.3629
GCF_002300165.1_ASM230016v1_genomic.fna	GCF_004684805.1_ASM468480v1_genomic.fna	77.7259
GCF_002300165.1_ASM230016v1_genomic.fna	GCF_005405925.1_ASM540592v1_genomic.fna	77.5255
GCF_002300165.1_ASM230016v1_genomic.fna	GCF_005519465.1_ASM551946v1_genomic.fna	78.2563
GCF_002300165.1_ASM230016v1_genomic.fna	GCF_005869865.1_ASM586986v1_genomic.fna	81.7132
GCF_002300165.1_ASM230016v1_genomic.fna	GCF_005981935.1_ASM598193v1_genomic.fna	79.5769
GCF_002300165.1_ASM230016v1_genomic.fna	GCF_009862245.1_ASM986224v1_genomic.fna	78.6561
GCF_002300165.1_ASM230016v1_genomic.fna	GCF_009862405.1_ASM986240v1_genomic.fna	77.7556
GCF_002300165.1_ASM230016v1_genomic.fna	GCF_009865405.1_ASM986540v1_genomic.fna	78.4023
GCF_002300165.1_ASM230016v1_genomic.fna	GCF_010548705.1_ASM1054870v1_genomic.fna	78.7593
GCF_002300165.1_ASM230016v1_genomic.fna	GCF_014138545.1_ASM1413854v1_genomic.fna	82.1572
GCF_002300165.1_ASM230016v1_genomic.fna	GCF_014207295.1_ASM1420729v1_genomic.fna	82.0288
GCF_002300165.1_ASM230016v1_genomic.fna	GCF_014648555.1_ASM1464855v1_genomic.fna	74.8382
GCF_002300165.1_ASM230016v1_genomic.fna	GCF_014648695.1_ASM1464869v1_genomic.fna	77.8349
GCF_002300165.1_ASM230016v1_genomic.fna	GCF_014649415.1_ASM1464941v1_genomic.fna	78.5833
GCF_002300165.1_ASM230016v1_genomic.fna	GCF_014649435.1_ASM1464943v1_genomic.fna	82.2083
GCF_002300165.1_ASM230016v1_genomic.fna	GCF_014649515.1_ASM1464951v1_genomic.fna	81.5807
GCF_002551065.1_ASM255106v1_genomic.fna	GCF_003259355.1_ASM325935v1_genomic.fna	76.3567
GCF_002551065.1_ASM255106v1_genomic.fna	GCF_003977835.1_ASM397783v1_genomic.fna	78.4173
GCF_002551065.1_ASM255106v1_genomic.fna	GCF_004122755.1_ASM412275v1_genomic.fna	78.1824
GCF_002551065.1_ASM255106v1_genomic.fna	GCF_004524875.1_ASM452487v1_genomic.fna	82.5911
GCF_002551065.1_ASM255106v1_genomic.fna	GCF_004684805.1_ASM468480v1_genomic.fna	78.2399
GCF_002551065.1_ASM255106v1_genomic.fna	GCF_005405925.1_ASM540592v1_genomic.fna	77.8878
GCF_002551065.1_ASM255106v1_genomic.fna	GCF_005519465.1_ASM551946v1_genomic.fna	78.8444
GCF_002551065.1_ASM255106v1_genomic.fna	GCF_005869865.1_ASM586986v1_genomic.fna	78.3252
GCF_002551065.1_ASM255106v1_genomic.fna	GCF_005981935.1_ASM598193v1_genomic.fna	80.722
GCF_002551065.1_ASM255106v1_genomic.fna	GCF_009862245.1_ASM986224v1_genomic.fna	90.4745
GCF_002551065.1_ASM255106v1_genomic.fna	GCF_009862405.1_ASM986240v1_genomic.fna	77.4506
GCF_002551065.1_ASM255106v1_genomic.fna	GCF_009865405.1_ASM986540v1_genomic.fna	79.4956
GCF_002551065.1_ASM255106v1_genomic.fna	GCF_010548705.1_ASM1054870v1_genomic.fna	90.7788
GCF_002551065.1_ASM255106v1_genomic.fna	GCF_014138545.1_ASM1413854v1_genomic.fna	78.7314
GCF_002551065.1_ASM255106v1_genomic.fna	GCF_014207295.1_ASM1420729v1_genomic.fna	78.516
GCF_002551065.1_ASM255106v1_genomic.fna	GCF_014648555.1_ASM1464855v1_genomic.fna	74.9568
GCF_002551065.1_ASM255106v1_genomic.fna	GCF_014648695.1_ASM1464869v1_genomic.fna	78.1313
GCF_002551065.1_ASM255106v1_genomic.fna	GCF_014649415.1_ASM1464941v1_genomic.fna	93.7096
GCF_002551065.1_ASM255106v1_genomic.fna	GCF_014649435.1_ASM1464943v1_genomic.fna	78.6762
GCF_002551065.1_ASM255106v1_genomic.fna	GCF_014649515.1_ASM1464951v1_genomic.fna	78.4779
GCF_003259355.1_ASM325935v1_genomic.fna	GCF_003977835.1_ASM397783v1_genomic.fna	76.1062
GCF_003259355.1_ASM325935v1_genomic.fna	GCF_004122755.1_ASM412275v1_genomic.fna	76.8486
GCF_003259355.1_ASM325935v1_genomic.fna	GCF_004524875.1_ASM452487v1_genomic.fna	76.0303
GCF_003259355.1_ASM325935v1_genomic.fna	GCF_004684805.1_ASM468480v1_genomic.fna	76.8669
GCF_003259355.1_ASM325935v1_genomic.fna	GCF_005405925.1_ASM540592v1_genomic.fna	76.4516
GCF_003259355.1_ASM325935v1_genomic.fna	GCF_005519465.1_ASM551946v1_genomic.fna	76.1685
GCF_003259355.1_ASM325935v1_genomic.fna	GCF_005869865.1_ASM586986v1_genomic.fna	76.0733
GCF_003259355.1_ASM325935v1_genomic.fna	GCF_005981935.1_ASM598193v1_genomic.fna	76.7748
GCF_003259355.1_ASM325935v1_genomic.fna	GCF_009862245.1_ASM986224v1_genomic.fna	76.3681
GCF_003259355.1_ASM325935v1_genomic.fna	GCF_009862405.1_ASM986240v1_genomic.fna	75.6943
GCF_003259355.1_ASM325935v1_genomic.fna	GCF_009865405.1_ASM986540v1_genomic.fna	76.2773
GCF_003259355.1_ASM325935v1_genomic.fna	GCF_010548705.1_ASM1054870v1_genomic.fna	76.4186
GCF_003259355.1_ASM325935v1_genomic.fna	GCF_014138545.1_ASM1413854v1_genomic.fna	76.3922
GCF_003259355.1_ASM325935v1_genomic.fna	GCF_014207295.1_ASM1420729v1_genomic.fna	76.1308
GCF_003259355.1_ASM325935v1_genomic.fna	GCF_014648555.1_ASM1464855v1_genomic.fna	74.4378
GCF_003259355.1_ASM325935v1_genomic.fna	GCF_014648695.1_ASM1464869v1_genomic.fna	76.5553
GCF_003259355.1_ASM325935v1_genomic.fna	GCF_014649415.1_ASM1464941v1_genomic.fna	76.1388
GCF_003259355.1_ASM325935v1_genomic.fna	GCF_014649435.1_ASM1464943v1_genomic.fna	76.2191
GCF_003259355.1_ASM325935v1_genomic.fna	GCF_014649515.1_ASM1464951v1_genomic.fna	76.0617
GCF_003977835.1_ASM397783v1_genomic.fna	GCF_004122755.1_ASM412275v1_genomic.fna	77.817
GCF_003977835.1_ASM397783v1_genomic.fna	GCF_004524875.1_ASM452487v1_genomic.fna	77.8546
GCF_003977835.1_ASM397783v1_genomic.fna	GCF_004684805.1_ASM468480v1_genomic.fna	77.9036
GCF_003977835.1_ASM397783v1_genomic.fna	GCF_005405925.1_ASM540592v1_genomic.fna	77.4251
GCF_003977835.1_ASM397783v1_genomic.fna	GCF_005519465.1_ASM551946v1_genomic.fna	78.0633
GCF_003977835.1_ASM397783v1_genomic.fna	GCF_005869865.1_ASM586986v1_genomic.fna	83.3876
GCF_003977835.1_ASM397783v1_genomic.fna	GCF_005981935.1_ASM598193v1_genomic.fna	78.9391
GCF_003977835.1_ASM397783v1_genomic.fna	GCF_009862245.1_ASM986224v1_genomic.fna	78.3685
GCF_003977835.1_ASM397783v1_genomic.fna	GCF_009862405.1_ASM986240v1_genomic.fna	77.4938
GCF_003977835.1_ASM397783v1_genomic.fna	GCF_009865405.1_ASM986540v1_genomic.fna	78.0012
GCF_003977835.1_ASM397783v1_genomic.fna	GCF_010548705.1_ASM1054870v1_genomic.fna	78.4786
GCF_003977835.1_ASM397783v1_genomic.fna	GCF_014138545.1_ASM1413854v1_genomic.fna	87.4508
GCF_003977835.1_ASM397783v1_genomic.fna	GCF_014207295.1_ASM1420729v1_genomic.fna	83.6531
GCF_003977835.1_ASM397783v1_genomic.fna	GCF_014648555.1_ASM1464855v1_genomic.fna	75.2384
GCF_003977835.1_ASM397783v1_genomic.fna	GCF_014648695.1_ASM1464869v1_genomic.fna	77.6812
GCF_003977835.1_ASM397783v1_genomic.fna	GCF_014649415.1_ASM1464941v1_genomic.fna	78.2883
GCF_003977835.1_ASM397783v1_genomic.fna	GCF_014649435.1_ASM1464943v1_genomic.fna	82.9831
GCF_003977835.1_ASM397783v1_genomic.fna	GCF_014649515.1_ASM1464951v1_genomic.fna	88.0441
GCF_004122755.1_ASM412275v1_genomic.fna	GCF_004524875.1_ASM452487v1_genomic.fna	77.7769
GCF_004122755.1_ASM412275v1_genomic.fna	GCF_004684805.1_ASM468480v1_genomic.fna	79.1878
GCF_004122755.1_ASM412275v1_genomic.fna	GCF_005405925.1_ASM540592v1_genomic.fna	78.7379
GCF_004122755.1_ASM412275v1_genomic.fna	GCF_005519465.1_ASM551946v1_genomic.fna	77.8621
GCF_004122755.1_ASM412275v1_genomic.fna	GCF_005869865.1_ASM586986v1_genomic.fna	77.5533
GCF_004122755.1_ASM412275v1_genomic.fna	GCF_005981935.1_ASM598193v1_genomic.fna	78.6803
GCF_004122755.1_ASM412275v1_genomic.fna	GCF_009862245.1_ASM986224v1_genomic.fna	78.1256
GCF_004122755.1_ASM412275v1_genomic.fna	GCF_009862405.1_ASM986240v1_genomic.fna	76.9702
GCF_004122755.1_ASM412275v1_genomic.fna	GCF_009865405.1_ASM986540v1_genomic.fna	78.0091
GCF_004122755.1_ASM412275v1_genomic.fna	GCF_010548705.1_ASM1054870v1_genomic.fna	78.2231
GCF_004122755.1_ASM412275v1_genomic.fna	GCF_014138545.1_ASM1413854v1_genomic.fna	78.3065
GCF_004122755.1_ASM412275v1_genomic.fna	GCF_014207295.1_ASM1420729v1_genomic.fna	77.8853
GCF_004122755.1_ASM412275v1_genomic.fna	GCF_014648555.1_ASM1464855v1_genomic.fna	75.3837
GCF_004122755.1_ASM412275v1_genomic.fna	GCF_014648695.1_ASM1464869v1_genomic.fna	84.713
GCF_004122755.1_ASM412275v1_genomic.fna	GCF_014649415.1_ASM1464941v1_genomic.fna	78.0694
GCF_004122755.1_ASM412275v1_genomic.fna	GCF_014649435.1_ASM1464943v1_genomic.fna	77.8767
GCF_004122755.1_ASM412275v1_genomic.fna	GCF_014649515.1_ASM1464951v1_genomic.fna	77.9375
GCF_004524875.1_ASM452487v1_genomic.fna	GCF_004684805.1_ASM468480v1_genomic.fna	77.7437
GCF_004524875.1_ASM452487v1_genomic.fna	GCF_005405925.1_ASM540592v1_genomic.fna	77.5473
GCF_004524875.1_ASM452487v1_genomic.fna	GCF_005519465.1_ASM551946v1_genomic.fna	78.3362
GCF_004524875.1_ASM452487v1_genomic.fna	GCF_005869865.1_ASM586986v1_genomic.fna	77.9645
GCF_004524875.1_ASM452487v1_genomic.fna	GCF_005981935.1_ASM598193v1_genomic.fna	80.377
GCF_004524875.1_ASM452487v1_genomic.fna	GCF_009862245.1_ASM986224v1_genomic.fna	82.5064
GCF_004524875.1_ASM452487v1_genomic.fna	GCF_009862405.1_ASM986240v1_genomic.fna	77.0437
GCF_004524875.1_ASM452487v1_genomic.fna	GCF_009865405.1_ASM986540v1_genomic.fna	79.3321
GCF_004524875.1_ASM452487v1_genomic.fna	GCF_010548705.1_ASM1054870v1_genomic.fna	82.672
GCF_004524875.1_ASM452487v1_genomic.fna	GCF_014138545.1_ASM1413854v1_genomic.fna	78.4347
GCF_004524875.1_ASM452487v1_genomic.fna	GCF_014207295.1_ASM1420729v1_genomic.fna	78.0228
GCF_004524875.1_ASM452487v1_genomic.fna	GCF_014648555.1_ASM1464855v1_genomic.fna	74.7942
GCF_004524875.1_ASM452487v1_genomic.fna	GCF_014648695.1_ASM1464869v1_genomic.fna	77.82
GCF_004524875.1_ASM452487v1_genomic.fna	GCF_014649415.1_ASM1464941v1_genomic.fna	82.1943
GCF_004524875.1_ASM452487v1_genomic.fna	GCF_014649435.1_ASM1464943v1_genomic.fna	77.9767
GCF_004524875.1_ASM452487v1_genomic.fna	GCF_014649515.1_ASM1464951v1_genomic.fna	78.0142
GCF_004684805.1_ASM468480v1_genomic.fna	GCF_005405925.1_ASM540592v1_genomic.fna	80.0583
GCF_004684805.1_ASM468480v1_genomic.fna	GCF_005519465.1_ASM551946v1_genomic.fna	78.0332
GCF_004684805.1_ASM468480v1_genomic.fna	GCF_005869865.1_ASM586986v1_genomic.fna	77.6127
GCF_004684805.1_ASM468480v1_genomic.fna	GCF_005981935.1_ASM598193v1_genomic.fna	78.5923
GCF_004684805.1_ASM468480v1_genomic.fna	GCF_009862245.1_ASM986224v1_genomic.fna	77.9699
GCF_004684805.1_ASM468480v1_genomic.fna	GCF_009862405.1_ASM986240v1_genomic.fna	76.6432
GCF_004684805.1_ASM468480v1_genomic.fna	GCF_009865405.1_ASM986540v1_genomic.fna	77.7281
GCF_004684805.1_ASM468480v1_genomic.fna	GCF_010548705.1_ASM1054870v1_genomic.fna	78.1586
GCF_004684805.1_ASM468480v1_genomic.fna	GCF_014138545.1_ASM1413854v1_genomic.fna	78.4254
GCF_004684805.1_ASM468480v1_genomic.fna	GCF_014207295.1_ASM1420729v1_genomic.fna	77.8489
GCF_004684805.1_ASM468480v1_genomic.fna	GCF_014648555.1_ASM1464855v1_genomic.fna	75.8265
GCF_004684805.1_ASM468480v1_genomic.fna	GCF_014648695.1_ASM1464869v1_genomic.fna	79.0299
GCF_004684805.1_ASM468480v1_genomic.fna	GCF_014649415.1_ASM1464941v1_genomic.fna	78.1406
GCF_004684805.1_ASM468480v1_genomic.fna	GCF_014649435.1_ASM1464943v1_genomic.fna	78.1905
GCF_004684805.1_ASM468480v1_genomic.fna	GCF_014649515.1_ASM1464951v1_genomic.fna	78.1058
GCF_005405925.1_ASM540592v1_genomic.fna	GCF_005519465.1_ASM551946v1_genomic.fna	77.4075
GCF_005405925.1_ASM540592v1_genomic.fna	GCF_005869865.1_ASM586986v1_genomic.fna	77.3687
GCF_005405925.1_ASM540592v1_genomic.fna	GCF_005981935.1_ASM598193v1_genomic.fna	78.2685
GCF_005405925.1_ASM540592v1_genomic.fna	GCF_009862245.1_ASM986224v1_genomic.fna	77.6848
GCF_005405925.1_ASM540592v1_genomic.fna	GCF_009862405.1_ASM986240v1_genomic.fna	76.3364
GCF_005405925.1_ASM540592v1_genomic.fna	GCF_009865405.1_ASM986540v1_genomic.fna	77.4181
GCF_005405925.1_ASM540592v1_genomic.fna	GCF_010548705.1_ASM1054870v1_genomic.fna	77.7514
GCF_005405925.1_ASM540592v1_genomic.fna	GCF_014138545.1_ASM1413854v1_genomic.fna	77.6957
GCF_005405925.1_ASM540592v1_genomic.fna	GCF_014207295.1_ASM1420729v1_genomic.fna	77.4431
GCF_005405925.1_ASM540592v1_genomic.fna	GCF_014648555.1_ASM1464855v1_genomic.fna	75.0549
GCF_005405925.1_ASM540592v1_genomic.fna	GCF_014648695.1_ASM1464869v1_genomic.fna	78.6804
GCF_005405925.1_ASM540592v1_genomic.fna	GCF_014649415.1_ASM1464941v1_genomic.fna	77.5551
GCF_005405925.1_ASM540592v1_genomic.fna	GCF_014649435.1_ASM1464943v1_genomic.fna	77.6243
GCF_005405925.1_ASM540592v1_genomic.fna	GCF_014649515.1_ASM1464951v1_genomic.fna	77.5377
GCF_005519465.1_ASM551946v1_genomic.fna	GCF_005869865.1_ASM586986v1_genomic.fna	77.7479
GCF_005519465.1_ASM551946v1_genomic.fna	GCF_005981935.1_ASM598193v1_genomic.fna	79.2208
GCF_005519465.1_ASM551946v1_genomic.fna	GCF_009862245.1_ASM986224v1_genomic.fna	78.6701
GCF_005519465.1_ASM551946v1_genomic.fna	GCF_009862405.1_ASM986240v1_genomic.fna	76.8518
GCF_005519465.1_ASM551946v1_genomic.fna	GCF_009865405.1_ASM986540v1_genomic.fna	78.9018
GCF_005519465.1_ASM551946v1_genomic.fna	GCF_010548705.1_ASM1054870v1_genomic.fna	78.8527
GCF_005519465.1_ASM551946v1_genomic.fna	GCF_014138545.1_ASM1413854v1_genomic.fna	78.3018
GCF_005519465.1_ASM551946v1_genomic.fna	GCF_014207295.1_ASM1420729v1_genomic.fna	77.826
GCF_005519465.1_ASM551946v1_genomic.fna	GCF_014648555.1_ASM1464855v1_genomic.fna	75.0327
GCF_005519465.1_ASM551946v1_genomic.fna	GCF_014648695.1_ASM1464869v1_genomic.fna	77.7605
GCF_005519465.1_ASM551946v1_genomic.fna	GCF_014649415.1_ASM1464941v1_genomic.fna	78.4956
GCF_005519465.1_ASM551946v1_genomic.fna	GCF_014649435.1_ASM1464943v1_genomic.fna	78.1551
GCF_005519465.1_ASM551946v1_genomic.fna	GCF_014649515.1_ASM1464951v1_genomic.fna	78.0923
GCF_005869865.1_ASM586986v1_genomic.fna	GCF_005981935.1_ASM598193v1_genomic.fna	78.9741
GCF_005869865.1_ASM586986v1_genomic.fna	GCF_009862245.1_ASM986224v1_genomic.fna	78.2004
GCF_005869865.1_ASM586986v1_genomic.fna	GCF_009862405.1_ASM986240v1_genomic.fna	77.0967
GCF_005869865.1_ASM586986v1_genomic.fna	GCF_009865405.1_ASM986540v1_genomic.fna	78.0
GCF_005869865.1_ASM586986v1_genomic.fna	GCF_010548705.1_ASM1054870v1_genomic.fna	78.4738
GCF_005869865.1_ASM586986v1_genomic.fna	GCF_014138545.1_ASM1413854v1_genomic.fna	84.1741
GCF_005869865.1_ASM586986v1_genomic.fna	GCF_014207295.1_ASM1420729v1_genomic.fna	91.9437
GCF_005869865.1_ASM586986v1_genomic.fna	GCF_014648555.1_ASM1464855v1_genomic.fna	75.0469
GCF_005869865.1_ASM586986v1_genomic.fna	GCF_014648695.1_ASM1464869v1_genomic.fna	77.4814
GCF_005869865.1_ASM586986v1_genomic.fna	GCF_014649415.1_ASM1464941v1_genomic.fna	78.1816
GCF_005869865.1_ASM586986v1_genomic.fna	GCF_014649435.1_ASM1464943v1_genomic.fna	83.2444
GCF_005869865.1_ASM586986v1_genomic.fna	GCF_014649515.1_ASM1464951v1_genomic.fna	83.3901
GCF_005981935.1_ASM598193v1_genomic.fna	GCF_009862245.1_ASM986224v1_genomic.fna	80.4772
GCF_005981935.1_ASM598193v1_genomic.fna	GCF_009862405.1_ASM986240v1_genomic.fna	78.0074
GCF_005981935.1_ASM598193v1_genomic.fna	GCF_009865405.1_ASM986540v1_genomic.fna	80.3176
GCF_005981935.1_ASM598193v1_genomic.fna	GCF_010548705.1_ASM1054870v1_genomic.fna	80.5531
GCF_005981935.1_ASM598193v1_genomic.fna	GCF_014138545.1_ASM1413854v1_genomic.fna	79.3865
GCF_005981935.1_ASM598193v1_genomic.fna	GCF_014207295.1_ASM1420729v1_genomic.fna	79.0756
GCF_005981935.1_ASM598193v1_genomic.fna	GCF_014648555.1_ASM1464855v1_genomic.fna	75.4785
GCF_005981935.1_ASM598193v1_genomic.fna	GCF_014648695.1_ASM1464869v1_genomic.fna	78.6478
GCF_005981935.1_ASM598193v1_genomic.fna	GCF_014649415.1_ASM1464941v1_genomic.fna	80.4354
GCF_005981935.1_ASM598193v1_genomic.fna	GCF_014649435.1_ASM1464943v1_genomic.fna	79.0915
GCF_005981935.1_ASM598193v1_genomic.fna	GCF_014649515.1_ASM1464951v1_genomic.fna	79.0465
GCF_009862245.1_ASM986224v1_genomic.fna	GCF_009862405.1_ASM986240v1_genomic.fna	77.3905
GCF_009862245.1_ASM986224v1_genomic.fna	GCF_009865405.1_ASM986540v1_genomic.fna	79.5074
GCF_009862245.1_ASM986224v1_genomic.fna	GCF_010548705.1_ASM1054870v1_genomic.fna	92.2623
GCF_009862245.1_ASM986224v1_genomic.fna	GCF_014138545.1_ASM1413854v1_genomic.fna	78.6582
GCF_009862245.1_ASM986224v1_genomic.fna	GCF_014207295.1_ASM1420729v1_genomic.fna	78.4898
GCF_009862245.1_ASM986224v1_genomic.fna	GCF_014648555.1_ASM1464855v1_genomic.fna	74.9263
GCF_009862245.1_ASM986224v1_genomic.fna	GCF_014648695.1_ASM1464869v1_genomic.fna	78.0755
GCF_009862245.1_ASM986224v1_genomic.fna	GCF_014649415.1_ASM1464941v1_genomic.fna	89.7779
GCF_009862245.1_ASM986224v1_genomic.fna	GCF_014649435.1_ASM1464943v1_genomic.fna	78.5097
GCF_009862245.1_ASM986224v1_genomic.fna	GCF_014649515.1_ASM1464951v1_genomic.fna	78.3261
GCF_009862405.1_ASM986240v1_genomic.fna	GCF_009865405.1_ASM986540v1_genomic.fna	77.1379
GCF_009862405.1_ASM986240v1_genomic.fna	GCF_010548705.1_ASM1054870v1_genomic.fna	77.5089
GCF_009862405.1_ASM986240v1_genomic.fna	GCF_014138545.1_ASM1413854v1_genomic.fna	77.7403
GCF_009862405.1_ASM986240v1_genomic.fna	GCF_014207295.1_ASM1420729v1_genomic.fna	77.5545
GCF_009862405.1_ASM986240v1_genomic.fna	GCF_014648555.1_ASM1464855v1_genomic.fna	74.8233
GCF_009862405.1_ASM986240v1_genomic.fna	GCF_014648695.1_ASM1464869v1_genomic.fna	76.8001
GCF_009862405.1_ASM986240v1_genomic.fna	GCF_014649415.1_ASM1464941v1_genomic.fna	77.3528
GCF_009862405.1_ASM986240v1_genomic.fna	GCF_014649435.1_ASM1464943v1_genomic.fna	77.3794
GCF_009862405.1_ASM986240v1_genomic.fna	GCF_014649515.1_ASM1464951v1_genomic.fna	77.4584
GCF_009865405.1_ASM986540v1_genomic.fna	GCF_010548705.1_ASM1054870v1_genomic.fna	79.6755
GCF_009865405.1_ASM986540v1_genomic.fna	GCF_014138545.1_ASM1413854v1_genomic.fna	78.4186
GCF_009865405.1_ASM986540v1_genomic.fna	GCF_014207295.1_ASM1420729v1_genomic.fna	78.1995
GCF_009865405.1_ASM986540v1_genomic.fna	GCF_014648555.1_ASM1464855v1_genomic.fna	74.9681
GCF_009865405.1_ASM986540v1_genomic.fna	GCF_014648695.1_ASM1464869v1_genomic.fna	77.7069
GCF_009865405.1_ASM986540v1_genomic.fna	GCF_014649415.1_ASM1464941v1_genomic.fna	79.4907
GCF_009865405.1_ASM986540v1_genomic.fna	GCF_014649435.1_ASM1464943v1_genomic.fna	78.3099
GCF_009865405.1_ASM986540v1_genomic.fna	GCF_014649515.1_ASM1464951v1_genomic.fna	78.1377
GCF_010548705.1_ASM1054870v1_genomic.fna	GCF_014138545.1_ASM1413854v1_genomic.fna	78.5024
GCF_010548705.1_ASM1054870v1_genomic.fna	GCF_014207295.1_ASM1420729v1_genomic.fna	78.749
GCF_010548705.1_ASM1054870v1_genomic.fna	GCF_014648555.1_ASM1464855v1_genomic.fna	75.0788
GCF_010548705.1_ASM1054870v1_genomic.fna	GCF_014648695.1_ASM1464869v1_genomic.fna	78.1042
GCF_010548705.1_ASM1054870v1_genomic.fna	GCF_014649415.1_ASM1464941v1_genomic.fna	90.144
GCF_010548705.1_ASM1054870v1_genomic.fna	GCF_014649435.1_ASM1464943v1_genomic.fna	78.4498
GCF_010548705.1_ASM1054870v1_genomic.fna	GCF_014649515.1_ASM1464951v1_genomic.fna	78.3735
GCF_014138545.1_ASM1413854v1_genomic.fna	GCF_014207295.1_ASM1420729v1_genomic.fna	84.4545
GCF_014138545.1_ASM1413854v1_genomic.fna	GCF_014648555.1_ASM1464855v1_genomic.fna	75.6539
GCF_014138545.1_ASM1413854v1_genomic.fna	GCF_014648695.1_ASM1464869v1_genomic.fna	77.9054
GCF_014138545.1_ASM1413854v1_genomic.fna	GCF_014649415.1_ASM1464941v1_genomic.fna	78.5631
GCF_014138545.1_ASM1413854v1_genomic.fna	GCF_014649435.1_ASM1464943v1_genomic.fna	83.5668
GCF_014138545.1_ASM1413854v1_genomic.fna	GCF_014649515.1_ASM1464951v1_genomic.fna	87.4617
GCF_014207295.1_ASM1420729v1_genomic.fna	GCF_014648555.1_ASM1464855v1_genomic.fna	75.185
GCF_014207295.1_ASM1420729v1_genomic.fna	GCF_014648695.1_ASM1464869v1_genomic.fna	77.8108
GCF_014207295.1_ASM1420729v1_genomic.fna	GCF_014649415.1_ASM1464941v1_genomic.fna	78.3048
GCF_014207295.1_ASM1420729v1_genomic.fna	GCF_014649435.1_ASM1464943v1_genomic.fna	83.4845
GCF_014207295.1_ASM1420729v1_genomic.fna	GCF_014649515.1_ASM1464951v1_genomic.fna	83.7406
GCF_014648555.1_ASM1464855v1_genomic.fna	GCF_014648695.1_ASM1464869v1_genomic.fna	75.4629
GCF_014648555.1_ASM1464855v1_genomic.fna	GCF_014649415.1_ASM1464941v1_genomic.fna	75.0686
GCF_014648555.1_ASM1464855v1_genomic.fna	GCF_014649435.1_ASM1464943v1_genomic.fna	75.3887
GCF_014648555.1_ASM1464855v1_genomic.fna	GCF_014649515.1_ASM1464951v1_genomic.fna	75.4137
GCF_014648695.1_ASM1464869v1_genomic.fna	GCF_014649415.1_ASM1464941v1_genomic.fna	77.9561
GCF_014648695.1_ASM1464869v1_genomic.fna	GCF_014649435.1_ASM1464943v1_genomic.fna	77.9205
GCF_014648695.1_ASM1464869v1_genomic.fna	GCF_014649515.1_ASM1464951v1_genomic.fna	77.8139
GCF_014649415.1_ASM1464941v1_genomic.fna	GCF_014649435.1_ASM1464943v1_genomic.fna	78.1874
GCF_014649415.1_ASM1464941v1_genomic.fna	GCF_014649515.1_ASM1464951v1_genomic.fna	78.1759
GCF_014649435.1_ASM1464943v1_genomic.fna	GCF_014649515.1_ASM1464951v1_genomic.fna	82.8263
